{"stats":{"minecraft:killed":{"minecraft:spider":6,"majruszsdifficulty:cursed_armor":1,"mutantmonsters:mutant_skeleton":1,"spore:inf_villager":1,"minecraft:horse":1,"minecraft:zombie":26,"spore:inf_human":1,"minecraft:stray":1},"minecraft:killed_by":{"midnightlurker:void_hands":1,"spore:inf_player":1,"spore:inf_drowned":2,"minecraft:wolf":1,"mutantmonsters:mutant_skeleton":9,"minecraft:skeleton":1,"minecraft:stray":1,"minecraft:creeper":1,"cave_dweller:cave_dweller":1},"minecraft:broken":{"minecraft:stone_pickaxe":1},"minecraft:dropped":{"minecraft:stone_axe":1,"minecraft:porkchop":4,"minecraft:wheat_seeds":5,"biomesoplenty:cherry_planks":18,"minecraft:cobbled_deepslate":4,"minecraft:cobblestone":53,"minecraft:rotten_flesh":2,"minecraft:oak_planks":1,"minecraft:granite":22,"spore:mutated_fiber":1,"minecraft:spruce_door":1,"minecraft:bone":1},"minecraft:used":{"minecraft:stone_pickaxe":213,"minecraft:oak_planks":19,"minecraft:wooden_pickaxe":24,"minecraft:iron_sword":91,"minecraft:torch":84,"minecraft:dirt":7,"minecraft:crafting_table":4,"minecraft:wooden_axe":4,"minecraft:stone_axe":7,"minecraft:wooden_sword":20,"minecraft:cobblestone":71,"minecraft:porkchop":7,"biomesoplenty:blue_hydrangea":1,"minecraft:cooked_beef":3},"minecraft:picked_up":{"minecraft:charcoal":1,"minecraft:crafting_table":4,"minecraft:lilac":1,"minecraft:wooden_pickaxe":1,"minecraft:birch_planks":12,"minecraft:potion":1,"minecraft:oak_log":29,"minecraft:prismarine_bricks":5,"minecraft:dirt":75,"minecraft:string":2,"minecraft:wooden_sword":1,"minecraft:bone":1,"minecraft:stone_bricks":1,"minecraft:cracked_stone_bricks":1,"minecraft:wheat_seeds":13,"minecraft:cobbled_deepslate":4,"spore:mutated_fiber":17,"biomesoplenty:cherry_planks":36,"minecraft:oak_planks":20,"spore:cerebrum":1,"minecraft:tipped_arrow":1,"minecraft:stick":6,"minecraft:raw_iron":6,"minecraft:chiseled_stone_bricks":2,"minecraft:copper_ingot":1,"minecraft:torch":11,"minecraft:oak_pressure_plate":1,"minecraft:porkchop":12,"minecraft:spruce_sapling":1,"minecraft:mossy_cobblestone":2,"minecraft:spruce_door":2,"biomesoplenty:blue_hydrangea":1,"minecraft:rotten_flesh":11,"minecraft:stone_axe":1,"minecraft:peony":1,"minecraft:granite":44,"minecraft:gold_ingot":5,"biomesoplenty:pink_cherry_sapling":2,"minecraft:iron_bars":7,"minecraft:coal":25,"minecraft:cobblestone":222},"minecraft:crafted":{"minecraft:wooden_sword":1,"minecraft:oak_planks":56,"minecraft:crafting_table":3,"minecraft:wooden_pickaxe":2,"minecraft:stick":28,"minecraft:stone_pickaxe":2,"minecraft:wooden_axe":1,"minecraft:torch":80},"minecraft:mined":{"minecraft:mossy_cobblestone":1,"minecraft:crafting_table":3,"minecraft:torch":2,"minecraft:granite":22,"minecraft:grass_block":1,"minecraft:oak_pressure_plate":1,"minecraft:tall_grass":1,"minecraft:cobblestone":13,"biomesoplenty:sprout":2,"minecraft:kelp":1,"minecraft:wall_torch":1,"minecraft:chiseled_stone_bricks":2,"minecraft:prismarine_bricks":5,"minecraft:seagrass":2,"minecraft:tall_seagrass":2,"biomesoplenty:blue_hydrangea":1,"minecraft:iron_ore":6,"minecraft:lilac":1,"biomesoplenty:maple_leaves":16,"minecraft:peony":1,"minecraft:mossy_stone_brick_stairs":1,"minecraft:grass":14,"biomesoplenty:clover":5,"minecraft:oak_log":29,"minecraft:coal_ore":25,"minecraft:iron_bars":7,"minecraft:dirt":5,"minecraft:cracked_stone_bricks":1,"minecraft:stone":134,"minecraft:stone_bricks":1,"minecraft:mossy_stone_bricks":1,"minecraft:deepslate":4,"minecraft:fern":2},"minecraft:custom":{"minecraft:mob_kills":32,"minecraft:interact_with_crafting_table":7,"minecraft:leave_game":2,"minecraft:time_since_death":691,"adorn:sit_on_chair":1,"minecraft:time_since_rest":1016,"minecraft:sprint_one_cm":229678,"minecraft:damage_taken":6007,"minecraft:walk_one_cm":230104,"minecraft:drop":13,"minecraft:damage_dealt":5292,"minecraft:swim_one_cm":104535,"minecraft:fly_one_cm":132072,"minecraft:player_kills":1,"minecraft:open_chest":31,"minecraft:crouch_one_cm":12268,"minecraft:play_time":76537,"minecraft:deaths":20,"minecraft:sneak_time":4711,"minecraft:walk_under_water_one_cm":30005,"minecraft:jump":798,"minecraft:walk_on_water_one_cm":46238,"minecraft:total_world_time":76537,"minecraft:fall_one_cm":30919}},"DataVersion":3120}