{"stats":{"minecraft:broken":{"mutantmonsters:mutant_skeleton_skull":1,"minecraft:iron_shovel":1,"minecraft:stone_pickaxe":4,"minecraft:stone_axe":5,"minecraft:leather_chestplate":1,"minecraft:iron_pickaxe":1},"minecraft:dropped":{"minecraft:iron_sword":3,"minecraft:birch_planks":4,"minecraft:leather":1,"minecraft:rail":30,"minecraft:leather_helmet":1,"minecraft:emerald":15,"minecraft:flint":3,"minecraft:dirt":24,"minecraft:dark_oak_trapdoor":5,"gravestone:obituary":197,"minecraft:bone_block":39,"minecraft:sand":1,"minecraft:iron_pickaxe":1,"majruszsdifficulty:tattered_leggings":1,"minecraft:white_wool":1,"minecraft:bone":1,"minecraft:gravel":1,"minecraft:stone_axe":3,"minecraft:birch_sapling":7,"minecraft:wheat":339,"minecraft:rotten_flesh":5,"minecraft:oak_planks":2,"minecraft:blaze_powder":1,"minecraft:dark_oak_fence_gate":6,"minecraft:carrot":2,"minecraft:chainmail_chestplate":10,"minecraft:poppy":4,"minecraft:chainmail_boots":13,"minecraft:egg":1,"minecraft:iron_ingot":15,"minecraft:wheat_seeds":40,"minecraft:minecart":2,"minecraft:iron_helmet":2,"minecraft:cobblestone":7,"minecraft:iron_block":22,"minecraft:gray_wool":1,"fear_the_dark:iron_wood_club":2,"minecraft:rose_bush":1,"minecraft:iron_axe":2,"minecraft:smooth_stone":2,"minecraft:chainmail_leggings":28,"spore:claw_fragment":1,"minecraft:raw_copper":8,"minecraft:smooth_stone_slab":1,"minecraft:stone_shovel":1,"minecraft:white_carpet":2,"spore:cerebrum":1,"minecraft:potato":287,"minecraft:shield":26,"minecraft:peony":1,"minecraft:andesite":4,"minecraft:oak_sapling":2,"minecraft:carved_pumpkin":1,"minecraft:stone_bricks":2,"minecraft:birch_boat":1,"minecraft:stone_pickaxe":32},"minecraft:crafted":{"minecraft:oak_planks":4156,"minecraft:smooth_stone":8,"minecraft:blaze_powder":2,"minecraft:birch_boat":1,"usefulbackpacks:backpack_small":1,"minecraft:stone":12,"minecraft:diamond_leggings":2,"spore:fleshy_bone":2,"spore:fleshy_claw":3,"minecraft:chest":4,"minecraft:rail":32,"minecraft:emerald":420,"minecraft:diamond_axe":1,"minecraft:crafting_table":10,"minecraft:wooden_pickaxe":4,"minecraft:iron_helmet":2,"minecraft:smithing_table":1,"minecraft:chainmail_chestplate":9,"minecraft:fletching_table":3,"minecraft:birch_planks":1196,"spore:armads":1,"minecraft:iron_chestplate":1,"minecraft:charcoal":6,"minecraft:diamond_pickaxe":1,"minecraft:shield":18,"minecraft:stick":9615,"minecraft:iron_ingot":67,"minecraft:iron_pickaxe":3,"minecraft:iron_block":22,"minecraft:stone_sword":2,"minecraft:shears":1,"minecraft:oak_door":3,"minecraft:coal":243,"minecraft:stone_shovel":1,"minecraft:furnace":7,"minecraft:blast_furnace":2,"minecraft:oak_trapdoor":2,"minecraft:ladder":3,"minecraft:stone_pickaxe":41,"minecraft:diamond_boots":1,"minecraft:lead":2,"minecraft:chainmail_leggings":25,"minecraft:minecart":2,"minecraft:wheat":522,"minecraft:cooked_beef":4,"spore:living_core":1,"minecraft:iron_sword":3,"minecraft:bucket":1,"minecraft:stone_axe":8,"minecraft:enchanted_book":1,"minecraft:acacia_boat":1,"minecraft:bread":75,"minecraft:air":0,"minecraft:chainmail_boots":12,"minecraft:iron_shovel":4,"minecraft:anvil":1,"minecraft:white_bed":1,"minecraft:torch":244},"minecraft:killed":{"cartoon_dweller:cartoon_dweller":1,"spore:braiomil":1,"minecraft:spider":1,"minecraft:skeleton":4,"minecraft:bee":2,"minecraft:chicken":2,"minecraft:pig":3,"spore:inf_player":18,"minecraft:iron_golem":1,"spore:volatile":1,"minecraft:sheep":13,"spore:inf_villager":8,"minecraft:trader_llama":2,"minecraft:zombie":4,"spore:inf_human":14,"spore:howler":1,"minecraft:cow":7,"fear_the_dark:fever_dream":3,"spore:griefer":1,"spore:stalker":1,"spore:inf_pillager":14,"spore:inf_witch":1,"spore:busser":2,"spore:slasher":1,"minecraft:villager":1,"minecraft:enderman":1},"minecraft:used":{"minecraft:moss_block":1,"minecraft:moss_carpet":1,"minecraft:iron_shovel":419,"minecraft:ladder":3,"minecraft:shield":15,"minecraft:chest":5,"minecraft:iron_sword":3,"minecraft:stone":4,"minecraft:bell":2,"minecraft:iron_chestplate":1,"minecraft:mutton":15,"minecraft:carrot":44,"minecraft:lava_bucket":7,"minecraft:lantern":4,"minecraft:grass_block":5,"minecraft:scaffolding":11,"minecraft:furnace":9,"minecraft:potato":95,"biomesoplenty:flesh":10,"spore:armads":89,"minecraft:stone_pickaxe":810,"minecraft:oak_planks":73,"minecraft:ender_pearl":1,"minecraft:wooden_pickaxe":39,"minecraft:diamond_axe":1229,"another_furniture:oak_chair":2,"minecraft:white_wool":6,"minecraft:blast_furnace":10,"minecraft:shears":3,"minecraft:bread":103,"minecraft:lectern":70,"minecraft:gravel":28,"minecraft:grindstone":1,"minecraft:smithing_table":5,"minecraft:andesite":6,"minecraft:experience_bottle":1,"minecraft:oak_trapdoor":11,"minecraft:rose_bush":1,"minecraft:stone_sword":106,"minecraft:carved_pumpkin":4,"minecraft:stone_shovel":117,"minecraft:netherrack":25,"minecraft:oak_door":1,"minecraft:torch":281,"minecraft:dirt":474,"minecraft:anvil":1,"minecraft:iron_block":13,"minecraft:iron_axe":44,"minecraft:iron_boots":1,"minecraft:smooth_basalt":4,"minecraft:beef":24,"minecraft:minecart":12,"biomesoplenty:blood_bucket":3,"minecraft:cooked_beef":6,"minecraft:cobbled_deepslate":3,"minecraft:pumpkin":3,"minecraft:cooked_mutton":1,"minecraft:acacia_boat":10,"minecraft:birch_planks":431,"minecraft:birch_boat":6,"minecraft:fletching_table":10,"anthropology_items__structures:hunters_machete":54,"minecraft:rail":373,"minecraft:crafting_table":18,"minecraft:red_bed":1,"minecraft:white_bed":12,"minecraft:oak_log":71,"minecraft:diamond_pickaxe":1444,"minecraft:apple":22,"minecraft:iron_pickaxe":386,"minecraft:map":1,"minecraft:leather_helmet":2,"fear_the_dark:iron_wood_club":4,"minecraft:golden_leggings":1,"minecraft:stone_axe":853,"minecraft:cobblestone":210,"minecraft:cooked_porkchop":6,"minecraft:bucket":11,"minecraft:yellow_bed":6,"minecraft:diamond_leggings":1,"minecraft:smooth_stone":1},"minecraft:killed_by":{"spore:inf_human":8,"the_impersonator:the_impersonator":3,"steve_dweller:steve_dweller":1,"spore:inf_pillager":5,"fear_the_dark:fever_dream":29,"spore:inf_player":17,"man:managgresive":3,"minecraft:cave_spider":1,"spore:inf_villager":11,"spore:inf_drowned":2,"spore:busser":5,"cartoon_dweller:cartoon_dweller":5,"midnightlurker:midnight_lurker_unprovoked":1},"minecraft:custom":{"minecraft:interact_with_crafting_table":96,"minecraft:bell_ring":23,"minecraft:leave_game":3,"minecraft:time_since_death":167,"minecraft:sprint_one_cm":1881596,"minecraft:damage_blocked_by_shield":1444,"minecraft:drop":462,"minecraft:talked_to_villager":316,"minecraft:play_time":658055,"minecraft:deaths":91,"minecraft:jump":10962,"minecraft:walk_on_water_one_cm":31738,"minecraft:interact_with_furnace":69,"minecraft:traded_with_villager":527,"minecraft:sleep_in_bed":31,"minecraft:damage_dealt":33463,"minecraft:crouch_one_cm":38687,"minecraft:interact_with_smithing_table":4,"minecraft:interact_with_anvil":1,"minecraft:mob_kills":106,"minecraft:damage_dealt_resisted":48,"minecraft:climb_one_cm":39026,"minecraft:walk_one_cm":2181219,"minecraft:sneak_time":23736,"minecraft:walk_under_water_one_cm":8062,"minecraft:boat_one_cm":13479,"minecraft:interact_with_blast_furnace":5,"minecraft:total_world_time":658055,"minecraft:time_since_rest":197,"minecraft:damage_taken":31143,"minecraft:swim_one_cm":10314,"minecraft:fly_one_cm":1776954,"minecraft:open_chest":286,"minecraft:fall_one_cm":342722},"minecraft:mined":{"minecraft:white_bed":5,"minecraft:carved_pumpkin":5,"minecraft:granite":20,"minecraft:budding_amethyst":2,"minecraft:stone_brick_wall":1,"minecraft:grass_block":213,"biomesoplenty:flowering_oak_leaves":2,"biomesoplenty:eyebulb":1,"minecraft:coal_block":24,"minecraft:smooth_stone":1,"minecraft:dark_oak_trapdoor":1,"minecraft:iron_ore":59,"minecraft:fire":20,"minecraft:pumpkin":4,"minecraft:moss_carpet":1,"minecraft:fletching_table":7,"biomesoplenty:hanging_cobweb":2,"minecraft:dirt_path":49,"minecraft:small_amethyst_bud":1,"minecraft:potted_cornflower":1,"minecraft:iron_block":5,"minecraft:deepslate_redstone_ore":6,"minecraft:red_bed":1,"spore:growths_big":2,"minecraft:torch":29,"minecraft:poppy":2,"minecraft:blast_furnace":8,"minecraft:calcite":5,"minecraft:chest":1,"minecraft:spruce_wall_sign":1,"minecraft:cobblestone":76,"minecraft:sugar_cane":3,"minecraft:oak_planks":29,"minecraft:wall_torch":15,"minecraft:amethyst_block":9,"minecraft:birch_log":293,"minecraft:wheat":2,"biomesoplenty:hair":2,"minecraft:tnt":1,"minecraft:smooth_stone_slab":1,"minecraft:grass":115,"minecraft:oak_log":1089,"minecraft:beetroots":1,"minecraft:dirt":428,"minecraft:smooth_basalt":4,"minecraft:stonecutter":1,"minecraft:netherrack":117,"minecraft:oak_leaves":66,"spore:remains":3,"minecraft:deepslate":64,"minecraft:tuff":1,"minecraft:stripped_birch_log":8,"gravestone:gravestone":62,"minecraft:ladder":3,"minecraft:redstone_wire":4,"spore:acid":1,"biomesoplenty:dead_grass":1,"minecraft:moss_block":1,"spore:growths_small":1,"minecraft:hay_block":25,"minecraft:oak_trapdoor":21,"minecraft:furnace":6,"minecraft:dark_oak_fence_gate":1,"minecraft:andesite":25,"biomesoplenty:flesh":19,"minecraft:peony":2,"minecraft:bell":3,"minecraft:bookshelf":21,"minecraft:potatoes":62,"minecraft:vine":2,"minecraft:rail":356,"minecraft:stripped_oak_log":11,"biomesoplenty:spider_egg":1,"minecraft:stone":1451,"minecraft:bone_block":40,"minecraft:white_wool":2,"minecraft:smithing_table":4,"biomesoplenty:porous_flesh":1,"minecraft:oak_slab":1,"minecraft:scaffolding":3,"minecraft:glass_pane":1,"minecraft:comparator":1,"minecraft:crafting_table":10,"minecraft:rose_bush":4,"minecraft:lectern":69,"minecraft:tall_grass":32,"minecraft:copper_ore":14,"minecraft:deepslate_gold_ore":5,"minecraft:diorite":24,"minecraft:spruce_stairs":1,"minecraft:birch_planks":70,"minecraft:white_carpet":2,"minecraft:birch_leaves":7,"minecraft:bee_nest":1,"minecraft:yellow_bed":3,"minecraft:coal_ore":272,"minecraft:gravel":97,"minecraft:cobweb":42,"minecraft:stone_bricks":4,"minecraft:infested_stone":1,"minecraft:fern":8},"minecraft:picked_up":{"spore:mutated_heart":4,"minecraft:wheat":2,"minecraft:chainmail_boots":1,"minecraft:flower_pot":1,"minecraft:smithing_table":4,"minecraft:amethyst_block":9,"minecraft:string":43,"spore:innards":2,"minecraft:dark_oak_trapdoor":6,"minecraft:raw_copper":49,"minecraft:smooth_stone_slab":1,"minecraft:experience_bottle":2,"minecraft:beetroot":1,"minecraft:comparator":1,"minecraft:smooth_stone":2,"minecraft:cobbled_deepslate":64,"minecraft:rose_bush":5,"minecraft:calcite":5,"minecraft:iron_pickaxe":2,"minecraft:coal_block":24,"minecraft:furnace":6,"minecraft:stick":29,"minecraft:torch":62,"minecraft:spruce_stairs":1,"minecraft:porkchop":12,"minecraft:diorite":23,"minecraft:rotten_flesh":5,"minecraft:iron_block":23,"minecraft:carved_pumpkin":5,"minecraft:blaze_powder":1,"minecraft:cobblestone":1536,"minecraft:birch_log":291,"minecraft:leather_chestplate":1,"minecraft:feather":2,"minecraft:lilac":9,"minecraft:andesite":27,"minecraft:golden_leggings":1,"minecraft:potato":415,"minecraft:flint":10,"minecraft:tuff":1,"minecraft:acacia_boat":10,"minecraft:dirt":720,"minecraft:stripped_birch_log":8,"minecraft:lantern":6,"minecraft:bone":1,"minecraft:bow":1,"minecraft:stonecutter":3,"minecraft:wheat_seeds":59,"minecraft:raw_gold":5,"minecraft:bell":3,"minecraft:grindstone":1,"minecraft:fletching_table":7,"minecraft:moss_block":1,"minecraft:oak_planks":35,"spore:cerebrum":5,"spore:armor_fragment":14,"minecraft:sand":1,"minecraft:grass_block":6,"spore:claw_fragment":28,"minecraft:granite":20,"minecraft:spruce_sign":2,"minecraft:emerald":74,"spore:spine_fragment":3,"minecraft:oak_sapling":17,"minecraft:netherrack":117,"minecraft:crafting_table":10,"minecraft:chicken":2,"minecraft:ladder":3,"biomesoplenty:flesh":15,"minecraft:stone_brick_wall":1,"another_furniture:oak_chair":2,"gravestone:obituary":149,"minecraft:shield":10,"minecraft:cornflower":1,"minecraft:oak_trapdoor":21,"minecraft:red_bed":1,"minecraft:moss_carpet":1,"minecraft:iron_axe":1,"minecraft:white_carpet":3,"minecraft:item_frame":2,"minecraft:beef":13,"minecraft:poppy":13,"minecraft:lectern":69,"minecraft:minecart":12,"minecraft:sugar_cane":11,"minecraft:chest":1,"minecraft:birch_sapling":7,"minecraft:egg":6,"minecraft:raw_iron":58,"spore:tumor":5,"spore:wing_membrane":3,"minecraft:stone_button":1,"minecraft:carrot":2,"minecraft:redstone":30,"minecraft:tnt":1,"minecraft:arrow":6,"minecraft:beetroot_seeds":2,"minecraft:peony":1,"minecraft:hay_block":25,"minecraft:mutton":21,"minecraft:white_wool":14,"minecraft:bone_block":39,"minecraft:rail":371,"minecraft:oxeye_daisy":3,"minecraft:stripped_oak_log":11,"minecraft:leather":7,"minecraft:filled_map":1,"minecraft:birch_planks":70,"minecraft:oak_log":1100,"minecraft:chainmail_chestplate":1,"minecraft:yellow_bed":3,"minecraft:cobblestone_stairs":3,"minecraft:stone_bricks":6,"minecraft:apple":3,"minecraft:iron_ingot":31,"minecraft:stone_pickaxe":1,"spore:mutated_fiber":94,"minecraft:iron_sword":3,"minecraft:book":65,"minecraft:scaffolding":17,"minecraft:oak_slab":1,"minecraft:smooth_basalt":4,"minecraft:pumpkin":4,"minecraft:birch_boat":7,"minecraft:dandelion":2,"minecraft:gravel":115,"minecraft:lava_bucket":1,"biomesoplenty:porous_flesh":1,"minecraft:blast_furnace":8,"minecraft:white_bed":6,"minecraft:dark_oak_fence_gate":7,"minecraft:spider_eye":1,"minecraft:leather_helmet":1,"minecraft:pumpkin_seeds":12,"minecraft:stone_axe":2,"minecraft:chainmail_leggings":5,"minecraft:diamond_axe":1,"fear_the_dark:iron_wood_club":2,"minecraft:gray_wool":2,"minecraft:coal":271,"minecraft:ender_pearl":5}},"DataVersion":3120}