{"stats":{"minecraft:broken":{"minecraft:wooden_shovel":1,"minecraft:stone_pickaxe":3,"minecraft:stone_axe":5,"minecraft:wooden_axe":1,"minecraft:stone_shovel":1,"minecraft:leather_helmet":1,"minecraft:leather_chestplate":1,"minecraft:wooden_pickaxe":1,"minecraft:iron_pickaxe":1},"minecraft:killed":{"minecraft:spider":1,"minecraft:skeleton":6,"majruszsdifficulty:creeperling":1,"minecraft:piglin":3,"minecraft:pig":2,"spore:inf_player":5,"minecraft:zombie_villager":1,"mutantmonsters:mutant_skeleton":1,"minecraft:sheep":4,"spore:inf_villager":3,"minecraft:zombie":10,"spore:inf_human":6,"minecraft:cow":4,"minecraft:husk":1,"spore:stalker":1,"spore:inf_pillager":4,"spore:inf_husk":1},"minecraft:crafted":{"minecraft:oak_planks":56,"minecraft:cobblestone_slab":12,"usefulbackpacks:backpack_small":1,"minecraft:cobblestone_stairs":20,"minecraft:bow":1,"biomesoplenty:hellbark_planks":4,"minecraft:acacia_fence":33,"minecraft:iron_door":6,"minecraft:wooden_shovel":2,"minecraft:crafting_table":5,"minecraft:spruce_planks":748,"minecraft:acacia_slab":54,"minecraft:wooden_pickaxe":1,"minecraft:spruce_door":9,"spore:spine":1,"minecraft:spruce_trapdoor":6,"minecraft:dark_oak_slab":132,"minecraft:charcoal":2,"minecraft:shield":2,"minecraft:stick":196,"minecraft:acacia_door":3,"minecraft:stone_shovel":3,"minecraft:spruce_button":1,"minecraft:acacia_fence_gate":2,"minecraft:spruce_fence":42,"minecraft:glass_pane":96,"minecraft:dark_oak_fence":102,"minecraft:spruce_stairs":8,"minecraft:spruce_slab":90,"minecraft:stone_pickaxe":4,"minecraft:cobblestone_wall":6,"minecraft:spruce_boat":3,"minecraft:dark_oak_planks":220,"minecraft:acacia_stairs":4,"minecraft:stone_axe":8,"minecraft:glowstone":1,"minecraft:acacia_boat":2,"minecraft:bread":18,"minecraft:air":0,"minecraft:wooden_axe":1,"minecraft:iron_leggings":1,"minecraft:white_bed":1,"minecraft:acacia_planks":124,"spore:nerves":8,"minecraft:torch":44},"minecraft:custom":{"minecraft:interact_with_crafting_table":100,"minecraft:bell_ring":3,"minecraft:leave_game":9,"minecraft:time_since_death":20432,"minecraft:sprint_one_cm":1163020,"minecraft:drop":39,"minecraft:play_time":425440,"minecraft:deaths":70,"minecraft:jump":5246,"minecraft:walk_on_water_one_cm":142903,"minecraft:interact_with_furnace":17,"minecraft:sleep_in_bed":25,"minecraft:damage_dealt":12869,"minecraft:player_kills":1,"minecraft:crouch_one_cm":49694,"minecraft:mob_kills":55,"minecraft:climb_one_cm":138,"minecraft:walk_one_cm":1836701,"minecraft:sneak_time":15930,"minecraft:walk_under_water_one_cm":17218,"minecraft:boat_one_cm":103453,"minecraft:total_world_time":425440,"minecraft:time_since_rest":20460,"minecraft:damage_taken":21204,"minecraft:trigger_trapped_chest":18,"minecraft:swim_one_cm":148541,"minecraft:fly_one_cm":768560,"minecraft:open_chest":252,"minecraft:fall_one_cm":134865},"minecraft:used":{"fear_the_dark:leg_spike":62,"minecraft:spruce_slab":91,"minecraft:poppy":6,"minecraft:chest":2,"biomesoplenty:bramble":3,"minecraft:bell":1,"minecraft:iron_chestplate":2,"minecraft:mutton":1,"minecraft:carrot":23,"minecraft:tuff":16,"minecraft:stripped_spruce_log":1,"minecraft:spruce_boat":2,"minecraft:bricks":7,"minecraft:dark_oak_slab":137,"minecraft:bow":11,"minecraft:furnace":1,"minecraft:cooked_cod":7,"minecraft:acacia_fence":30,"minecraft:chiseled_polished_blackstone":1,"minecraft:diorite":1,"minecraft:leather_leggings":1,"minecraft:spruce_door":11,"minecraft:stone_pickaxe":512,"minecraft:oak_planks":13,"minecraft:leather_chestplate":1,"minecraft:wooden_pickaxe":33,"minecraft:sandstone":19,"minecraft:diamond_axe":27,"minecraft:golden_apple":1,"minecraft:sand":181,"minecraft:acacia_door":2,"minecraft:dark_oak_log":2,"minecraft:melon_slice":4,"minecraft:bread":41,"minecraft:polished_granite":8,"adorn:guide_book":1,"minecraft:iron_door":2,"minecraft:dark_oak_fence":105,"minecraft:oak_boat":1,"biomesoplenty:brimstone":2,"minecraft:stone_sword":1,"minecraft:stone_shovel":241,"minecraft:spruce_planks":716,"minecraft:wooden_shovel":62,"minecraft:cooked_chicken":1,"minecraft:stone_hoe":80,"minecraft:netherrack":5,"minecraft:orange_bed":7,"minecraft:torch":94,"minecraft:dirt":207,"minecraft:spruce_stairs":16,"minecraft:cobblestone_wall":7,"minecraft:golden_chestplate":1,"minecraft:spruce_fence":74,"minecraft:wooden_axe":68,"minecraft:brick_stairs":1,"minecraft:spruce_button":2,"minecraft:acacia_slab":54,"minecraft:glowstone":1,"minecraft:basalt":3,"minecraft:tripwire_hook":1,"minecraft:beef":11,"minecraft:cooked_beef":2,"minecraft:acacia_planks":42,"minecraft:cobbled_deepslate":1,"minecraft:iron_leggings":1,"minecraft:calcite":118,"minecraft:wheat_seeds":14,"minecraft:cooked_mutton":7,"minecraft:acacia_boat":6,"minecraft:cobblestone_stairs":34,"minecraft:baked_potato":9,"minecraft:cobblestone_slab":12,"minecraft:cracked_stone_bricks":3,"minecraft:polished_blackstone_bricks":19,"minecraft:crafting_table":11,"minecraft:white_bed":1,"minecraft:spruce_log":251,"biomesoplenty:hellbark_planks":4,"minecraft:acacia_stairs":3,"minecraft:oxeye_daisy":3,"minecraft:iron_pickaxe":41,"minecraft:leather_helmet":2,"minecraft:spruce_trapdoor":7,"minecraft:spruce_sapling":4,"minecraft:acacia_fence_gate":2,"minecraft:stone_axe":771,"minecraft:cobblestone":226,"minecraft:porkchop":9,"minecraft:glass_pane":71,"minecraft:dandelion":3,"minecraft:chainmail_leggings":1},"minecraft:dropped":{"minecraft:dirt":87,"minecraft:dark_oak_log":1,"biomesoplenty:rose_quartz_block":2,"usefulbackpacks:backpack_small":1,"minecraft:sand":10,"minecraft:sugar_cane":12,"minecraft:rotten_flesh":1,"minecraft:leather_chestplate":1,"minecraft:quartz":5,"minecraft:netherrack":1,"minecraft:bread":4,"minecraft:wheat_seeds":1,"minecraft:spruce_door":4,"minecraft:potion":1,"minecraft:acacia_planks":64,"minecraft:stone_sword":2,"minecraft:tuff":20,"spore:mutated_fiber":2,"minecraft:spruce_fence":12,"minecraft:cobblestone_slab":3,"minecraft:spruce_planks":6,"minecraft:oak_sapling":1,"minecraft:spruce_log":88,"minecraft:stone_pickaxe":3},"minecraft:killed_by":{"spore:inf_human":13,"the_impersonator:the_impersonator":1,"spore:inf_pillager":3,"fear_the_dark:fever_dream":5,"spore:inf_player":18,"spore:inf_husk":1,"mimic_dweller:mimic_dweller":3,"minecraft:piglin":1,"spore:inf_villager":5,"spore:busser":5,"mutantmonsters:mutant_skeleton":3,"minecraft:skeleton":1,"spore:stalker":4},"minecraft:mined":{"minecraft:spruce_planks":279,"minecraft:white_bed":1,"minecraft:cobblestone_stairs":14,"biomesoplenty:brimstone":2,"biomesoplenty:burning_blossom":13,"minecraft:spruce_trapdoor":1,"minecraft:granite":9,"minecraft:acacia_log":34,"minecraft:chiseled_polished_blackstone":1,"biomesoplenty:bramble":71,"minecraft:grass_block":97,"biomesoplenty:rose_quartz_block":2,"minecraft:cracked_polished_blackstone_bricks":18,"minecraft:oxeye_daisy":2,"minecraft:spawner":1,"minecraft:gilded_blackstone":2,"minecraft:polished_blackstone_bricks":22,"minecraft:tall_seagrass":1,"minecraft:glowstone":1,"minecraft:iron_ore":5,"minecraft:cobbled_deepslate":3,"minecraft:fire":20,"minecraft:pumpkin":2,"biomesoplenty:hellbark_log":1,"minecraft:iron_bars":3,"minecraft:spruce_slab":1,"minecraft:orange_bed":9,"minecraft:blackstone":20,"biomesoplenty:brimstone_fumarole":1,"spore:growths_big":5,"minecraft:torch":3,"minecraft:calcite":140,"minecraft:poppy":6,"minecraft:chest":2,"minecraft:dead_bush":2,"minecraft:cobblestone":53,"minecraft:oak_planks":4,"minecraft:bricks":8,"minecraft:wall_torch":2,"minecraft:dark_oak_slab":5,"minecraft:wheat":12,"biomesoplenty:large_rose_quartz_bud":3,"minecraft:grass":178,"minecraft:oak_log":18,"minecraft:acacia_fence":4,"minecraft:sand":143,"minecraft:dirt":97,"minecraft:netherrack":7,"minecraft:oak_leaves":25,"spore:remains":4,"minecraft:tuff":15,"minecraft:dark_oak_leaves":8,"biomesoplenty:desert_grass":8,"minecraft:dark_oak_log":25,"minecraft:dark_oak_fence":3,"biomesoplenty:bush":25,"minecraft:spruce_fence":41,"minecraft:brick_stairs":2,"minecraft:spruce_leaves":38,"minecraft:acacia_slab":3,"biomesoplenty:dead_grass":13,"spore:growths_small":1,"minecraft:furnace":2,"minecraft:carrots":4,"minecraft:acacia_stairs":2,"minecraft:andesite":14,"minecraft:stripped_spruce_log":2,"minecraft:peony":4,"minecraft:gold_block":3,"minecraft:bookshelf":1,"minecraft:potatoes":11,"minecraft:cobblestone_slab":5,"minecraft:stone":156,"biomesoplenty:rose_quartz_cluster":2,"minecraft:podzol":26,"minecraft:acacia_leaves":7,"minecraft:glass_pane":54,"minecraft:basalt":4,"minecraft:polished_granite":4,"minecraft:spruce_door":4,"minecraft:dandelion":3,"minecraft:crafting_table":4,"minecraft:spruce_button":1,"minecraft:light_gray_wall_banner":1,"minecraft:tall_grass":27,"biomesoplenty:sprout":20,"minecraft:spruce_stairs":12,"minecraft:coarse_dirt":12,"minecraft:cobblestone_wall":3,"biomesoplenty:blue_hydrangea":1,"minecraft:spruce_log":285,"minecraft:gravel":1,"minecraft:acacia_door":1,"minecraft:cracked_stone_bricks":2,"minecraft:acacia_planks":6},"minecraft:picked_up":{"minecraft:wooden_axe":2,"spore:mutated_heart":8,"minecraft:iron_chestplate":3,"biomesoplenty:burning_blossom":14,"minecraft:wheat":24,"minecraft:flower_pot":3,"minecraft:potion":2,"minecraft:gilded_blackstone":4,"minecraft:string":5,"minecraft:pufferfish":2,"biomesoplenty:brimstone":2,"minecraft:gold_nugget":8,"minecraft:cobbled_deepslate":776,"minecraft:spruce_planks":656,"adorn:oak_post":4,"minecraft:cobblestone_slab":30,"minecraft:calcite":310,"minecraft:wooden_shovel":2,"minecraft:iron_pickaxe":1,"minecraft:melon_slice":14,"minecraft:iron_boots":1,"minecraft:furnace":18,"minecraft:golden_helmet":1,"adorn:guide_book":1,"biomesoplenty:rose_quartz_block":2,"minecraft:stick":93,"minecraft:acacia_fence":28,"minecraft:torch":26,"minecraft:acacia_log":118,"minecraft:spruce_stairs":36,"minecraft:porkchop":10,"minecraft:diorite":9,"minecraft:light_gray_banner":1,"minecraft:golden_chestplate":5,"minecraft:orange_bed":10,"minecraft:stone_sword":5,"minecraft:rotten_flesh":32,"minecraft:leather_horse_armor":1,"minecraft:iron_bars":5,"minecraft:cod":2,"minecraft:cobblestone":1243,"minecraft:leather_chestplate":10,"minecraft:cooked_beef":4,"minecraft:water_bucket":3,"minecraft:andesite":41,"minecraft:potato":355,"minecraft:flint":3,"minecraft:tuff":191,"minecraft:acacia_boat":10,"minecraft:map":2,"minecraft:dirt":836,"minecraft:polished_granite":12,"minecraft:leather_boots":1,"minecraft:glass":88,"minecraft:bone":34,"minecraft:acacia_planks":687,"minecraft:wheat_seeds":107,"minecraft:bell":7,"minecraft:glowstone_dust":4,"minecraft:stone_hoe":13,"minecraft:oak_planks":115,"minecraft:ghast_tear":5,"spore:cerebrum":14,"minecraft:chiseled_polished_blackstone":3,"minecraft:sand":354,"minecraft:stripped_spruce_log":2,"minecraft:ink_sac":2,"minecraft:dead_bush":8,"minecraft:grass_block":1,"minecraft:acacia_stairs":3,"minecraft:spectral_arrow":6,"minecraft:dark_oak_log":229,"biomesoplenty:hellbark_log":1,"spore:claw_fragment":2,"minecraft:stripped_acacia_log":2,"minecraft:diamond":6,"minecraft:spruce_boat":3,"minecraft:cracked_polished_blackstone_bricks":56,"minecraft:granite":7,"minecraft:bone_meal":4,"minecraft:spruce_button":1,"minecraft:bread":454,"minecraft:emerald":6,"spore:spine_fragment":5,"minecraft:oak_sapling":11,"minecraft:bricks":12,"minecraft:netherrack":6,"minecraft:dark_oak_fence":5,"minecraft:spruce_leaves":2,"minecraft:crafting_table":12,"minecraft:coarse_dirt":31,"minecraft:chicken":2,"minecraft:leather_leggings":3,"minecraft:golden_pickaxe":1,"minecraft:brown_mushroom":2,"minecraft:wooden_pickaxe":12,"minecraft:gold_block":25,"minecraft:shield":14,"biomesoplenty:rose_quartz_shard":13,"minecraft:acacia_door":11,"fear_the_dark:leg_spike":7,"minecraft:blackstone":20,"minecraft:glass_pane":164,"minecraft:cracked_stone_bricks":3,"usefulbackpacks:backpack_small":6,"minecraft:beef":43,"minecraft:oak_boat":6,"minecraft:poppy":6,"minecraft:spruce_slab":4,"minecraft:light_gray_wool":4,"minecraft:sugar_cane":41,"minecraft:chest":2,"minecraft:spruce_trapdoor":1,"minecraft:raw_iron":11,"minecraft:sandstone":360,"minecraft:copper_ingot":2,"minecraft:spruce_fence":126,"minecraft:polished_blackstone_bricks":35,"minecraft:carrot":19,"minecraft:dark_oak_planks":271,"biomesoplenty:blue_hydrangea":2,"minecraft:cooked_cod":1,"minecraft:arrow":49,"minecraft:stone_shovel":19,"minecraft:shears":5,"minecraft:brick_stairs":6,"minecraft:gold_ingot":3,"minecraft:mutton":28,"minecraft:white_wool":31,"minecraft:oxeye_daisy":3,"spore:altered_spleen":1,"minecraft:basalt":4,"minecraft:leather":99,"minecraft:chainmail_chestplate":2,"minecraft:oak_log":53,"minecraft:gunpowder":14,"minecraft:golden_boots":1,"minecraft:cobblestone_wall":5,"minecraft:cobblestone_stairs":16,"minecraft:cooked_mutton":23,"minecraft:iron_ingot":26,"minecraft:stone_pickaxe":20,"spore:mutated_fiber":87,"minecraft:acacia_sapling":38,"minecraft:iron_sword":1,"minecraft:book":171,"minecraft:dark_oak_slab":5,"minecraft:pumpkin":4,"minecraft:quartz":8,"minecraft:dandelion":3,"minecraft:gravel":4,"minecraft:spruce_sapling":35,"minecraft:white_bed":4,"minecraft:spruce_log":621,"minecraft:spruce_door":9,"minecraft:spider_eye":3,"minecraft:leather_helmet":7,"biomesoplenty:bramble":73,"minecraft:stone_axe":17,"minecraft:chainmail_leggings":1,"minecraft:diamond_axe":2,"minecraft:baked_potato":4,"minecraft:acacia_slab":21,"minecraft:melon_seeds":3,"minecraft:coal":46,"minecraft:smooth_quartz_slab":4,"minecraft:ender_pearl":4}},"DataVersion":3120}