{"stats":{"minecraft:broken":{"mutantmonsters:mutant_skeleton_skull":1,"minecraft:iron_shovel":1,"minecraft:stone_pickaxe":4,"minecraft:stone_axe":5,"minecraft:leather_chestplate":1,"minecraft:iron_pickaxe":1},"minecraft:dropped":{"minecraft:iron_sword":3,"minecraft:birch_planks":4,"minecraft:baked_potato":1,"minecraft:leather":1,"minecraft:rail":30,"minecraft:leather_helmet":1,"minecraft:flint":5,"minecraft:emerald":15,"minecraft:dirt":38,"minecraft:stone_button":1,"minecraft:dark_oak_trapdoor":5,"gravestone:obituary":234,"minecraft:bone_block":39,"minecraft:sand":1,"minecraft:iron_pickaxe":3,"majruszsdifficulty:tattered_leggings":1,"minecraft:white_wool":1,"minecraft:bone":3,"minecraft:gravel":1,"minecraft:stone_axe":3,"minecraft:cobbled_deepslate":13,"minecraft:birch_sapling":7,"minecraft:wheat":339,"minecraft:rotten_flesh":8,"minecraft:oak_planks":2,"minecraft:blaze_powder":1,"minecraft:dark_oak_fence_gate":6,"minecraft:carrot":2,"minecraft:chainmail_chestplate":10,"minecraft:poppy":4,"minecraft:skeleton_skull":1,"minecraft:chainmail_boots":13,"minecraft:arrow":2,"biomesoplenty:flesh":3,"minecraft:egg":1,"minecraft:enchanted_book":1,"minecraft:iron_ingot":15,"minecraft:wheat_seeds":41,"minecraft:minecart":2,"minecraft:oak_fence":1,"minecraft:iron_helmet":2,"minecraft:cobblestone":7,"minecraft:book":1,"minecraft:iron_block":22,"minecraft:gray_wool":1,"minecraft:ink_sac":2,"fear_the_dark:iron_wood_club":2,"minecraft:rose_bush":1,"minecraft:potion":1,"minecraft:wither_rose":2,"minecraft:iron_axe":2,"minecraft:smooth_stone":2,"minecraft:iron_shovel":1,"minecraft:chainmail_leggings":28,"spore:claw_fragment":1,"minecraft:raw_copper":8,"minecraft:smooth_stone_slab":1,"minecraft:stone_shovel":1,"minecraft:white_carpet":2,"spore:cerebrum":1,"minecraft:potato":287,"minecraft:shield":26,"minecraft:peony":1,"minecraft:andesite":4,"minecraft:oak_sapling":6,"minecraft:carved_pumpkin":1,"minecraft:stone_bricks":2,"minecraft:birch_boat":1,"minecraft:stone_pickaxe":32},"minecraft:crafted":{"minecraft:oak_planks":5244,"minecraft:smooth_stone":8,"minecraft:blaze_powder":2,"minecraft:birch_boat":1,"usefulbackpacks:backpack_small":1,"minecraft:stone":16,"spore:infected_bow":1,"minecraft:bookshelf":16,"minecraft:bow":1,"minecraft:diamond_helmet":1,"minecraft:diamond_leggings":2,"spore:fleshy_bone":2,"spore:fleshy_claw":6,"minecraft:chest":6,"minecraft:rail":32,"minecraft:oak_slab":12,"minecraft:arrow":2496,"minecraft:emerald":652,"minecraft:diamond_axe":1,"minecraft:crafting_table":10,"minecraft:baked_potato":103,"minecraft:wooden_pickaxe":4,"minecraft:iron_helmet":2,"minecraft:chainmail_chestplate":9,"minecraft:smithing_table":1,"minecraft:fletching_table":3,"minecraft:birch_planks":1492,"spore:armads":1,"minecraft:lectern":1,"minecraft:iron_chestplate":1,"minecraft:diamond_pickaxe":1,"minecraft:charcoal":6,"minecraft:shield":18,"minecraft:stick":12773,"minecraft:iron_ingot":67,"minecraft:iron_pickaxe":3,"minecraft:iron_block":22,"minecraft:stone_sword":2,"minecraft:shears":1,"minecraft:oak_door":3,"minecraft:coal":252,"minecraft:stone_shovel":1,"minecraft:furnace":7,"minecraft:blast_furnace":2,"minecraft:oak_trapdoor":2,"minecraft:ladder":3,"minecraft:stone_pickaxe":41,"minecraft:diamond_boots":1,"minecraft:lead":2,"minecraft:chainmail_leggings":25,"minecraft:minecart":2,"minecraft:wheat":522,"minecraft:cooked_beef":4,"spore:living_core":2,"minecraft:enchanting_table":1,"minecraft:iron_sword":3,"minecraft:bucket":1,"minecraft:stone_axe":8,"minecraft:enchanted_book":3,"minecraft:acacia_boat":1,"minecraft:bread":75,"minecraft:air":0,"minecraft:jungle_planks":112,"another_furniture:furniture_hammer":1,"minecraft:chainmail_boots":12,"minecraft:iron_shovel":4,"minecraft:anvil":1,"minecraft:white_bed":1,"spore:nerves":16,"minecraft:torch":316,"minecraft:diamond_chestplate":1},"minecraft:killed":{"minecraft:witch":1,"cartoon_dweller:cartoon_dweller":1,"spore:braiomil":1,"minecraft:spider":2,"minecraft:skeleton":8,"minecraft:bee":2,"minecraft:chicken":2,"minecraft:magma_cube":10,"minecraft:parrot":9,"minecraft:pig":3,"spore:inf_player":18,"minecraft:iron_golem":1,"spore:volatile":1,"minecraft:creeper":1,"minecraft:sheep":13,"spore:inf_villager":8,"minecraft:trader_llama":2,"spore:inf_human":16,"minecraft:zombie":9,"minecraft:ghast":4,"spore:howler":2,"minecraft:blaze":11,"minecraft:cow":7,"fear_the_dark:fever_dream":3,"spore:griefer":1,"spore:stalker":2,"spore:inf_pillager":14,"the_impersonator:the_impersonator":1,"spore:inf_witch":1,"spore:busser":5,"minecraft:wither_skeleton":10,"spore:slasher":1,"minecraft:villager":1,"minecraft:enderman":2},"minecraft:used":{"minecraft:moss_block":1,"minecraft:moss_carpet":1,"minecraft:iron_shovel":419,"minecraft:ladder":3,"minecraft:chest":8,"minecraft:shield":27,"minecraft:iron_sword":6,"minecraft:stone":4,"minecraft:bell":2,"minecraft:iron_chestplate":1,"minecraft:mutton":15,"minecraft:jungle_planks":39,"minecraft:carrot":134,"minecraft:tuff":10,"spore:infected_bow":56,"minecraft:lava_bucket":7,"minecraft:lantern":4,"minecraft:grass_block":45,"minecraft:iron_helmet":1,"minecraft:stone_bricks":1,"minecraft:bow":1,"minecraft:scaffolding":11,"minecraft:furnace":9,"minecraft:potato":96,"biomesoplenty:flesh":33,"minecraft:diamond_boots":1,"spore:armads":306,"minecraft:stone_pickaxe":810,"minecraft:oak_planks":86,"minecraft:ender_pearl":4,"minecraft:wooden_pickaxe":39,"minecraft:diamond_axe":1614,"minecraft:white_wool":6,"another_furniture:oak_chair":2,"minecraft:blast_furnace":10,"minecraft:shears":3,"majruszsdifficulty:wither_treasure_bag":1,"minecraft:bread":103,"minecraft:lectern":126,"minecraft:gravel":49,"minecraft:grindstone":1,"minecraft:smithing_table":5,"minecraft:andesite":36,"minecraft:experience_bottle":1,"minecraft:oak_trapdoor":11,"minecraft:rose_bush":1,"minecraft:enchanting_table":1,"minecraft:stone_sword":106,"minecraft:carved_pumpkin":4,"minecraft:stone_shovel":117,"minecraft:netherrack":25,"minecraft:oak_door":1,"minecraft:torch":358,"minecraft:dirt":605,"minecraft:anvil":1,"minecraft:bookshelf":15,"minecraft:iron_block":13,"minecraft:iron_axe":44,"minecraft:iron_boots":1,"minecraft:smooth_basalt":4,"minecraft:beef":24,"minecraft:minecart":12,"biomesoplenty:blood_bucket":3,"minecraft:cooked_beef":6,"minecraft:cobbled_deepslate":135,"minecraft:pumpkin":3,"minecraft:cooked_mutton":1,"minecraft:acacia_boat":10,"minecraft:birch_planks":431,"minecraft:glass_bottle":1,"minecraft:baked_potato":20,"minecraft:birch_boat":6,"minecraft:fletching_table":10,"anthropology_items__structures:hunters_machete":54,"minecraft:rail":373,"minecraft:crafting_table":18,"minecraft:red_bed":1,"minecraft:white_bed":12,"minecraft:oak_log":71,"minecraft:diamond_pickaxe":2141,"minecraft:apple":22,"minecraft:iron_pickaxe":386,"minecraft:map":1,"minecraft:leather_helmet":2,"minecraft:golden_leggings":1,"fear_the_dark:iron_wood_club":4,"minecraft:stone_axe":853,"minecraft:cobblestone":392,"minecraft:potion":1,"minecraft:cooked_porkchop":6,"minecraft:bucket":11,"minecraft:yellow_bed":6,"minecraft:diamond_leggings":2,"minecraft:smooth_stone":1},"minecraft:custom":{"minecraft:interact_with_crafting_table":111,"minecraft:bell_ring":23,"minecraft:leave_game":4,"minecraft:time_since_death":49054,"minecraft:sprint_one_cm":2706096,"minecraft:damage_blocked_by_shield":2286,"minecraft:drop":541,"minecraft:talked_to_villager":491,"minecraft:play_time":860772,"minecraft:deaths":112,"minecraft:jump":15984,"minecraft:walk_on_water_one_cm":44588,"minecraft:interact_with_furnace":80,"minecraft:traded_with_villager":919,"minecraft:sleep_in_bed":33,"minecraft:damage_dealt":50990,"minecraft:crouch_one_cm":55522,"minecraft:horse_one_cm":26416,"minecraft:interact_with_smithing_table":4,"minecraft:interact_with_anvil":1,"minecraft:mob_kills":174,"minecraft:damage_dealt_resisted":48,"minecraft:climb_one_cm":43009,"minecraft:walk_one_cm":2758057,"minecraft:sneak_time":28434,"minecraft:walk_under_water_one_cm":11766,"minecraft:boat_one_cm":13479,"minecraft:interact_with_blast_furnace":5,"minecraft:total_world_time":860772,"minecraft:time_since_rest":49084,"minecraft:damage_taken":38706,"minecraft:swim_one_cm":106049,"minecraft:fly_one_cm":2588698,"minecraft:open_chest":492,"minecraft:fall_one_cm":454407},"minecraft:killed_by":{"minecraft:wither_skeleton":9,"spore:inf_human":8,"the_impersonator:the_impersonator":3,"steve_dweller:steve_dweller":1,"spore:inf_pillager":5,"fear_the_dark:fever_dream":29,"man:managgresive":4,"spore:inf_player":17,"minecraft:cave_spider":1,"spore:inf_villager":11,"minecraft:zombie":1,"minecraft:husk":2,"spore:inf_drowned":2,"spore:busser":5,"minecraft:iron_golem":1,"cartoon_dweller:cartoon_dweller":5,"minecraft:skeleton":3,"minecraft:wither":2,"midnightlurker:midnight_lurker_unprovoked":1},"minecraft:mined":{"minecraft:white_bed":5,"minecraft:jungle_leaves":17,"biomesoplenty:burning_blossom":7,"minecraft:carved_pumpkin":5,"minecraft:granite":20,"minecraft:budding_amethyst":2,"minecraft:stone_brick_wall":1,"minecraft:grass_block":221,"minecraft:jungle_log":28,"biomesoplenty:flowering_oak_leaves":2,"biomesoplenty:eyebulb":2,"minecraft:coal_block":24,"minecraft:smooth_stone":1,"minecraft:dark_oak_trapdoor":1,"minecraft:cobbled_deepslate":2,"minecraft:iron_ore":59,"minecraft:fire":30,"minecraft:pumpkin":4,"minecraft:moss_carpet":1,"minecraft:fletching_table":7,"biomesoplenty:flesh_tendons":2,"biomesoplenty:hanging_cobweb":2,"minecraft:dirt_path":52,"minecraft:small_amethyst_bud":1,"minecraft:potted_cornflower":1,"minecraft:iron_block":5,"minecraft:deepslate_redstone_ore":16,"minecraft:red_bed":1,"spore:growths_big":4,"minecraft:torch":36,"minecraft:blast_furnace":8,"minecraft:calcite":5,"minecraft:poppy":2,"minecraft:chest":2,"minecraft:spruce_wall_sign":1,"minecraft:cobblestone":76,"minecraft:oak_planks":29,"minecraft:sugar_cane":3,"minecraft:wall_torch":19,"minecraft:amethyst_block":9,"minecraft:birch_log":366,"minecraft:wheat":2,"biomesoplenty:hair":2,"minecraft:tnt":1,"minecraft:smooth_stone_slab":1,"minecraft:grass":120,"minecraft:oak_log":1224,"minecraft:beetroots":1,"minecraft:dirt":462,"minecraft:smooth_basalt":4,"minecraft:stonecutter":1,"minecraft:netherrack":117,"minecraft:oak_leaves":66,"spore:remains":4,"minecraft:deepslate":490,"minecraft:tuff":76,"minecraft:stripped_birch_log":10,"minecraft:ladder":3,"gravestone:gravestone":74,"minecraft:jungle_planks":46,"minecraft:redstone_wire":4,"biomesoplenty:dead_grass":3,"minecraft:moss_block":1,"spore:acid":1,"spore:growths_small":3,"minecraft:hay_block":25,"minecraft:oak_trapdoor":21,"minecraft:furnace":6,"minecraft:andesite":64,"minecraft:dark_oak_fence_gate":1,"biomesoplenty:flesh":42,"minecraft:peony":2,"minecraft:bell":3,"minecraft:bookshelf":21,"minecraft:potatoes":62,"minecraft:vine":10,"minecraft:rail":356,"minecraft:stripped_oak_log":16,"biomesoplenty:spider_egg":1,"minecraft:stone":1541,"minecraft:bone_block":40,"minecraft:white_wool":2,"minecraft:smithing_table":4,"biomesoplenty:porous_flesh":1,"minecraft:oak_slab":1,"minecraft:scaffolding":3,"minecraft:glass_pane":1,"minecraft:comparator":1,"minecraft:crafting_table":10,"minecraft:rose_bush":4,"minecraft:lectern":124,"minecraft:copper_ore":17,"minecraft:tall_grass":33,"biomesoplenty:sprout":9,"minecraft:deepslate_gold_ore":5,"minecraft:diorite":50,"minecraft:spruce_stairs":1,"minecraft:birch_planks":76,"minecraft:white_carpet":2,"minecraft:birch_leaves":7,"minecraft:bee_nest":1,"minecraft:yellow_bed":3,"minecraft:coal_ore":279,"minecraft:gravel":128,"minecraft:cobweb":42,"minecraft:stone_bricks":5,"minecraft:fern":8,"minecraft:infested_stone":1},"minecraft:picked_up":{"spore:mutated_heart":4,"biomesoplenty:burning_blossom":5,"minecraft:wheat":2,"minecraft:chainmail_boots":1,"minecraft:flower_pot":1,"biomesoplenty:flesh_tendons":1,"minecraft:smithing_table":4,"minecraft:oak_stairs":6,"minecraft:wither_rose":2,"minecraft:potion":2,"minecraft:amethyst_block":9,"spore:innards":2,"minecraft:string":43,"minecraft:dark_oak_trapdoor":6,"minecraft:raw_copper":59,"minecraft:smooth_stone_slab":1,"minecraft:experience_bottle":2,"minecraft:beetroot":1,"minecraft:cobbled_deepslate":272,"minecraft:smooth_stone":2,"minecraft:comparator":1,"minecraft:rose_bush":5,"minecraft:calcite":5,"minecraft:iron_pickaxe":2,"minecraft:coal_block":24,"minecraft:furnace":6,"minecraft:stick":39,"minecraft:oak_fence":1,"minecraft:torch":73,"minecraft:spruce_stairs":1,"minecraft:porkchop":12,"minecraft:diorite":49,"minecraft:rotten_flesh":10,"minecraft:iron_block":23,"minecraft:carved_pumpkin":5,"minecraft:blaze_rod":8,"minecraft:blaze_powder":1,"minecraft:cobblestone":1626,"minecraft:birch_log":363,"minecraft:jungle_log":28,"minecraft:leather_chestplate":1,"minecraft:feather":18,"minecraft:lilac":9,"minecraft:magma_cream":1,"minecraft:andesite":66,"minecraft:golden_leggings":1,"minecraft:potato":415,"minecraft:flint":13,"minecraft:tuff":56,"minecraft:wither_skeleton_skull":2,"minecraft:acacia_boat":10,"minecraft:stripped_birch_log":10,"minecraft:dirt":774,"minecraft:lantern":6,"minecraft:bone":8,"minecraft:stonecutter":3,"minecraft:bow":1,"minecraft:wheat_seeds":60,"minecraft:raw_gold":5,"minecraft:bell":3,"minecraft:grindstone":1,"minecraft:fletching_table":7,"minecraft:moss_block":1,"minecraft:oak_planks":48,"spore:cerebrum":7,"spore:armor_fragment":21,"minecraft:jungle_planks":46,"minecraft:sand":11,"minecraft:ink_sac":2,"minecraft:grass_block":6,"spore:claw_fragment":32,"minecraft:diamond":3,"minecraft:granite":20,"minecraft:spruce_sign":2,"minecraft:emerald":103,"spore:spine_fragment":5,"minecraft:oak_sapling":21,"minecraft:netherrack":117,"minecraft:crafting_table":10,"minecraft:chicken":2,"minecraft:ladder":3,"biomesoplenty:flesh":42,"minecraft:stone_brick_wall":1,"another_furniture:oak_chair":2,"gravestone:obituary":167,"minecraft:shield":10,"minecraft:cornflower":1,"minecraft:moss_carpet":1,"minecraft:oak_trapdoor":21,"minecraft:red_bed":1,"minecraft:iron_axe":1,"minecraft:item_frame":2,"minecraft:white_carpet":3,"minecraft:beef":13,"minecraft:jungle_sapling":1,"minecraft:poppy":13,"minecraft:minecart":12,"minecraft:lectern":124,"minecraft:sugar_cane":11,"minecraft:chest":2,"minecraft:birch_sapling":7,"minecraft:egg":6,"spore:tumor":5,"minecraft:raw_iron":58,"spore:wing_membrane":4,"minecraft:stone_button":4,"minecraft:carrot":2,"minecraft:redstone":30,"minecraft:tnt":1,"minecraft:arrow":12,"minecraft:beetroot_seeds":2,"minecraft:peony":1,"minecraft:hay_block":25,"minecraft:mutton":21,"minecraft:bone_block":39,"minecraft:rail":371,"minecraft:white_wool":14,"minecraft:oxeye_daisy":3,"minecraft:stripped_oak_log":16,"spore:altered_spleen":1,"minecraft:leather":7,"minecraft:filled_map":1,"minecraft:birch_planks":76,"minecraft:oak_log":1240,"minecraft:chainmail_chestplate":1,"minecraft:yellow_bed":3,"minecraft:gunpowder":1,"minecraft:cobblestone_stairs":3,"minecraft:apple":5,"minecraft:stone_bricks":7,"minecraft:iron_ingot":31,"minecraft:stone_pickaxe":1,"spore:mutated_fiber":105,"minecraft:iron_sword":3,"minecraft:book":66,"minecraft:scaffolding":17,"minecraft:oak_slab":1,"minecraft:smooth_basalt":4,"minecraft:birch_boat":7,"minecraft:pumpkin":4,"minecraft:dandelion":2,"minecraft:gravel":136,"minecraft:lava_bucket":1,"biomesoplenty:porous_flesh":1,"minecraft:blast_furnace":8,"minecraft:white_bed":6,"minecraft:dark_oak_fence_gate":7,"minecraft:spider_eye":1,"minecraft:leather_helmet":1,"minecraft:pumpkin_seeds":12,"minecraft:stone_axe":2,"minecraft:chainmail_leggings":5,"minecraft:diamond_axe":1,"fear_the_dark:iron_wood_club":2,"minecraft:gray_wool":2,"minecraft:baked_potato":1,"minecraft:coal":280,"minecraft:ender_pearl":5}},"DataVersion":3120}