{"stats":{"minecraft:crafted":{"minecraft:oak_door":3,"minecraft:smooth_stone":8,"minecraft:oak_planks":3632,"minecraft:stone_shovel":1,"minecraft:coal":243,"usefulbackpacks:backpack_small":1,"minecraft:furnace":6,"minecraft:blast_furnace":2,"minecraft:stone":8,"minecraft:diamond_leggings":1,"minecraft:ladder":3,"minecraft:stone_pickaxe":41,"minecraft:chest":2,"minecraft:diamond_boots":1,"minecraft:chainmail_leggings":25,"minecraft:wheat":522,"minecraft:cooked_beef":4,"minecraft:emerald":282,"minecraft:diamond_axe":1,"minecraft:crafting_table":8,"minecraft:iron_helmet":2,"minecraft:wooden_pickaxe":4,"minecraft:chainmail_chestplate":9,"minecraft:smithing_table":1,"minecraft:fletching_table":3,"minecraft:birch_planks":552,"minecraft:stone_axe":8,"minecraft:bread":75,"minecraft:acacia_boat":1,"minecraft:air":0,"minecraft:diamond_pickaxe":1,"minecraft:iron_chestplate":1,"minecraft:charcoal":6,"minecraft:shield":18,"minecraft:stick":8083,"minecraft:iron_ingot":58,"minecraft:chainmail_boots":12,"minecraft:iron_pickaxe":3,"minecraft:stone_sword":2,"minecraft:iron_shovel":3,"minecraft:white_bed":1,"minecraft:torch":176},"minecraft:used":{"minecraft:moss_block":1,"minecraft:rose_bush":1,"minecraft:stone_sword":106,"minecraft:moss_carpet":1,"minecraft:iron_shovel":12,"minecraft:stone_shovel":117,"minecraft:ladder":3,"minecraft:chest":3,"minecraft:oak_door":1,"minecraft:iron_chestplate":1,"minecraft:torch":165,"minecraft:dirt":120,"minecraft:mutton":14,"minecraft:lantern":4,"minecraft:grass_block":5,"minecraft:smooth_basalt":4,"minecraft:beef":3,"minecraft:furnace":8,"minecraft:cooked_beef":2,"minecraft:cobbled_deepslate":3,"minecraft:acacia_boat":10,"minecraft:stone_pickaxe":810,"minecraft:oak_planks":54,"minecraft:wooden_pickaxe":39,"minecraft:diamond_axe":459,"minecraft:fletching_table":7,"minecraft:white_wool":2,"anthropology_items__structures:hunters_machete":54,"minecraft:red_bed":1,"minecraft:crafting_table":16,"minecraft:blast_furnace":7,"minecraft:white_bed":6,"minecraft:oak_log":10,"minecraft:diamond_pickaxe":1,"minecraft:apple":4,"minecraft:bread":58,"minecraft:iron_pickaxe":283,"minecraft:map":1,"minecraft:leather_helmet":2,"minecraft:gravel":27,"minecraft:golden_leggings":1,"minecraft:stone_axe":738,"minecraft:cobblestone":39,"minecraft:smithing_table":4,"minecraft:andesite":6,"minecraft:yellow_bed":3,"minecraft:smooth_stone":1,"minecraft:experience_bottle":1},"minecraft:killed_by":{"spore:inf_human":1,"the_impersonator:the_impersonator":2,"steve_dweller:steve_dweller":1,"cartoon_dweller:cartoon_dweller":1,"minecraft:cave_spider":1,"spore:inf_villager":3,"midnightlurker:midnight_lurker_unprovoked":1},"minecraft:dropped":{"minecraft:wheat_seeds":8,"minecraft:iron_helmet":2,"minecraft:cobblestone":5,"minecraft:leather_helmet":1,"minecraft:dirt":4,"minecraft:rose_bush":1,"gravestone:obituary":13,"minecraft:iron_pickaxe":1,"minecraft:smooth_stone":2,"minecraft:chainmail_leggings":28,"minecraft:white_wool":1,"minecraft:stone_axe":2,"minecraft:wheat":338,"minecraft:stone_shovel":1,"minecraft:birch_sapling":2,"minecraft:rotten_flesh":2,"minecraft:chainmail_chestplate":10,"minecraft:potato":118,"minecraft:shield":26,"minecraft:peony":1,"minecraft:chainmail_boots":13,"minecraft:stone_pickaxe":32,"minecraft:egg":1},"minecraft:mined":{"minecraft:white_bed":1,"minecraft:tuff":1,"minecraft:stripped_birch_log":8,"gravestone:gravestone":5,"minecraft:ladder":3,"minecraft:granite":20,"minecraft:budding_amethyst":2,"minecraft:grass_block":73,"biomesoplenty:flowering_oak_leaves":2,"minecraft:redstone_wire":4,"minecraft:coal_block":24,"minecraft:moss_block":1,"minecraft:hay_block":25,"minecraft:smooth_stone":1,"minecraft:furnace":6,"minecraft:iron_ore":59,"minecraft:fire":14,"minecraft:andesite":23,"minecraft:moss_carpet":1,"minecraft:fletching_table":4,"minecraft:peony":2,"biomesoplenty:hanging_cobweb":2,"minecraft:bookshelf":21,"minecraft:vine":1,"minecraft:dirt_path":12,"minecraft:small_amethyst_bud":1,"minecraft:stripped_oak_log":11,"minecraft:potted_cornflower":1,"biomesoplenty:spider_egg":1,"minecraft:stone":585,"minecraft:white_wool":2,"minecraft:smithing_table":3,"minecraft:deepslate_redstone_ore":6,"minecraft:comparator":1,"minecraft:red_bed":1,"minecraft:crafting_table":10,"minecraft:torch":5,"minecraft:blast_furnace":5,"minecraft:calcite":5,"minecraft:chest":1,"minecraft:rose_bush":3,"minecraft:cobblestone":1,"minecraft:copper_ore":6,"minecraft:tall_grass":24,"minecraft:deepslate_gold_ore":5,"minecraft:oak_planks":2,"minecraft:sugar_cane":3,"minecraft:diorite":23,"minecraft:wall_torch":3,"minecraft:amethyst_block":9,"minecraft:birch_log":130,"minecraft:white_carpet":1,"minecraft:birch_leaves":4,"minecraft:tnt":1,"minecraft:bee_nest":1,"minecraft:grass":64,"minecraft:oak_log":934,"minecraft:coal_ore":249,"minecraft:gravel":57,"minecraft:dirt":148,"minecraft:cobweb":42,"minecraft:smooth_basalt":4,"minecraft:stonecutter":1,"minecraft:oak_leaves":46,"minecraft:deepslate":64,"minecraft:infested_stone":1,"minecraft:fern":8},"minecraft:custom":{"minecraft:interact_with_smithing_table":3,"minecraft:mob_kills":38,"minecraft:interact_with_crafting_table":72,"minecraft:bell_ring":2,"minecraft:damage_dealt_resisted":48,"minecraft:leave_game":2,"minecraft:time_since_death":63926,"minecraft:climb_one_cm":14189,"minecraft:sprint_one_cm":729988,"minecraft:walk_one_cm":893215,"minecraft:drop":163,"minecraft:talked_to_villager":185,"minecraft:play_time":308267,"minecraft:deaths":10,"minecraft:sneak_time":6305,"minecraft:walk_under_water_one_cm":5977,"minecraft:boat_one_cm":5792,"minecraft:jump":5099,"minecraft:interact_with_blast_furnace":4,"minecraft:walk_on_water_one_cm":15915,"minecraft:total_world_time":308267,"minecraft:interact_with_furnace":63,"minecraft:traded_with_villager":384,"minecraft:sleep_in_bed":19,"minecraft:time_since_rest":8967,"minecraft:damage_taken":4691,"minecraft:damage_dealt":5409,"minecraft:swim_one_cm":5483,"minecraft:fly_one_cm":695903,"minecraft:open_chest":98,"minecraft:crouch_one_cm":13036,"minecraft:fall_one_cm":146130},"minecraft:killed":{"minecraft:spider":1,"minecraft:skeleton":1,"minecraft:bee":2,"minecraft:chicken":2,"minecraft:pig":3,"spore:inf_player":1,"minecraft:iron_golem":1,"spore:volatile":1,"spore:inf_pillager":1,"minecraft:sheep":13,"minecraft:zombie":3,"spore:inf_human":1,"minecraft:villager":1,"minecraft:cow":7},"minecraft:broken":{"minecraft:stone_pickaxe":4,"minecraft:stone_axe":5,"minecraft:iron_pickaxe":1},"minecraft:picked_up":{"minecraft:crafting_table":10,"minecraft:chainmail_boots":1,"minecraft:chicken":2,"minecraft:ladder":3,"minecraft:flower_pot":1,"minecraft:smithing_table":3,"gravestone:obituary":4,"minecraft:shield":10,"minecraft:amethyst_block":9,"minecraft:raw_copper":22,"minecraft:cornflower":1,"spore:innards":1,"minecraft:string":43,"minecraft:red_bed":1,"minecraft:moss_carpet":1,"minecraft:white_carpet":1,"minecraft:item_frame":2,"minecraft:experience_bottle":2,"minecraft:cobbled_deepslate":64,"minecraft:smooth_stone":2,"minecraft:comparator":1,"minecraft:beef":13,"minecraft:rose_bush":4,"minecraft:calcite":5,"minecraft:poppy":4,"minecraft:iron_pickaxe":1,"minecraft:coal_block":24,"minecraft:sugar_cane":11,"minecraft:chest":1,"minecraft:birch_sapling":2,"minecraft:furnace":6,"minecraft:egg":6,"spore:tumor":3,"minecraft:stick":18,"minecraft:raw_iron":58,"minecraft:torch":9,"minecraft:porkchop":12,"minecraft:stone_button":1,"minecraft:diorite":23,"minecraft:redstone":30,"minecraft:tnt":1,"minecraft:arrow":2,"minecraft:rotten_flesh":2,"minecraft:peony":1,"minecraft:hay_block":25,"minecraft:mutton":21,"minecraft:birch_log":130,"minecraft:white_wool":14,"minecraft:cobblestone":585,"minecraft:oxeye_daisy":1,"minecraft:stripped_oak_log":11,"minecraft:leather_chestplate":1,"minecraft:feather":2,"minecraft:andesite":23,"minecraft:leather":7,"minecraft:filled_map":1,"minecraft:flint":6,"minecraft:tuff":1,"minecraft:oak_log":939,"minecraft:chainmail_chestplate":1,"minecraft:acacia_boat":10,"minecraft:stripped_birch_log":8,"minecraft:dirt":228,"minecraft:lantern":6,"minecraft:apple":3,"minecraft:stone_bricks":2,"minecraft:stonecutter":1,"minecraft:wheat_seeds":15,"minecraft:raw_gold":5,"minecraft:stone_pickaxe":1,"minecraft:iron_ingot":10,"spore:mutated_fiber":9,"minecraft:fletching_table":4,"minecraft:moss_block":1,"minecraft:iron_sword":1,"minecraft:oak_planks":2,"minecraft:book":65,"minecraft:smooth_basalt":4,"spore:cerebrum":1,"spore:armor_fragment":4,"minecraft:gravel":55,"minecraft:blast_furnace":5,"minecraft:white_bed":1,"minecraft:grass_block":5,"minecraft:spider_eye":1,"minecraft:leather_helmet":1,"spore:claw_fragment":6,"minecraft:stone_axe":2,"minecraft:chainmail_leggings":5,"minecraft:granite":20,"minecraft:gray_wool":1,"minecraft:emerald":74,"minecraft:oak_sapling":15,"minecraft:coal":248}},"DataVersion":3120}