{"stats":{"minecraft:used":{"fear_the_dark:leg_spike":62,"minecraft:iron_shovel":375,"minecraft:spruce_slab":362,"minecraft:ladder":92,"minecraft:poppy":6,"minecraft:chest":20,"minecraft:shield":28,"minecraft:iron_sword":50,"biomesoplenty:bramble":3,"minecraft:bell":1,"minecraft:rotten_flesh":3,"minecraft:iron_chestplate":2,"minecraft:mutton":1,"minecraft:carrot":391,"minecraft:tuff":16,"minecraft:obsidian":51,"minecraft:stripped_spruce_log":1,"minecraft:spruce_boat":3,"minecraft:lava_bucket":1,"minecraft:bricks":15,"minecraft:spruce_wood":33,"spore:vent_plate":1,"minecraft:dark_oak_slab":137,"minecraft:stone_brick_stairs":2,"minecraft:stone_bricks":1,"minecraft:bow":38,"minecraft:furnace":6,"minecraft:cooked_cod":7,"minecraft:acacia_fence":30,"minecraft:egg":1,"minecraft:potato":33,"minecraft:chiseled_polished_blackstone":1,"adorn:spruce_post":2,"minecraft:diorite":2,"minecraft:leather_leggings":1,"minecraft:spruce_door":14,"minecraft:oak_planks":14,"minecraft:stone_pickaxe":1133,"minecraft:composter":1,"minecraft:leather_chestplate":1,"minecraft:wooden_pickaxe":33,"minecraft:diamond_axe":27,"minecraft:sandstone":21,"minecraft:redstone_block":3,"minecraft:golden_apple":2,"minecraft:sand":186,"minecraft:redstone_torch":1,"minecraft:lever":1,"minecraft:stone_button":2,"minecraft:acacia_door":3,"minecraft:dark_oak_log":2,"minecraft:melon_slice":4,"minecraft:iron_door":4,"minecraft:string":1,"minecraft:bread":41,"adorn:guide_book":1,"minecraft:polished_granite":11,"minecraft:oak_pressure_plate":2,"minecraft:gravel":31,"minecraft:dark_oak_fence":105,"minecraft:oak_boat":11,"minecraft:bone_meal":243,"minecraft:iron_bars":2,"minecraft:rose_bush":1,"minecraft:stone_sword":51,"biomesoplenty:brimstone":2,"minecraft:enchanting_table":1,"adorn:acacia_chair":2,"minecraft:flint_and_steel":7,"minecraft:stone_shovel":534,"minecraft:redstone":9,"minecraft:spruce_planks":1254,"minecraft:wooden_shovel":62,"minecraft:stone_hoe":207,"minecraft:cooked_chicken":1,"minecraft:netherrack":142,"minecraft:orange_bed":7,"minecraft:torch":522,"minecraft:dirt":785,"minecraft:white_carpet":4,"minecraft:spruce_stairs":16,"minecraft:cobblestone_wall":7,"minecraft:granite":1,"minecraft:golden_chestplate":1,"minecraft:spruce_fence":326,"minecraft:wooden_axe":68,"minecraft:bookshelf":17,"minecraft:acacia_slab":58,"minecraft:iron_axe":96,"minecraft:brick_stairs":1,"minecraft:spruce_button":2,"minecraft:smooth_sandstone":220,"minecraft:tripwire_hook":1,"minecraft:glowstone":1,"minecraft:basalt":3,"minecraft:beef":18,"minecraft:cooked_beef":2,"minecraft:cobbled_deepslate":14,"minecraft:acacia_planks":73,"minecraft:iron_leggings":1,"minecraft:calcite":118,"minecraft:wheat_seeds":14,"minecraft:cooked_mutton":14,"minecraft:acacia_boat":11,"minecraft:water_bucket":9,"minecraft:cobblestone_stairs":37,"minecraft:baked_potato":52,"minecraft:fletching_table":2,"minecraft:cobblestone_slab":12,"minecraft:spruce_fence_gate":2,"minecraft:cracked_stone_bricks":7,"minecraft:polished_blackstone_bricks":19,"minecraft:mossy_cobblestone":1,"minecraft:tnt":12,"minecraft:crafting_table":26,"minecraft:brown_banner":1,"minecraft:white_bed":36,"biomesoplenty:hellbark_planks":4,"minecraft:spruce_log":810,"minecraft:piston":6,"minecraft:acacia_stairs":3,"minecraft:diamond_pickaxe":2597,"minecraft:apple":5,"minecraft:oxeye_daisy":3,"minecraft:iron_pickaxe":1776,"minecraft:leather_helmet":2,"minecraft:spruce_trapdoor":40,"minecraft:spruce_sapling":40,"minecraft:acacia_fence_gate":2,"minecraft:stone_axe":2001,"minecraft:cobblestone":416,"minecraft:porkchop":9,"minecraft:bucket":11,"spore:rooted_biomass":1,"minecraft:glass_pane":151,"minecraft:dandelion":3,"minecraft:diamond_leggings":1,"minecraft:chainmail_leggings":1},"minecraft:broken":{"minecraft:golden_helmet":1,"minecraft:wooden_shovel":1,"minecraft:iron_chestplate":1,"minecraft:iron_leggings":1,"minecraft:chainmail_boots":1,"minecraft:stone_pickaxe":6,"minecraft:stone_axe":13,"minecraft:iron_sword":1,"minecraft:wooden_axe":1,"minecraft:stone_shovel":3,"minecraft:golden_chestplate":1,"minecraft:leather_helmet":1,"minecraft:leather_chestplate":1,"minecraft:wooden_pickaxe":1,"minecraft:leather_boots":1,"minecraft:iron_pickaxe":7},"minecraft:killed":{"minecraft:cave_spider":2,"minecraft:spider":3,"minecraft:skeleton":7,"majruszsdifficulty:creeperling":1,"minecraft:piglin":3,"minecraft:pig":2,"spore:inf_player":22,"minecraft:zombie_villager":1,"spore:volatile":1,"mutantmonsters:mutant_skeleton":1,"minecraft:sheep":7,"spore:inf_villager":8,"minecraft:zombie":21,"spore:inf_human":16,"minecraft:stray":1,"minecraft:cow":6,"fear_the_dark:fever_dream":1,"minecraft:husk":5,"spore:stalker":1,"spore:inf_pillager":9,"spore:inf_husk":1,"minecraft:enderman":1},"minecraft:mined":{"minecraft:spruce_planks":323,"minecraft:white_bed":30,"minecraft:farmland":6,"spore:wall_growths":2,"minecraft:cobblestone_stairs":16,"biomesoplenty:brimstone":2,"minecraft:obsidian":55,"minecraft:spruce_trapdoor":4,"biomesoplenty:burning_blossom":13,"minecraft:granite":11,"biomesoplenty:bramble":71,"minecraft:chiseled_polished_blackstone":1,"minecraft:acacia_log":37,"minecraft:grass_block":240,"biomesoplenty:rose_quartz_block":2,"spore:fungal_stem":2,"minecraft:cracked_polished_blackstone_bricks":18,"minecraft:composter":2,"minecraft:oxeye_daisy":2,"minecraft:spawner":1,"minecraft:gilded_blackstone":2,"minecraft:tall_seagrass":1,"minecraft:polished_blackstone_bricks":22,"minecraft:glowstone":1,"minecraft:mossy_cobblestone_stairs":1,"minecraft:iron_ore":11,"minecraft:fire":63,"minecraft:cobbled_deepslate":4,"minecraft:fletching_table":2,"minecraft:pumpkin":2,"minecraft:deepslate_lapis_ore":19,"spore:growth_mycelium":4,"biomesoplenty:hellbark_log":1,"minecraft:dirt_path":14,"minecraft:iron_bars":5,"minecraft:spruce_wood":12,"minecraft:spruce_slab":75,"minecraft:tripwire":1,"minecraft:orange_bed":9,"minecraft:deepslate_redstone_ore":46,"minecraft:blackstone":20,"spore:biomass_lump":1,"biomesoplenty:brimstone_fumarole":1,"minecraft:torch":68,"spore:growths_big":13,"minecraft:poppy":8,"minecraft:calcite":140,"minecraft:chest":4,"minecraft:dead_bush":2,"minecraft:cobblestone":140,"minecraft:oak_planks":4,"minecraft:bricks":19,"minecraft:iron_door":1,"minecraft:wall_torch":30,"biomesoplenty:goldenrod":1,"minecraft:dark_oak_slab":5,"minecraft:wheat":16,"biomesoplenty:large_rose_quartz_bud":3,"minecraft:stone_brick_stairs":2,"minecraft:grass":231,"minecraft:oak_log":23,"minecraft:acacia_fence":4,"minecraft:sand":342,"minecraft:dirt":511,"spore:remains":12,"minecraft:piston":1,"minecraft:ancient_debris":2,"spore:rooted_mycelium":2,"minecraft:netherrack":778,"minecraft:deepslate":2194,"minecraft:oak_leaves":32,"minecraft:tuff":247,"spore:wall_growths_big":5,"minecraft:mossy_cobblestone":5,"minecraft:dark_oak_leaves":12,"minecraft:deepslate_diamond_ore":30,"biomesoplenty:desert_grass":48,"minecraft:dark_oak_log":25,"gravestone:gravestone":66,"minecraft:dark_oak_fence":3,"minecraft:ladder":5,"biomesoplenty:bush":31,"minecraft:spruce_fence":58,"minecraft:brick_stairs":2,"minecraft:redstone_wire":3,"spore:rooted_biomass":2,"minecraft:spruce_leaves":191,"minecraft:acacia_slab":7,"biomesoplenty:dead_grass":13,"minecraft:sandstone":124,"spore:growths_small":5,"minecraft:redstone_ore":2,"minecraft:spruce_sapling":7,"minecraft:furnace":5,"minecraft:carrots":203,"spore:blomfung":5,"minecraft:acacia_stairs":2,"minecraft:andesite":54,"minecraft:stripped_spruce_log":4,"minecraft:peony":4,"minecraft:gold_block":3,"minecraft:bookshelf":3,"minecraft:potatoes":30,"minecraft:cobblestone_slab":5,"minecraft:deepslate_iron_ore":18,"minecraft:vine":1,"minecraft:stone":1148,"biomesoplenty:rose_quartz_cluster":2,"minecraft:redstone_wall_torch":1,"minecraft:podzol":28,"spore:vent_plate":1,"minecraft:acacia_leaves":7,"minecraft:redstone_block":2,"minecraft:glass_pane":90,"minecraft:dandelion":3,"minecraft:basalt":4,"minecraft:spruce_door":5,"minecraft:polished_granite":10,"minecraft:smooth_sandstone":62,"minecraft:crafting_table":12,"minecraft:spruce_button":1,"minecraft:light_gray_wall_banner":1,"minecraft:rose_bush":1,"minecraft:copper_ore":11,"minecraft:tall_grass":30,"minecraft:lapis_ore":9,"biomesoplenty:sprout":20,"minecraft:deepslate_gold_ore":12,"minecraft:diorite":33,"minecraft:spruce_stairs":12,"minecraft:coarse_dirt":12,"minecraft:cobblestone_wall":3,"biomesoplenty:blue_hydrangea":1,"spore:bloomfung2":8,"minecraft:spruce_log":1236,"adorn:spruce_post":1,"minecraft:coal_ore":26,"minecraft:acacia_door":1,"minecraft:gravel":65,"minecraft:cracked_stone_bricks":9,"minecraft:acacia_planks":16,"minecraft:stone_bricks":8,"minecraft:mossy_stone_bricks":8},"minecraft:killed_by":{"spore:volatile":2,"spore:knight":2,"spore:inf_human":18,"the_impersonator:the_impersonator":4,"steve_dweller:steve_dweller":2,"spore:inf_pillager":4,"fear_the_dark:fever_dream":20,"midnightlurker:void_hands":2,"spore:inf_player":29,"spore:inf_husk":1,"mimic_dweller:mimic_dweller":9,"minecraft:piglin":1,"spore:inf_villager":13,"minecraft:zombie":2,"minecraft:player":5,"spore:busser":6,"minecraft:spider":1,"mutantmonsters:mutant_skeleton":8,"minecraft:skeleton":1,"spore:stalker":5,"cave_dweller:cave_dweller":3},"minecraft:crafted":{"minecraft:oak_planks":76,"minecraft:cobblestone_slab":12,"minecraft:cut_sandstone":4,"minecraft:cut_sandstone_slab":6,"minecraft:oak_pressure_plate":2,"usefulbackpacks:backpack_small":1,"minecraft:cobblestone_stairs":24,"minecraft:stone":2,"minecraft:lever":1,"minecraft:bookshelf":17,"minecraft:glass":35,"minecraft:diamond_leggings":1,"minecraft:bow":1,"spore:fleshy_bone":3,"spore:fleshy_claw":2,"biomesoplenty:hellbark_planks":4,"minecraft:chest":16,"minecraft:acacia_fence":33,"minecraft:iron_door":9,"minecraft:rail":16,"minecraft:stone_hoe":1,"minecraft:wooden_shovel":2,"spore:symbiotic_reagent":1,"minecraft:crafting_table":12,"minecraft:spruce_planks":2204,"minecraft:acacia_slab":60,"minecraft:wooden_pickaxe":1,"minecraft:baked_potato":11,"minecraft:spruce_door":9,"minecraft:fletching_table":1,"minecraft:tnt":6,"spore:spine":1,"minecraft:spruce_trapdoor":6,"minecraft:dark_oak_slab":132,"minecraft:diamond_pickaxe":3,"minecraft:charcoal":2,"minecraft:shield":3,"minecraft:stick":732,"minecraft:iron_ingot":48,"minecraft:iron_pickaxe":6,"minecraft:acacia_door":3,"minecraft:sandstone":84,"minecraft:redstone_torch":1,"minecraft:spruce_fence_gate":2,"minecraft:stone_shovel":9,"minecraft:spruce_button":1,"minecraft:acacia_fence_gate":2,"minecraft:furnace":4,"minecraft:stone_button":2,"minecraft:piston":5,"minecraft:bone_meal":456,"minecraft:white_carpet":6,"minecraft:spruce_fence":279,"minecraft:glass_pane":176,"minecraft:flint_and_steel":2,"minecraft:spruce_stairs":8,"minecraft:dark_oak_fence":102,"minecraft:spruce_wood":27,"minecraft:ladder":117,"minecraft:spruce_slab":294,"minecraft:stone_pickaxe":6,"minecraft:cobblestone_wall":6,"adorn:acacia_chair":2,"minecraft:diamond_boots":1,"minecraft:spruce_boat":4,"minecraft:redstone_block":2,"minecraft:dark_oak_planks":220,"spore:living_core":1,"minecraft:smooth_sandstone":163,"minecraft:sandstone_slab":36,"minecraft:bucket":2,"minecraft:acacia_stairs":4,"minecraft:stone_axe":14,"minecraft:glowstone":1,"minecraft:bread":18,"minecraft:acacia_boat":4,"minecraft:air":0,"minecraft:oak_boat":3,"minecraft:white_wool":7,"minecraft:wooden_axe":1,"minecraft:iron_leggings":1,"minecraft:white_bed":7,"minecraft:acacia_planks":168,"spore:nerves":16,"minecraft:torch":380,"minecraft:diamond_chestplate":1},"minecraft:dropped":{"minecraft:crafting_table":1,"minecraft:brown_banner":5,"minecraft:flint":12,"minecraft:cobblestone_stairs":2,"minecraft:dirt":125,"minecraft:dark_oak_log":1,"biomesoplenty:rose_quartz_block":2,"usefulbackpacks:backpack_small":1,"gravestone:obituary":102,"minecraft:bone_meal":10,"minecraft:sand":15,"minecraft:white_wool":1,"minecraft:bone":58,"minecraft:gravel":5,"minecraft:sugar_cane":12,"minecraft:cobbled_deepslate":103,"minecraft:rotten_flesh":2,"minecraft:oak_planks":1,"minecraft:carrot":739,"minecraft:leather_chestplate":1,"biomesoplenty:wildflower":4,"minecraft:melon_seeds":1,"minecraft:acacia_slab":4,"minecraft:ladder":8,"minecraft:arrow":1,"minecraft:glass":5,"spore:alveolic_sack":2,"minecraft:quartz":7,"minecraft:polished_granite":4,"minecraft:netherrack":583,"minecraft:bread":4,"minecraft:iron_ingot":9,"minecraft:wheat_seeds":7,"minecraft:poisonous_potato":2,"minecraft:cobblestone":34,"minecraft:spruce_door":4,"minecraft:stick":2,"minecraft:diorite":7,"minecraft:potion":1,"spore:mutated_heart":1,"spore:symbiotic_reagent":1,"minecraft:acacia_planks":65,"minecraft:spruce_sapling":48,"minecraft:furnace":1,"spore:nerves":5,"minecraft:stone_sword":2,"minecraft:raw_copper":10,"minecraft:tuff":74,"minecraft:raw_iron":1,"minecraft:stone_shovel":2,"spore:cerebrum":1,"spore:mutated_fiber":3,"minecraft:spruce_fence":12,"minecraft:pumpkin_seeds":1,"minecraft:cobblestone_slab":3,"minecraft:shield":3,"minecraft:spruce_planks":7,"minecraft:diamond_pickaxe":1,"minecraft:oak_boat":2,"minecraft:oak_sapling":2,"minecraft:redstone_torch":2,"minecraft:spruce_log":88,"minecraft:stone_pickaxe":7,"minecraft:wooden_pickaxe":4},"minecraft:custom":{"minecraft:interact_with_crafting_table":232,"minecraft:bell_ring":3,"minecraft:leave_game":15,"minecraft:time_since_death":15649,"minecraft:sprint_one_cm":2722014,"minecraft:damage_blocked_by_shield":2734,"minecraft:drop":296,"minecraft:talked_to_villager":15,"minecraft:play_time":1183330,"minecraft:deaths":152,"minecraft:jump":12711,"minecraft:walk_on_water_one_cm":222592,"minecraft:interact_with_furnace":110,"minecraft:sleep_in_bed":25,"minecraft:damage_dealt":28843,"minecraft:player_kills":1,"minecraft:crouch_one_cm":159119,"minecraft:interact_with_smoker":4,"adorn:interact_with_shelf":2,"minecraft:mob_kills":130,"minecraft:damage_dealt_resisted":171,"minecraft:climb_one_cm":207692,"adorn:sit_on_chair":3,"minecraft:walk_one_cm":4345768,"minecraft:sneak_time":59538,"minecraft:walk_under_water_one_cm":33400,"minecraft:boat_one_cm":485520,"minecraft:total_world_time":1183330,"minecraft:time_since_rest":15674,"minecraft:damage_absorbed":41,"minecraft:damage_taken":48853,"minecraft:trigger_trapped_chest":35,"minecraft:swim_one_cm":286417,"minecraft:fly_one_cm":1968450,"minecraft:open_chest":670,"minecraft:fall_one_cm":336702},"minecraft:picked_up":{"minecraft:wooden_axe":2,"minecraft:iron_chestplate":4,"spore:mutated_heart":11,"biomesoplenty:burning_blossom":14,"minecraft:wheat":24,"minecraft:redstone_block":2,"minecraft:flower_pot":3,"minecraft:potion":2,"minecraft:gilded_blackstone":4,"minecraft:stone_brick_stairs":2,"spore:innards":1,"minecraft:string":10,"minecraft:raw_copper":36,"minecraft:pufferfish":2,"biomesoplenty:brimstone":2,"spore:symbiotic_reagent":1,"minecraft:gold_nugget":8,"minecraft:cobbled_deepslate":2497,"minecraft:spruce_planks":699,"adorn:oak_post":4,"minecraft:rose_bush":1,"minecraft:redstone_torch":2,"minecraft:cobblestone_slab":30,"minecraft:calcite":310,"minecraft:wooden_shovel":2,"minecraft:iron_pickaxe":2,"minecraft:melon_slice":14,"minecraft:iron_boots":1,"minecraft:furnace":22,"minecraft:tipped_arrow":1,"adorn:guide_book":1,"minecraft:golden_helmet":1,"biomesoplenty:rose_quartz_block":2,"minecraft:stick":135,"minecraft:acacia_fence":28,"minecraft:composter":2,"minecraft:torch":137,"minecraft:acacia_log":129,"minecraft:spruce_stairs":36,"minecraft:porkchop":10,"minecraft:diorite":38,"minecraft:light_gray_banner":1,"minecraft:golden_chestplate":5,"minecraft:orange_bed":10,"minecraft:stone_sword":5,"minecraft:rotten_flesh":54,"minecraft:leather_horse_armor":1,"minecraft:obsidian":51,"minecraft:iron_bars":7,"minecraft:cod":2,"minecraft:cobblestone":2305,"minecraft:leather_chestplate":10,"minecraft:cooked_beef":4,"minecraft:iron_door":1,"minecraft:water_bucket":4,"minecraft:andesite":55,"minecraft:potato":444,"minecraft:flint":29,"minecraft:tuff":364,"minecraft:acacia_boat":13,"minecraft:map":2,"minecraft:lapis_lazuli":173,"minecraft:dirt":1555,"minecraft:polished_granite":19,"minecraft:leather_boots":2,"minecraft:glass":88,"minecraft:bone":196,"minecraft:acacia_planks":699,"minecraft:wheat_seeds":120,"minecraft:raw_gold":11,"minecraft:bell":7,"minecraft:fletching_table":2,"minecraft:mossy_stone_bricks":5,"minecraft:glowstone_dust":4,"minecraft:oak_planks":138,"minecraft:stone_hoe":13,"minecraft:ghast_tear":5,"spore:cerebrum":15,"minecraft:chiseled_polished_blackstone":3,"minecraft:cooked_porkchop":14,"spore:armor_fragment":3,"minecraft:poisonous_potato":2,"minecraft:sand":670,"minecraft:stripped_spruce_log":4,"minecraft:ink_sac":2,"minecraft:dead_bush":8,"minecraft:grass_block":1,"minecraft:acacia_stairs":3,"minecraft:spectral_arrow":6,"minecraft:dark_oak_log":229,"minecraft:mossy_cobblestone":2,"biomesoplenty:hellbark_log":1,"spore:claw_fragment":3,"minecraft:stripped_acacia_log":2,"minecraft:diamond":36,"minecraft:spruce_boat":3,"minecraft:cracked_polished_blackstone_bricks":56,"minecraft:granite":8,"minecraft:bone_meal":4,"minecraft:spruce_button":1,"minecraft:emerald":6,"minecraft:bread":454,"spore:spine_fragment":10,"minecraft:oak_sapling":12,"minecraft:netherrack":802,"minecraft:dark_oak_fence":5,"minecraft:bricks":23,"minecraft:diamond_pickaxe":1,"minecraft:coarse_dirt":31,"minecraft:spruce_leaves":2,"minecraft:crafting_table":21,"minecraft:chicken":2,"minecraft:ladder":15,"minecraft:golden_pickaxe":1,"minecraft:leather_leggings":3,"minecraft:brown_mushroom":2,"minecraft:wooden_pickaxe":13,"minecraft:gold_block":25,"gravestone:obituary":69,"minecraft:shield":16,"biomesoplenty:rose_quartz_shard":13,"fear_the_dark:leg_spike":7,"minecraft:acacia_door":12,"minecraft:blackstone":20,"minecraft:glass_pane":164,"minecraft:cracked_stone_bricks":9,"usefulbackpacks:backpack_small":6,"minecraft:beef":50,"minecraft:oak_boat":15,"minecraft:poppy":8,"minecraft:light_gray_wool":4,"minecraft:spruce_slab":76,"minecraft:sugar_cane":41,"minecraft:chest":4,"minecraft:piston":1,"minecraft:spruce_trapdoor":40,"minecraft:egg":1,"minecraft:raw_iron":33,"spore:tumor":2,"minecraft:sandstone":484,"minecraft:copper_ingot":2,"minecraft:spruce_fence":141,"minecraft:polished_blackstone_bricks":35,"minecraft:carrot":922,"minecraft:redstone":216,"minecraft:dark_oak_planks":271,"minecraft:arrow":67,"biomesoplenty:blue_hydrangea":2,"minecraft:stone_shovel":19,"minecraft:cooked_cod":1,"minecraft:shears":5,"adorn:spruce_post":1,"minecraft:gold_ingot":3,"minecraft:brick_stairs":6,"minecraft:mutton":30,"minecraft:white_wool":44,"minecraft:oxeye_daisy":3,"spore:altered_spleen":1,"minecraft:basalt":4,"spore:rooted_biomass":1,"minecraft:leather":99,"minecraft:oak_log":58,"minecraft:chainmail_chestplate":2,"minecraft:ancient_debris":2,"minecraft:golden_boots":1,"minecraft:cobblestone_wall":5,"minecraft:gunpowder":14,"minecraft:cobblestone_stairs":18,"minecraft:cooked_mutton":30,"minecraft:smooth_sandstone":62,"minecraft:stone_bricks":1,"minecraft:spruce_wood":8,"minecraft:iron_ingot":30,"minecraft:stone_pickaxe":21,"spore:mutated_fiber":125,"minecraft:iron_sword":1,"minecraft:acacia_sapling":38,"minecraft:book":177,"minecraft:dark_oak_slab":5,"minecraft:pumpkin":4,"minecraft:quartz":10,"minecraft:dandelion":3,"minecraft:gravel":111,"minecraft:spruce_sapling":116,"minecraft:white_bed":35,"minecraft:spruce_log":1671,"minecraft:spider_eye":4,"minecraft:spruce_door":12,"minecraft:leather_helmet":8,"spore:vent_plate":4,"minecraft:pumpkin_seeds":9,"biomesoplenty:bramble":75,"minecraft:stone_axe":19,"minecraft:chainmail_leggings":1,"minecraft:diamond_axe":2,"minecraft:mossy_cobblestone_stairs":3,"minecraft:baked_potato":36,"minecraft:brown_banner":7,"minecraft:acacia_slab":26,"minecraft:melon_seeds":6,"minecraft:smooth_quartz_slab":4,"minecraft:coal":95,"minecraft:ender_pearl":5}},"DataVersion":3120}