{"stats":{"minecraft:crafted":{"minecraft:oak_planks":56,"minecraft:cobblestone_slab":12,"minecraft:cut_sandstone":4,"minecraft:cut_sandstone_slab":6,"minecraft:oak_pressure_plate":1,"usefulbackpacks:backpack_small":1,"minecraft:stone":2,"minecraft:cobblestone_stairs":20,"minecraft:lever":1,"minecraft:bookshelf":17,"minecraft:glass":32,"minecraft:bow":1,"minecraft:chest":15,"biomesoplenty:hellbark_planks":4,"minecraft:acacia_fence":33,"minecraft:iron_door":9,"minecraft:wooden_shovel":2,"minecraft:crafting_table":7,"minecraft:spruce_planks":2192,"minecraft:acacia_slab":60,"minecraft:wooden_pickaxe":1,"minecraft:baked_potato":11,"minecraft:spruce_door":9,"minecraft:tnt":6,"spore:spine":1,"minecraft:spruce_trapdoor":6,"minecraft:dark_oak_slab":132,"minecraft:charcoal":2,"minecraft:shield":2,"minecraft:stick":648,"minecraft:iron_ingot":11,"minecraft:sandstone":84,"minecraft:acacia_door":3,"minecraft:redstone_torch":1,"minecraft:spruce_fence_gate":2,"minecraft:stone_shovel":8,"minecraft:spruce_button":1,"minecraft:stone_button":2,"minecraft:furnace":3,"minecraft:acacia_fence_gate":2,"minecraft:piston":1,"minecraft:bone_meal":78,"minecraft:spruce_fence":279,"minecraft:glass_pane":176,"minecraft:flint_and_steel":1,"minecraft:spruce_stairs":8,"minecraft:dark_oak_fence":102,"minecraft:spruce_wood":27,"minecraft:ladder":117,"minecraft:spruce_slab":270,"minecraft:stone_pickaxe":4,"minecraft:cobblestone_wall":6,"adorn:acacia_chair":2,"minecraft:spruce_boat":3,"minecraft:redstone_block":2,"minecraft:dark_oak_planks":220,"minecraft:smooth_sandstone":163,"minecraft:sandstone_slab":36,"minecraft:bucket":1,"minecraft:acacia_stairs":4,"minecraft:stone_axe":14,"minecraft:glowstone":1,"minecraft:acacia_boat":4,"minecraft:bread":18,"minecraft:air":0,"minecraft:white_wool":3,"minecraft:wooden_axe":1,"minecraft:iron_leggings":1,"minecraft:white_bed":2,"minecraft:acacia_planks":152,"spore:nerves":8,"minecraft:torch":140},"minecraft:picked_up":{"minecraft:wooden_axe":2,"minecraft:iron_chestplate":4,"spore:mutated_heart":11,"biomesoplenty:burning_blossom":14,"minecraft:wheat":24,"minecraft:redstone_block":2,"minecraft:flower_pot":3,"minecraft:potion":2,"minecraft:gilded_blackstone":4,"minecraft:stone_brick_stairs":2,"minecraft:string":8,"minecraft:pufferfish":2,"biomesoplenty:brimstone":2,"minecraft:gold_nugget":8,"minecraft:cobbled_deepslate":776,"minecraft:spruce_planks":677,"adorn:oak_post":4,"minecraft:redstone_torch":1,"minecraft:cobblestone_slab":30,"minecraft:calcite":310,"minecraft:wooden_shovel":2,"minecraft:iron_pickaxe":2,"minecraft:melon_slice":14,"minecraft:furnace":18,"minecraft:iron_boots":1,"minecraft:tipped_arrow":1,"adorn:guide_book":1,"minecraft:golden_helmet":1,"biomesoplenty:rose_quartz_block":2,"minecraft:stick":134,"minecraft:acacia_fence":28,"minecraft:torch":74,"minecraft:acacia_log":125,"minecraft:spruce_stairs":36,"minecraft:porkchop":10,"minecraft:diorite":13,"minecraft:light_gray_banner":1,"minecraft:golden_chestplate":5,"minecraft:orange_bed":10,"minecraft:stone_sword":5,"minecraft:rotten_flesh":46,"minecraft:leather_horse_armor":1,"minecraft:iron_bars":7,"minecraft:cod":2,"minecraft:cobblestone":1391,"minecraft:leather_chestplate":10,"minecraft:cooked_beef":4,"minecraft:iron_door":1,"minecraft:water_bucket":4,"minecraft:andesite":41,"minecraft:potato":355,"minecraft:flint":5,"minecraft:tuff":191,"minecraft:acacia_boat":13,"minecraft:map":2,"minecraft:dirt":1057,"minecraft:polished_granite":19,"minecraft:leather_boots":2,"minecraft:glass":88,"minecraft:bone":59,"minecraft:acacia_planks":699,"minecraft:wheat_seeds":115,"minecraft:bell":7,"minecraft:mossy_stone_bricks":5,"minecraft:glowstone_dust":4,"minecraft:stone_hoe":13,"minecraft:oak_planks":138,"minecraft:ghast_tear":5,"spore:cerebrum":15,"minecraft:chiseled_polished_blackstone":3,"minecraft:poisonous_potato":2,"minecraft:sand":665,"minecraft:stripped_spruce_log":4,"minecraft:ink_sac":2,"minecraft:dead_bush":8,"minecraft:grass_block":1,"minecraft:acacia_stairs":3,"minecraft:spectral_arrow":6,"minecraft:dark_oak_log":229,"minecraft:mossy_cobblestone":2,"biomesoplenty:hellbark_log":1,"spore:claw_fragment":2,"minecraft:stripped_acacia_log":2,"minecraft:diamond":6,"minecraft:spruce_boat":3,"minecraft:cracked_polished_blackstone_bricks":56,"minecraft:granite":7,"minecraft:bone_meal":4,"minecraft:spruce_button":1,"minecraft:emerald":6,"minecraft:bread":454,"spore:spine_fragment":10,"minecraft:oak_sapling":12,"minecraft:netherrack":6,"minecraft:dark_oak_fence":5,"minecraft:bricks":23,"minecraft:diamond_pickaxe":1,"minecraft:spruce_leaves":2,"minecraft:coarse_dirt":31,"minecraft:crafting_table":12,"minecraft:chicken":2,"minecraft:ladder":11,"minecraft:golden_pickaxe":1,"minecraft:leather_leggings":3,"minecraft:brown_mushroom":2,"minecraft:wooden_pickaxe":13,"minecraft:gold_block":25,"gravestone:obituary":50,"minecraft:shield":16,"biomesoplenty:rose_quartz_shard":13,"minecraft:acacia_door":12,"fear_the_dark:leg_spike":7,"minecraft:blackstone":20,"minecraft:glass_pane":164,"minecraft:cracked_stone_bricks":9,"usefulbackpacks:backpack_small":6,"minecraft:beef":50,"minecraft:oak_boat":6,"minecraft:poppy":8,"minecraft:light_gray_wool":4,"minecraft:spruce_slab":71,"minecraft:sugar_cane":41,"minecraft:chest":4,"minecraft:piston":1,"minecraft:spruce_trapdoor":1,"minecraft:raw_iron":11,"minecraft:sandstone":484,"minecraft:copper_ingot":2,"minecraft:spruce_fence":139,"minecraft:polished_blackstone_bricks":35,"minecraft:carrot":20,"minecraft:redstone":3,"minecraft:dark_oak_planks":271,"minecraft:arrow":66,"minecraft:stone_shovel":19,"biomesoplenty:blue_hydrangea":2,"minecraft:cooked_cod":1,"minecraft:shears":5,"minecraft:gold_ingot":3,"minecraft:brick_stairs":6,"minecraft:mutton":28,"minecraft:white_wool":32,"minecraft:oxeye_daisy":3,"spore:altered_spleen":1,"minecraft:basalt":4,"minecraft:leather":99,"minecraft:oak_log":53,"minecraft:chainmail_chestplate":2,"minecraft:cobblestone_stairs":16,"minecraft:golden_boots":1,"minecraft:cobblestone_wall":5,"minecraft:gunpowder":14,"minecraft:cooked_mutton":30,"minecraft:smooth_sandstone":62,"minecraft:stone_bricks":1,"minecraft:spruce_wood":8,"minecraft:iron_ingot":26,"minecraft:stone_pickaxe":20,"spore:mutated_fiber":113,"minecraft:iron_sword":1,"minecraft:acacia_sapling":38,"minecraft:book":177,"minecraft:dark_oak_slab":5,"minecraft:pumpkin":4,"minecraft:quartz":8,"minecraft:dandelion":3,"minecraft:gravel":4,"minecraft:spruce_sapling":116,"minecraft:white_bed":4,"minecraft:spruce_log":1569,"minecraft:spruce_door":12,"minecraft:spider_eye":3,"minecraft:leather_helmet":8,"spore:vent_plate":4,"minecraft:pumpkin_seeds":9,"biomesoplenty:bramble":73,"minecraft:stone_axe":19,"minecraft:chainmail_leggings":1,"minecraft:diamond_axe":2,"minecraft:mossy_cobblestone_stairs":3,"minecraft:baked_potato":4,"minecraft:acacia_slab":26,"minecraft:melon_seeds":6,"minecraft:smooth_quartz_slab":4,"minecraft:coal":46,"minecraft:ender_pearl":4},"minecraft:used":{"fear_the_dark:leg_spike":62,"minecraft:iron_shovel":10,"minecraft:spruce_slab":335,"minecraft:ladder":80,"minecraft:poppy":6,"minecraft:chest":19,"minecraft:shield":24,"minecraft:iron_sword":50,"biomesoplenty:bramble":3,"minecraft:bell":1,"minecraft:iron_chestplate":2,"minecraft:mutton":1,"minecraft:carrot":111,"minecraft:tuff":16,"minecraft:stripped_spruce_log":1,"minecraft:spruce_boat":2,"minecraft:lava_bucket":1,"minecraft:bricks":15,"minecraft:spruce_wood":33,"spore:vent_plate":1,"minecraft:dark_oak_slab":137,"minecraft:stone_brick_stairs":2,"minecraft:stone_bricks":1,"minecraft:bow":38,"minecraft:furnace":4,"minecraft:cooked_cod":7,"minecraft:acacia_fence":30,"minecraft:potato":22,"minecraft:chiseled_polished_blackstone":1,"minecraft:diorite":1,"minecraft:leather_leggings":1,"minecraft:spruce_door":14,"minecraft:stone_pickaxe":740,"minecraft:oak_planks":13,"minecraft:leather_chestplate":1,"minecraft:wooden_pickaxe":33,"minecraft:sandstone":21,"minecraft:redstone_block":3,"minecraft:diamond_axe":27,"minecraft:golden_apple":2,"minecraft:sand":186,"minecraft:redstone_torch":1,"minecraft:lever":1,"minecraft:acacia_door":3,"minecraft:dark_oak_log":2,"minecraft:stone_button":2,"minecraft:melon_slice":4,"minecraft:bread":41,"minecraft:string":1,"minecraft:oak_pressure_plate":1,"adorn:guide_book":1,"minecraft:polished_granite":11,"minecraft:iron_door":4,"minecraft:dark_oak_fence":105,"minecraft:oak_boat":1,"minecraft:bone_meal":59,"minecraft:enchanting_table":1,"minecraft:iron_bars":2,"minecraft:stone_sword":46,"biomesoplenty:brimstone":2,"adorn:acacia_chair":2,"minecraft:flint_and_steel":2,"minecraft:redstone":9,"minecraft:stone_shovel":526,"minecraft:spruce_planks":1200,"minecraft:wooden_shovel":62,"minecraft:stone_hoe":124,"minecraft:cooked_chicken":1,"minecraft:netherrack":5,"minecraft:orange_bed":7,"minecraft:torch":221,"minecraft:dirt":473,"minecraft:spruce_stairs":16,"minecraft:cobblestone_wall":7,"minecraft:golden_chestplate":1,"minecraft:spruce_fence":324,"minecraft:wooden_axe":68,"minecraft:bookshelf":17,"minecraft:iron_axe":29,"minecraft:smooth_sandstone":220,"minecraft:brick_stairs":1,"minecraft:spruce_button":2,"minecraft:acacia_slab":58,"minecraft:tripwire_hook":1,"minecraft:glowstone":1,"minecraft:basalt":3,"minecraft:beef":18,"minecraft:cooked_beef":2,"minecraft:cobbled_deepslate":1,"minecraft:acacia_planks":73,"minecraft:iron_leggings":1,"minecraft:calcite":118,"minecraft:wheat_seeds":14,"minecraft:cooked_mutton":14,"minecraft:acacia_boat":11,"minecraft:cobblestone_stairs":34,"minecraft:baked_potato":20,"minecraft:spruce_fence_gate":2,"minecraft:cobblestone_slab":12,"minecraft:cracked_stone_bricks":7,"minecraft:polished_blackstone_bricks":19,"minecraft:mossy_cobblestone":1,"minecraft:tnt":12,"minecraft:crafting_table":14,"minecraft:white_bed":2,"biomesoplenty:hellbark_planks":4,"minecraft:spruce_log":802,"minecraft:diamond_pickaxe":2,"minecraft:piston":2,"minecraft:acacia_stairs":3,"minecraft:apple":5,"minecraft:oxeye_daisy":3,"minecraft:iron_pickaxe":258,"minecraft:leather_helmet":2,"minecraft:spruce_trapdoor":7,"minecraft:spruce_sapling":40,"minecraft:acacia_fence_gate":2,"minecraft:stone_axe":2001,"minecraft:cobblestone":235,"minecraft:porkchop":9,"minecraft:bucket":1,"minecraft:glass_pane":151,"minecraft:dandelion":3,"minecraft:chainmail_leggings":1},"minecraft:dropped":{"minecraft:dirt":87,"minecraft:dark_oak_log":1,"biomesoplenty:rose_quartz_block":2,"usefulbackpacks:backpack_small":1,"gravestone:obituary":75,"minecraft:bone_meal":10,"minecraft:sand":10,"minecraft:white_wool":1,"minecraft:bone":1,"minecraft:sugar_cane":12,"minecraft:rotten_flesh":2,"minecraft:leather_chestplate":1,"minecraft:melon_seeds":1,"minecraft:acacia_slab":4,"minecraft:ladder":8,"minecraft:arrow":1,"spore:alveolic_sack":2,"minecraft:quartz":5,"minecraft:polished_granite":4,"minecraft:netherrack":1,"minecraft:iron_ingot":9,"minecraft:bread":4,"minecraft:wheat_seeds":4,"minecraft:poisonous_potato":2,"minecraft:cobblestone":1,"minecraft:spruce_door":4,"minecraft:stick":2,"minecraft:diorite":1,"minecraft:potion":1,"spore:mutated_heart":1,"minecraft:acacia_planks":64,"minecraft:spruce_sapling":1,"minecraft:stone_sword":2,"minecraft:tuff":20,"minecraft:stone_shovel":2,"spore:cerebrum":1,"spore:mutated_fiber":3,"minecraft:spruce_fence":12,"minecraft:pumpkin_seeds":1,"minecraft:cobblestone_slab":3,"minecraft:shield":2,"minecraft:spruce_planks":7,"minecraft:diamond_pickaxe":1,"minecraft:oak_sapling":2,"minecraft:spruce_log":88,"minecraft:stone_pickaxe":5,"minecraft:wooden_pickaxe":4},"minecraft:killed_by":{"spore:volatile":2,"spore:inf_human":18,"the_impersonator:the_impersonator":4,"steve_dweller:steve_dweller":2,"spore:inf_pillager":4,"fear_the_dark:fever_dream":15,"midnightlurker:void_hands":2,"spore:inf_player":29,"spore:inf_husk":1,"mimic_dweller:mimic_dweller":6,"minecraft:piglin":1,"spore:inf_villager":13,"minecraft:zombie":2,"minecraft:player":2,"spore:busser":6,"mutantmonsters:mutant_skeleton":7,"minecraft:skeleton":1,"spore:stalker":5,"cave_dweller:cave_dweller":2},"minecraft:broken":{"minecraft:golden_helmet":1,"minecraft:wooden_shovel":1,"minecraft:iron_leggings":1,"minecraft:stone_pickaxe":4,"minecraft:stone_axe":13,"minecraft:iron_sword":1,"minecraft:wooden_axe":1,"minecraft:stone_shovel":3,"minecraft:golden_chestplate":1,"minecraft:leather_helmet":1,"minecraft:leather_chestplate":1,"minecraft:wooden_pickaxe":1,"minecraft:leather_boots":1,"minecraft:iron_pickaxe":1},"minecraft:killed":{"minecraft:cave_spider":2,"minecraft:spider":1,"minecraft:skeleton":7,"majruszsdifficulty:creeperling":1,"minecraft:piglin":3,"minecraft:pig":2,"spore:inf_player":18,"minecraft:zombie_villager":1,"spore:volatile":1,"mutantmonsters:mutant_skeleton":1,"minecraft:sheep":6,"spore:inf_villager":8,"minecraft:zombie":16,"spore:inf_human":11,"minecraft:stray":1,"minecraft:cow":6,"fear_the_dark:fever_dream":1,"minecraft:husk":3,"spore:stalker":1,"spore:inf_pillager":8,"spore:inf_husk":1},"minecraft:custom":{"minecraft:interact_with_crafting_table":178,"minecraft:bell_ring":3,"minecraft:leave_game":12,"minecraft:time_since_death":10468,"minecraft:sprint_one_cm":2144082,"minecraft:damage_blocked_by_shield":2206,"minecraft:drop":166,"minecraft:play_time":817227,"minecraft:deaths":135,"minecraft:jump":9475,"minecraft:walk_on_water_one_cm":162807,"minecraft:interact_with_furnace":75,"minecraft:sleep_in_bed":25,"minecraft:damage_dealt":24918,"minecraft:player_kills":1,"minecraft:crouch_one_cm":132885,"minecraft:mob_kills":111,"minecraft:damage_dealt_resisted":171,"minecraft:climb_one_cm":139609,"adorn:sit_on_chair":3,"minecraft:walk_one_cm":3252195,"minecraft:sneak_time":46180,"minecraft:walk_under_water_one_cm":24485,"minecraft:boat_one_cm":251902,"minecraft:total_world_time":817227,"minecraft:time_since_rest":10491,"minecraft:damage_absorbed":41,"minecraft:damage_taken":41610,"minecraft:trigger_trapped_chest":35,"minecraft:swim_one_cm":225361,"minecraft:fly_one_cm":1455424,"minecraft:open_chest":392,"minecraft:fall_one_cm":264995},"minecraft:mined":{"minecraft:spruce_planks":301,"minecraft:white_bed":1,"minecraft:cobblestone_stairs":14,"biomesoplenty:brimstone":2,"minecraft:spruce_trapdoor":1,"biomesoplenty:burning_blossom":13,"minecraft:granite":10,"biomesoplenty:bramble":71,"minecraft:chiseled_polished_blackstone":1,"minecraft:acacia_log":37,"minecraft:grass_block":201,"biomesoplenty:rose_quartz_block":2,"minecraft:cracked_polished_blackstone_bricks":18,"minecraft:oxeye_daisy":2,"minecraft:gilded_blackstone":2,"minecraft:spawner":1,"minecraft:polished_blackstone_bricks":22,"minecraft:tall_seagrass":1,"minecraft:glowstone":1,"minecraft:mossy_cobblestone_stairs":1,"minecraft:iron_ore":5,"minecraft:cobbled_deepslate":3,"minecraft:fire":37,"minecraft:pumpkin":2,"biomesoplenty:hellbark_log":1,"minecraft:iron_bars":5,"minecraft:spruce_wood":12,"minecraft:spruce_slab":70,"minecraft:tripwire":1,"minecraft:orange_bed":9,"minecraft:blackstone":20,"biomesoplenty:brimstone_fumarole":1,"spore:growths_big":7,"minecraft:torch":43,"minecraft:calcite":140,"minecraft:poppy":8,"minecraft:chest":4,"minecraft:dead_bush":2,"minecraft:cobblestone":89,"minecraft:oak_planks":4,"minecraft:bricks":19,"minecraft:iron_door":1,"minecraft:wall_torch":6,"minecraft:dark_oak_slab":5,"minecraft:wheat":12,"biomesoplenty:large_rose_quartz_bud":3,"minecraft:stone_brick_stairs":2,"minecraft:grass":216,"minecraft:oak_log":18,"minecraft:acacia_fence":4,"minecraft:sand":337,"minecraft:dirt":153,"minecraft:piston":1,"minecraft:netherrack":7,"spore:remains":8,"minecraft:oak_leaves":30,"minecraft:tuff":15,"minecraft:mossy_cobblestone":5,"minecraft:dark_oak_leaves":12,"biomesoplenty:desert_grass":45,"minecraft:dark_oak_log":25,"minecraft:ladder":1,"gravestone:gravestone":54,"minecraft:dark_oak_fence":3,"biomesoplenty:bush":26,"minecraft:spruce_fence":56,"minecraft:brick_stairs":2,"minecraft:redstone_wire":3,"minecraft:spruce_leaves":191,"minecraft:acacia_slab":7,"biomesoplenty:dead_grass":13,"minecraft:sandstone":124,"spore:growths_small":1,"minecraft:spruce_sapling":7,"minecraft:furnace":2,"minecraft:carrots":4,"minecraft:acacia_stairs":2,"minecraft:andesite":40,"minecraft:stripped_spruce_log":4,"minecraft:peony":4,"minecraft:gold_block":3,"minecraft:bookshelf":3,"minecraft:potatoes":11,"minecraft:cobblestone_slab":5,"minecraft:vine":1,"minecraft:stone":255,"biomesoplenty:rose_quartz_cluster":2,"minecraft:redstone_wall_torch":1,"spore:vent_plate":1,"minecraft:podzol":28,"minecraft:acacia_leaves":7,"minecraft:redstone_block":2,"minecraft:glass_pane":90,"minecraft:basalt":4,"minecraft:dandelion":3,"minecraft:spruce_door":5,"minecraft:polished_granite":10,"minecraft:smooth_sandstone":62,"minecraft:crafting_table":4,"minecraft:spruce_button":1,"minecraft:light_gray_wall_banner":1,"minecraft:copper_ore":3,"minecraft:tall_grass":30,"biomesoplenty:sprout":20,"minecraft:diorite":4,"minecraft:spruce_stairs":12,"minecraft:coarse_dirt":12,"minecraft:cobblestone_wall":3,"biomesoplenty:blue_hydrangea":1,"minecraft:spruce_log":1236,"minecraft:acacia_door":1,"minecraft:gravel":1,"minecraft:cracked_stone_bricks":9,"minecraft:acacia_planks":16,"minecraft:stone_bricks":8,"minecraft:mossy_stone_bricks":8}},"DataVersion":3120}