{"stats":{"minecraft:mined":{"minecraft:tuff":1,"minecraft:white_bed":1,"minecraft:ladder":3,"gravestone:gravestone":4,"minecraft:granite":20,"minecraft:budding_amethyst":2,"minecraft:grass_block":45,"biomesoplenty:flowering_oak_leaves":2,"minecraft:redstone_wire":4,"minecraft:coal_block":24,"minecraft:moss_block":1,"minecraft:smooth_stone":1,"minecraft:hay_block":25,"minecraft:furnace":6,"minecraft:iron_ore":29,"minecraft:andesite":17,"minecraft:moss_carpet":1,"minecraft:fletching_table":4,"biomesoplenty:hanging_cobweb":2,"minecraft:bookshelf":21,"minecraft:dirt_path":10,"minecraft:small_amethyst_bud":1,"minecraft:stripped_oak_log":9,"minecraft:potted_cornflower":1,"minecraft:stone":548,"biomesoplenty:spider_egg":1,"minecraft:white_wool":1,"minecraft:deepslate_redstone_ore":6,"minecraft:red_bed":1,"minecraft:comparator":1,"minecraft:crafting_table":10,"minecraft:torch":3,"minecraft:blast_furnace":5,"minecraft:calcite":5,"minecraft:chest":1,"minecraft:copper_ore":5,"minecraft:tall_grass":18,"minecraft:deepslate_gold_ore":5,"minecraft:sugar_cane":3,"minecraft:oak_planks":2,"minecraft:diorite":23,"minecraft:wall_torch":3,"minecraft:amethyst_block":9,"minecraft:white_carpet":1,"minecraft:tnt":1,"minecraft:bee_nest":1,"minecraft:grass":42,"minecraft:oak_log":352,"minecraft:coal_ore":57,"minecraft:gravel":57,"minecraft:dirt":94,"minecraft:cobweb":42,"minecraft:smooth_basalt":4,"minecraft:stonecutter":1,"minecraft:infested_stone":1,"minecraft:oak_leaves":37,"minecraft:deepslate":64,"minecraft:fern":2},"minecraft:picked_up":{"minecraft:crafting_table":10,"minecraft:chainmail_boots":1,"minecraft:ladder":3,"minecraft:chicken":2,"minecraft:flower_pot":1,"gravestone:obituary":4,"minecraft:shield":10,"minecraft:amethyst_block":9,"spore:innards":1,"minecraft:cornflower":1,"minecraft:raw_copper":18,"minecraft:string":43,"minecraft:red_bed":1,"minecraft:moss_carpet":1,"minecraft:item_frame":2,"minecraft:white_carpet":1,"minecraft:experience_bottle":2,"minecraft:smooth_stone":2,"minecraft:cobbled_deepslate":64,"minecraft:comparator":1,"minecraft:beef":7,"minecraft:rose_bush":1,"minecraft:calcite":5,"minecraft:poppy":2,"minecraft:iron_pickaxe":1,"minecraft:sugar_cane":11,"minecraft:coal_block":24,"minecraft:chest":1,"minecraft:furnace":6,"minecraft:egg":5,"spore:tumor":3,"minecraft:stick":5,"minecraft:raw_iron":28,"minecraft:torch":7,"minecraft:porkchop":12,"minecraft:stone_button":1,"minecraft:diorite":23,"minecraft:redstone":30,"minecraft:tnt":1,"minecraft:arrow":2,"minecraft:rotten_flesh":2,"minecraft:hay_block":25,"minecraft:mutton":20,"minecraft:white_wool":12,"minecraft:cobblestone":547,"minecraft:oxeye_daisy":1,"minecraft:stripped_oak_log":9,"minecraft:leather_chestplate":1,"minecraft:feather":2,"minecraft:andesite":17,"minecraft:leather":3,"minecraft:filled_map":1,"minecraft:flint":6,"minecraft:tuff":1,"minecraft:oak_log":359,"minecraft:acacia_boat":10,"minecraft:dirt":148,"minecraft:lantern":6,"minecraft:apple":2,"minecraft:stonecutter":1,"minecraft:wheat_seeds":10,"minecraft:raw_gold":5,"minecraft:iron_ingot":5,"spore:mutated_fiber":9,"minecraft:fletching_table":4,"minecraft:moss_block":1,"minecraft:iron_sword":1,"minecraft:oak_planks":2,"minecraft:book":65,"minecraft:smooth_basalt":4,"spore:cerebrum":1,"spore:armor_fragment":4,"minecraft:gravel":55,"minecraft:blast_furnace":5,"minecraft:white_bed":1,"minecraft:leather_helmet":1,"spore:claw_fragment":6,"minecraft:stone_axe":2,"minecraft:chainmail_leggings":3,"minecraft:granite":20,"minecraft:gray_wool":1,"minecraft:emerald":50,"minecraft:oak_sapling":6,"minecraft:coal":57},"minecraft:broken":{"minecraft:stone_pickaxe":4,"minecraft:stone_axe":2},"minecraft:used":{"minecraft:moss_block":1,"minecraft:moss_carpet":1,"minecraft:stone_sword":106,"minecraft:stone_shovel":112,"minecraft:ladder":3,"minecraft:chest":3,"minecraft:iron_chestplate":1,"minecraft:oak_door":1,"minecraft:torch":133,"minecraft:dirt":53,"minecraft:mutton":14,"minecraft:lantern":4,"minecraft:smooth_basalt":4,"minecraft:beef":3,"minecraft:furnace":8,"minecraft:cooked_beef":2,"minecraft:cobbled_deepslate":3,"minecraft:acacia_boat":10,"minecraft:stone_pickaxe":790,"minecraft:oak_planks":54,"minecraft:wooden_pickaxe":39,"minecraft:fletching_table":7,"minecraft:white_wool":1,"anthropology_items__structures:hunters_machete":26,"minecraft:crafting_table":16,"minecraft:red_bed":1,"minecraft:blast_furnace":7,"minecraft:white_bed":2,"minecraft:oak_log":10,"minecraft:apple":4,"minecraft:bread":27,"minecraft:iron_pickaxe":25,"minecraft:map":1,"minecraft:leather_helmet":2,"minecraft:gravel":27,"minecraft:golden_leggings":1,"minecraft:stone_axe":412,"minecraft:cobblestone":34,"minecraft:smooth_stone":1,"minecraft:experience_bottle":1},"minecraft:dropped":{"minecraft:wheat_seeds":6,"minecraft:cobblestone":5,"minecraft:dirt":2,"gravestone:obituary":12,"minecraft:iron_pickaxe":1,"minecraft:smooth_stone":2,"minecraft:chainmail_leggings":14,"minecraft:white_wool":1,"minecraft:stone_axe":2,"minecraft:rotten_flesh":2,"minecraft:shield":18,"minecraft:chainmail_boots":13},"minecraft:crafted":{"minecraft:smooth_stone":7,"minecraft:oak_door":3,"minecraft:oak_planks":1308,"minecraft:stone_shovel":1,"minecraft:coal":216,"usefulbackpacks:backpack_small":1,"minecraft:furnace":6,"minecraft:blast_furnace":2,"minecraft:stone":8,"minecraft:diamond_leggings":1,"minecraft:ladder":3,"minecraft:stone_pickaxe":10,"minecraft:chest":2,"minecraft:diamond_boots":1,"minecraft:chainmail_leggings":13,"minecraft:wheat":225,"minecraft:cooked_beef":4,"minecraft:emerald":80,"minecraft:crafting_table":8,"minecraft:wooden_pickaxe":4,"minecraft:fletching_table":3,"minecraft:stone_axe":7,"minecraft:bread":75,"minecraft:acacia_boat":1,"minecraft:air":0,"minecraft:iron_chestplate":1,"minecraft:charcoal":6,"minecraft:shield":10,"minecraft:stick":2340,"minecraft:chainmail_boots":12,"minecraft:iron_ingot":28,"minecraft:iron_pickaxe":2,"minecraft:stone_sword":2,"minecraft:white_bed":1,"minecraft:torch":152},"minecraft:killed":{"minecraft:skeleton":1,"minecraft:bee":2,"minecraft:chicken":2,"minecraft:pig":3,"spore:inf_player":1,"spore:volatile":1,"minecraft:iron_golem":1,"spore:inf_pillager":1,"minecraft:sheep":12,"minecraft:zombie":2,"spore:inf_human":1,"minecraft:cow":4},"minecraft:killed_by":{"spore:inf_human":1,"the_impersonator:the_impersonator":1,"steve_dweller:steve_dweller":1,"cartoon_dweller:cartoon_dweller":1,"minecraft:cave_spider":1,"spore:inf_villager":3,"midnightlurker:midnight_lurker_unprovoked":1},"minecraft:custom":{"minecraft:mob_kills":31,"minecraft:interact_with_crafting_table":63,"minecraft:bell_ring":2,"minecraft:damage_dealt_resisted":48,"minecraft:leave_game":1,"minecraft:time_since_death":44367,"minecraft:climb_one_cm":12812,"minecraft:sprint_one_cm":448510,"minecraft:walk_one_cm":617668,"minecraft:drop":77,"minecraft:talked_to_villager":36,"minecraft:play_time":200975,"minecraft:deaths":9,"minecraft:sneak_time":4617,"minecraft:walk_under_water_one_cm":5977,"minecraft:boat_one_cm":5792,"minecraft:jump":3124,"minecraft:interact_with_blast_furnace":1,"minecraft:walk_on_water_one_cm":15567,"minecraft:total_world_time":200975,"minecraft:interact_with_furnace":44,"minecraft:traded_with_villager":115,"minecraft:sleep_in_bed":9,"minecraft:time_since_rest":10681,"minecraft:damage_taken":3618,"minecraft:damage_dealt":3667,"minecraft:swim_one_cm":5483,"minecraft:fly_one_cm":402217,"minecraft:open_chest":55,"minecraft:crouch_one_cm":9650,"minecraft:fall_one_cm":82835}},"DataVersion":3120}