{"stats":{"minecraft:killed_by":{"spore:inf_human":1,"spore:inf_pillager":1,"mimic_dweller:mimic_dweller":1},"minecraft:crafted":{"minecraft:oak_planks":32,"minecraft:cobblestone_slab":12,"minecraft:stone_shovel":3,"usefulbackpacks:backpack_small":1,"minecraft:acacia_fence_gate":2,"minecraft:cobblestone_stairs":20,"minecraft:spruce_fence":42,"minecraft:glass_pane":96,"minecraft:spruce_stairs":4,"minecraft:spruce_slab":90,"minecraft:stone_pickaxe":2,"minecraft:acacia_fence":33,"minecraft:wooden_shovel":1,"minecraft:crafting_table":1,"minecraft:spruce_planks":252,"minecraft:acacia_slab":54,"minecraft:wooden_pickaxe":1,"minecraft:spruce_door":3,"minecraft:acacia_stairs":4,"minecraft:stone_axe":5,"minecraft:bread":2,"minecraft:acacia_boat":2,"minecraft:air":0,"minecraft:spruce_trapdoor":6,"minecraft:charcoal":2,"minecraft:stick":80,"minecraft:wooden_axe":1,"minecraft:acacia_door":3,"minecraft:white_bed":1,"minecraft:acacia_planks":120,"minecraft:torch":12},"minecraft:mined":{"minecraft:spruce_planks":233,"minecraft:white_bed":1,"minecraft:dark_oak_leaves":2,"minecraft:cobblestone_stairs":14,"minecraft:dark_oak_log":4,"minecraft:spruce_trapdoor":1,"minecraft:granite":7,"biomesoplenty:bush":21,"minecraft:acacia_log":34,"minecraft:grass_block":97,"minecraft:spruce_fence":18,"minecraft:spruce_leaves":12,"minecraft:acacia_slab":3,"minecraft:oxeye_daisy":2,"minecraft:tall_seagrass":1,"minecraft:furnace":1,"minecraft:iron_ore":5,"minecraft:acacia_stairs":2,"minecraft:andesite":8,"minecraft:pumpkin":2,"minecraft:peony":4,"minecraft:cobblestone_slab":4,"minecraft:stone":126,"minecraft:spruce_slab":1,"minecraft:orange_bed":9,"minecraft:podzol":26,"minecraft:acacia_leaves":7,"minecraft:glass_pane":19,"minecraft:spruce_door":2,"minecraft:dandelion":3,"minecraft:crafting_table":4,"minecraft:torch":2,"minecraft:calcite":86,"minecraft:poppy":6,"minecraft:chest":2,"minecraft:dead_bush":2,"minecraft:cobblestone":11,"minecraft:tall_grass":27,"minecraft:oak_planks":3,"minecraft:spruce_stairs":8,"minecraft:coarse_dirt":12,"minecraft:wheat":5,"minecraft:spruce_log":128,"minecraft:grass":175,"minecraft:oak_log":13,"minecraft:acacia_fence":4,"minecraft:gravel":1,"minecraft:acacia_door":1,"minecraft:sand":121,"minecraft:dirt":65,"minecraft:acacia_planks":1,"minecraft:oak_leaves":6},"minecraft:used":{"minecraft:spruce_slab":91,"minecraft:stone_shovel":240,"minecraft:poppy":6,"minecraft:chest":2,"minecraft:spruce_planks":365,"minecraft:wooden_shovel":59,"minecraft:bell":1,"minecraft:stone_hoe":80,"minecraft:orange_bed":6,"minecraft:torch":13,"minecraft:dirt":146,"minecraft:mutton":1,"minecraft:spruce_stairs":12,"minecraft:spruce_fence":71,"minecraft:wooden_axe":58,"minecraft:acacia_slab":54,"minecraft:beef":5,"minecraft:furnace":1,"minecraft:cooked_cod":4,"minecraft:acacia_fence":30,"minecraft:acacia_planks":14,"minecraft:calcite":98,"minecraft:wheat_seeds":14,"minecraft:acacia_boat":1,"minecraft:cobblestone_stairs":34,"minecraft:spruce_door":7,"minecraft:stone_pickaxe":256,"minecraft:oak_planks":6,"minecraft:wooden_pickaxe":23,"minecraft:cobblestone_slab":12,"minecraft:sand":111,"minecraft:crafting_table":6,"minecraft:white_bed":1,"minecraft:spruce_log":128,"minecraft:acacia_stairs":3,"minecraft:oxeye_daisy":3,"minecraft:acacia_door":2,"minecraft:bread":14,"minecraft:leather_helmet":2,"minecraft:spruce_trapdoor":7,"adorn:guide_book":1,"minecraft:acacia_fence_gate":2,"minecraft:stone_axe":420,"minecraft:cobblestone":153,"minecraft:porkchop":8,"minecraft:glass_pane":71,"minecraft:dandelion":3},"minecraft:custom":{"minecraft:mob_kills":14,"minecraft:interact_with_crafting_table":64,"minecraft:bell_ring":3,"minecraft:leave_game":4,"minecraft:time_since_death":41654,"minecraft:sprint_one_cm":458920,"minecraft:walk_one_cm":870523,"minecraft:drop":17,"minecraft:play_time":185732,"minecraft:deaths":5,"minecraft:sneak_time":3537,"minecraft:walk_under_water_one_cm":7735,"minecraft:boat_one_cm":100114,"minecraft:jump":2600,"minecraft:walk_on_water_one_cm":63043,"minecraft:total_world_time":185732,"minecraft:interact_with_furnace":11,"minecraft:sleep_in_bed":20,"minecraft:time_since_rest":13614,"minecraft:damage_taken":1718,"minecraft:trigger_trapped_chest":16,"minecraft:damage_dealt":1905,"minecraft:swim_one_cm":117192,"minecraft:fly_one_cm":413687,"minecraft:player_kills":1,"minecraft:open_chest":72,"minecraft:crouch_one_cm":9930,"minecraft:fall_one_cm":66905},"minecraft:broken":{"minecraft:wooden_shovel":1,"minecraft:stone_pickaxe":2,"minecraft:stone_axe":3,"minecraft:wooden_axe":1,"minecraft:stone_shovel":1},"minecraft:killed":{"minecraft:spider":1,"majruszsdifficulty:creeperling":1,"minecraft:pig":2,"spore:inf_pillager":1,"minecraft:sheep":4,"minecraft:cow":4},"minecraft:dropped":{"minecraft:wheat_seeds":1,"minecraft:dirt":87,"minecraft:dark_oak_log":1,"minecraft:acacia_planks":64,"minecraft:sugar_cane":12,"minecraft:stone_sword":1,"minecraft:rotten_flesh":1,"spore:mutated_fiber":2,"minecraft:spruce_planks":4,"minecraft:spruce_log":56,"minecraft:stone_pickaxe":1},"minecraft:picked_up":{"spore:mutated_heart":2,"minecraft:coarse_dirt":31,"minecraft:crafting_table":6,"minecraft:wheat":18,"minecraft:chicken":2,"minecraft:wooden_pickaxe":6,"minecraft:acacia_door":11,"minecraft:glass_pane":39,"minecraft:spruce_planks":289,"adorn:oak_post":4,"minecraft:beef":21,"minecraft:cobblestone_slab":4,"minecraft:calcite":105,"minecraft:wooden_shovel":2,"minecraft:poppy":6,"minecraft:spruce_slab":2,"minecraft:light_gray_wool":4,"minecraft:sugar_cane":36,"minecraft:chest":2,"minecraft:spruce_trapdoor":1,"minecraft:furnace":3,"adorn:guide_book":1,"minecraft:stick":16,"minecraft:raw_iron":10,"minecraft:acacia_fence":27,"minecraft:copper_ingot":2,"minecraft:torch":4,"minecraft:acacia_log":116,"minecraft:spruce_stairs":12,"minecraft:spruce_fence":64,"minecraft:porkchop":10,"minecraft:orange_bed":10,"minecraft:stone_shovel":6,"minecraft:stone_sword":1,"minecraft:arrow":2,"minecraft:rotten_flesh":9,"minecraft:shears":3,"minecraft:mutton":28,"minecraft:white_wool":31,"minecraft:cobblestone":472,"minecraft:oxeye_daisy":3,"minecraft:andesite":32,"minecraft:leather":4,"minecraft:oak_log":45,"minecraft:cobblestone_stairs":16,"minecraft:gunpowder":8,"minecraft:acacia_boat":3,"minecraft:map":2,"minecraft:dirt":403,"minecraft:glass":60,"minecraft:bone":6,"minecraft:acacia_planks":115,"minecraft:wheat_seeds":88,"minecraft:bell":4,"minecraft:stone_pickaxe":5,"spore:mutated_fiber":16,"minecraft:stone_hoe":3,"minecraft:acacia_sapling":38,"minecraft:oak_planks":57,"minecraft:book":72,"spore:cerebrum":2,"minecraft:pumpkin":4,"minecraft:dandelion":3,"minecraft:gravel":4,"minecraft:sand":205,"minecraft:spruce_sapling":2,"minecraft:grass_block":1,"minecraft:white_bed":4,"minecraft:spruce_log":200,"minecraft:acacia_stairs":3,"minecraft:dark_oak_log":39,"minecraft:spider_eye":3,"minecraft:spruce_door":7,"minecraft:leather_helmet":4,"minecraft:stripped_acacia_log":2,"minecraft:stone_axe":3,"minecraft:granite":7,"minecraft:emerald":6,"minecraft:bread":18,"minecraft:oak_sapling":10,"minecraft:acacia_slab":21,"minecraft:melon_seeds":3,"minecraft:ender_pearl":3}},"DataVersion":3120}