{"stats":{"minecraft:mined":{"minecraft:spruce_planks":301,"minecraft:white_bed":8,"minecraft:farmland":3,"spore:wall_growths":2,"minecraft:cobblestone_stairs":16,"biomesoplenty:brimstone":2,"minecraft:obsidian":55,"minecraft:spruce_trapdoor":1,"biomesoplenty:burning_blossom":13,"minecraft:granite":10,"biomesoplenty:bramble":71,"minecraft:chiseled_polished_blackstone":1,"minecraft:acacia_log":37,"minecraft:grass_block":236,"biomesoplenty:rose_quartz_block":2,"spore:fungal_stem":2,"minecraft:cracked_polished_blackstone_bricks":18,"minecraft:oxeye_daisy":2,"minecraft:spawner":1,"minecraft:gilded_blackstone":2,"minecraft:tall_seagrass":1,"minecraft:polished_blackstone_bricks":22,"minecraft:glowstone":1,"minecraft:mossy_cobblestone_stairs":1,"minecraft:iron_ore":5,"minecraft:cobbled_deepslate":3,"minecraft:fire":63,"minecraft:pumpkin":2,"spore:growth_mycelium":4,"biomesoplenty:hellbark_log":1,"minecraft:dirt_path":14,"minecraft:iron_bars":5,"minecraft:spruce_wood":12,"minecraft:spruce_slab":70,"minecraft:tripwire":1,"minecraft:orange_bed":9,"minecraft:blackstone":20,"spore:biomass_lump":1,"biomesoplenty:brimstone_fumarole":1,"spore:growths_big":13,"minecraft:torch":45,"minecraft:calcite":140,"minecraft:poppy":8,"minecraft:chest":4,"minecraft:dead_bush":2,"minecraft:cobblestone":112,"minecraft:oak_planks":4,"minecraft:bricks":19,"minecraft:iron_door":1,"minecraft:wall_torch":16,"biomesoplenty:goldenrod":1,"minecraft:dark_oak_slab":5,"minecraft:wheat":16,"biomesoplenty:large_rose_quartz_bud":3,"minecraft:stone_brick_stairs":2,"minecraft:grass":229,"minecraft:oak_log":23,"minecraft:acacia_fence":4,"minecraft:sand":342,"minecraft:dirt":475,"minecraft:deepslate":82,"minecraft:ancient_debris":2,"spore:rooted_mycelium":2,"spore:remains":12,"minecraft:netherrack":778,"minecraft:piston":1,"minecraft:oak_leaves":32,"spore:wall_growths_big":5,"minecraft:tuff":29,"minecraft:mossy_cobblestone":5,"minecraft:dark_oak_leaves":12,"biomesoplenty:desert_grass":48,"minecraft:dark_oak_log":25,"gravestone:gravestone":64,"minecraft:dark_oak_fence":3,"minecraft:ladder":5,"biomesoplenty:bush":26,"minecraft:spruce_fence":58,"minecraft:brick_stairs":2,"minecraft:redstone_wire":3,"spore:rooted_biomass":2,"minecraft:spruce_leaves":191,"minecraft:acacia_slab":7,"biomesoplenty:dead_grass":13,"minecraft:sandstone":124,"spore:growths_small":5,"minecraft:spruce_sapling":7,"minecraft:furnace":3,"minecraft:carrots":37,"spore:blomfung":5,"minecraft:acacia_stairs":2,"minecraft:andesite":40,"minecraft:stripped_spruce_log":4,"minecraft:peony":4,"minecraft:gold_block":3,"minecraft:deepslate_iron_ore":1,"minecraft:bookshelf":3,"minecraft:potatoes":30,"minecraft:cobblestone_slab":5,"minecraft:vine":1,"minecraft:stone":867,"biomesoplenty:rose_quartz_cluster":2,"minecraft:redstone_wall_torch":1,"minecraft:podzol":28,"spore:vent_plate":1,"minecraft:acacia_leaves":7,"minecraft:redstone_block":2,"minecraft:glass_pane":90,"minecraft:basalt":4,"minecraft:dandelion":3,"minecraft:spruce_door":5,"minecraft:polished_granite":10,"minecraft:smooth_sandstone":62,"minecraft:crafting_table":6,"minecraft:spruce_button":1,"minecraft:light_gray_wall_banner":1,"minecraft:rose_bush":1,"minecraft:copper_ore":9,"minecraft:tall_grass":30,"biomesoplenty:sprout":20,"minecraft:diorite":15,"minecraft:spruce_stairs":12,"minecraft:coarse_dirt":12,"minecraft:cobblestone_wall":3,"biomesoplenty:blue_hydrangea":1,"spore:bloomfung2":8,"minecraft:spruce_log":1236,"minecraft:coal_ore":1,"minecraft:acacia_door":1,"minecraft:gravel":1,"minecraft:cracked_stone_bricks":9,"minecraft:acacia_planks":16,"minecraft:stone_bricks":8,"minecraft:mossy_stone_bricks":8},"minecraft:broken":{"minecraft:golden_helmet":1,"minecraft:wooden_shovel":1,"minecraft:iron_chestplate":1,"minecraft:iron_leggings":1,"minecraft:chainmail_boots":1,"minecraft:stone_pickaxe":4,"minecraft:stone_axe":13,"minecraft:iron_sword":1,"minecraft:wooden_axe":1,"minecraft:stone_shovel":3,"minecraft:golden_chestplate":1,"minecraft:leather_helmet":1,"minecraft:leather_chestplate":1,"minecraft:wooden_pickaxe":1,"minecraft:leather_boots":1,"minecraft:iron_pickaxe":1},"minecraft:custom":{"minecraft:interact_with_crafting_table":212,"minecraft:bell_ring":3,"minecraft:leave_game":13,"minecraft:time_since_death":50737,"minecraft:sprint_one_cm":2458390,"minecraft:damage_blocked_by_shield":2734,"minecraft:drop":242,"minecraft:talked_to_villager":2,"minecraft:play_time":1021177,"minecraft:deaths":148,"minecraft:jump":11582,"minecraft:walk_on_water_one_cm":203769,"minecraft:interact_with_furnace":88,"minecraft:sleep_in_bed":25,"minecraft:damage_dealt":28175,"minecraft:player_kills":1,"minecraft:crouch_one_cm":143989,"minecraft:mob_kills":127,"minecraft:damage_dealt_resisted":171,"minecraft:climb_one_cm":184202,"adorn:sit_on_chair":3,"minecraft:walk_one_cm":3939116,"minecraft:sneak_time":52501,"minecraft:walk_under_water_one_cm":30282,"minecraft:boat_one_cm":485520,"minecraft:total_world_time":1021177,"minecraft:time_since_rest":50764,"minecraft:damage_absorbed":41,"minecraft:damage_taken":47398,"minecraft:trigger_trapped_chest":35,"minecraft:swim_one_cm":276395,"minecraft:fly_one_cm":1822682,"minecraft:open_chest":532,"minecraft:fall_one_cm":320804},"minecraft:crafted":{"minecraft:oak_planks":76,"minecraft:cobblestone_slab":12,"minecraft:cut_sandstone":4,"minecraft:cut_sandstone_slab":6,"minecraft:oak_pressure_plate":2,"usefulbackpacks:backpack_small":1,"minecraft:stone":2,"minecraft:cobblestone_stairs":24,"minecraft:lever":1,"minecraft:bookshelf":17,"minecraft:glass":35,"minecraft:bow":1,"spore:fleshy_bone":3,"spore:fleshy_claw":2,"biomesoplenty:hellbark_planks":4,"minecraft:chest":16,"minecraft:acacia_fence":33,"minecraft:iron_door":9,"minecraft:rail":16,"minecraft:stone_hoe":1,"minecraft:wooden_shovel":2,"spore:symbiotic_reagent":1,"minecraft:crafting_table":9,"minecraft:spruce_planks":2196,"minecraft:acacia_slab":60,"minecraft:wooden_pickaxe":1,"minecraft:baked_potato":11,"minecraft:spruce_door":9,"minecraft:tnt":6,"spore:spine":1,"minecraft:spruce_trapdoor":6,"minecraft:diamond_pickaxe":1,"minecraft:dark_oak_slab":132,"minecraft:charcoal":2,"minecraft:shield":3,"minecraft:stick":676,"minecraft:iron_ingot":40,"minecraft:sandstone":84,"minecraft:acacia_door":3,"minecraft:redstone_torch":1,"minecraft:spruce_fence_gate":2,"minecraft:stone_shovel":8,"minecraft:spruce_button":1,"minecraft:acacia_fence_gate":2,"minecraft:furnace":3,"minecraft:stone_button":2,"minecraft:piston":5,"minecraft:bone_meal":78,"minecraft:spruce_fence":279,"minecraft:glass_pane":176,"minecraft:flint_and_steel":2,"minecraft:spruce_stairs":8,"minecraft:dark_oak_fence":102,"minecraft:spruce_wood":27,"minecraft:ladder":117,"minecraft:spruce_slab":288,"minecraft:stone_pickaxe":4,"minecraft:cobblestone_wall":6,"adorn:acacia_chair":2,"minecraft:spruce_boat":3,"minecraft:redstone_block":2,"minecraft:dark_oak_planks":220,"spore:living_core":1,"minecraft:smooth_sandstone":163,"minecraft:sandstone_slab":36,"minecraft:bucket":2,"minecraft:acacia_stairs":4,"minecraft:stone_axe":14,"minecraft:glowstone":1,"minecraft:bread":18,"minecraft:acacia_boat":4,"minecraft:air":0,"minecraft:oak_boat":3,"minecraft:white_wool":3,"minecraft:wooden_axe":1,"minecraft:iron_leggings":1,"minecraft:white_bed":5,"minecraft:acacia_planks":168,"spore:nerves":16,"minecraft:torch":188},"minecraft:picked_up":{"minecraft:wooden_axe":2,"minecraft:iron_chestplate":4,"spore:mutated_heart":11,"biomesoplenty:burning_blossom":14,"minecraft:wheat":24,"minecraft:redstone_block":2,"minecraft:flower_pot":3,"minecraft:potion":2,"minecraft:gilded_blackstone":4,"minecraft:stone_brick_stairs":2,"spore:innards":1,"minecraft:string":8,"minecraft:raw_copper":27,"minecraft:pufferfish":2,"biomesoplenty:brimstone":2,"spore:symbiotic_reagent":1,"minecraft:gold_nugget":8,"minecraft:cobbled_deepslate":850,"minecraft:spruce_planks":677,"adorn:oak_post":4,"minecraft:rose_bush":1,"minecraft:redstone_torch":2,"minecraft:cobblestone_slab":30,"minecraft:calcite":310,"minecraft:wooden_shovel":2,"minecraft:iron_pickaxe":2,"minecraft:melon_slice":14,"minecraft:iron_boots":1,"minecraft:furnace":20,"minecraft:tipped_arrow":1,"adorn:guide_book":1,"minecraft:golden_helmet":1,"biomesoplenty:rose_quartz_block":2,"minecraft:stick":135,"minecraft:acacia_fence":28,"minecraft:torch":98,"minecraft:acacia_log":129,"minecraft:spruce_stairs":36,"minecraft:porkchop":10,"minecraft:diorite":20,"minecraft:light_gray_banner":1,"minecraft:golden_chestplate":5,"minecraft:orange_bed":10,"minecraft:stone_sword":5,"minecraft:rotten_flesh":54,"minecraft:leather_horse_armor":1,"minecraft:obsidian":51,"minecraft:cod":2,"minecraft:iron_bars":7,"minecraft:cobblestone":1998,"minecraft:leather_chestplate":10,"minecraft:cooked_beef":4,"minecraft:iron_door":1,"minecraft:water_bucket":4,"minecraft:andesite":41,"minecraft:potato":380,"minecraft:flint":15,"minecraft:tuff":205,"minecraft:acacia_boat":13,"minecraft:map":2,"minecraft:dirt":1512,"minecraft:polished_granite":19,"minecraft:leather_boots":2,"minecraft:glass":88,"minecraft:bone":61,"minecraft:acacia_planks":699,"minecraft:wheat_seeds":120,"minecraft:bell":7,"minecraft:mossy_stone_bricks":5,"minecraft:glowstone_dust":4,"minecraft:stone_hoe":13,"minecraft:oak_planks":138,"minecraft:ghast_tear":5,"spore:cerebrum":15,"minecraft:cooked_porkchop":14,"minecraft:chiseled_polished_blackstone":3,"spore:armor_fragment":3,"minecraft:poisonous_potato":2,"minecraft:sand":670,"minecraft:stripped_spruce_log":4,"minecraft:ink_sac":2,"minecraft:dead_bush":8,"minecraft:grass_block":1,"minecraft:acacia_stairs":3,"minecraft:spectral_arrow":6,"minecraft:dark_oak_log":229,"minecraft:mossy_cobblestone":2,"biomesoplenty:hellbark_log":1,"spore:claw_fragment":3,"minecraft:stripped_acacia_log":2,"minecraft:diamond":6,"minecraft:spruce_boat":3,"minecraft:cracked_polished_blackstone_bricks":56,"minecraft:granite":7,"minecraft:bone_meal":4,"minecraft:spruce_button":1,"minecraft:emerald":6,"minecraft:bread":454,"spore:spine_fragment":10,"minecraft:oak_sapling":12,"minecraft:netherrack":802,"minecraft:dark_oak_fence":5,"minecraft:bricks":23,"minecraft:diamond_pickaxe":1,"minecraft:spruce_leaves":2,"minecraft:coarse_dirt":31,"minecraft:crafting_table":14,"minecraft:chicken":2,"minecraft:ladder":15,"minecraft:golden_pickaxe":1,"minecraft:leather_leggings":3,"minecraft:brown_mushroom":2,"minecraft:wooden_pickaxe":13,"minecraft:gold_block":25,"gravestone:obituary":66,"minecraft:shield":16,"biomesoplenty:rose_quartz_shard":13,"minecraft:acacia_door":12,"fear_the_dark:leg_spike":7,"minecraft:blackstone":20,"minecraft:glass_pane":164,"minecraft:cracked_stone_bricks":9,"usefulbackpacks:backpack_small":6,"minecraft:beef":50,"minecraft:oak_boat":15,"minecraft:poppy":8,"minecraft:light_gray_wool":4,"minecraft:spruce_slab":71,"minecraft:sugar_cane":41,"minecraft:chest":4,"minecraft:piston":1,"minecraft:spruce_trapdoor":37,"spore:tumor":2,"minecraft:raw_iron":12,"minecraft:sandstone":484,"minecraft:copper_ingot":2,"minecraft:spruce_fence":141,"minecraft:polished_blackstone_bricks":35,"minecraft:carrot":127,"minecraft:redstone":3,"minecraft:dark_oak_planks":271,"minecraft:arrow":67,"biomesoplenty:blue_hydrangea":2,"minecraft:stone_shovel":19,"minecraft:cooked_cod":1,"minecraft:shears":5,"minecraft:gold_ingot":3,"minecraft:brick_stairs":6,"minecraft:mutton":30,"minecraft:white_wool":44,"minecraft:oxeye_daisy":3,"spore:altered_spleen":1,"minecraft:basalt":4,"spore:rooted_biomass":1,"minecraft:leather":99,"minecraft:ancient_debris":2,"minecraft:oak_log":58,"minecraft:chainmail_chestplate":2,"minecraft:golden_boots":1,"minecraft:cobblestone_wall":5,"minecraft:gunpowder":14,"minecraft:cobblestone_stairs":18,"minecraft:cooked_mutton":30,"minecraft:smooth_sandstone":62,"minecraft:stone_bricks":1,"minecraft:spruce_wood":8,"minecraft:iron_ingot":26,"minecraft:stone_pickaxe":20,"spore:mutated_fiber":125,"minecraft:iron_sword":1,"minecraft:acacia_sapling":38,"minecraft:book":177,"minecraft:dark_oak_slab":5,"minecraft:pumpkin":4,"minecraft:quartz":10,"minecraft:dandelion":3,"minecraft:gravel":10,"minecraft:spruce_sapling":116,"minecraft:white_bed":13,"minecraft:spruce_log":1671,"minecraft:spruce_door":12,"minecraft:spider_eye":3,"minecraft:leather_helmet":8,"spore:vent_plate":4,"minecraft:pumpkin_seeds":9,"biomesoplenty:bramble":75,"minecraft:stone_axe":19,"minecraft:chainmail_leggings":1,"minecraft:diamond_axe":2,"minecraft:mossy_cobblestone_stairs":3,"minecraft:brown_banner":7,"minecraft:baked_potato":36,"minecraft:acacia_slab":26,"minecraft:melon_seeds":6,"minecraft:smooth_quartz_slab":4,"minecraft:coal":70,"minecraft:ender_pearl":5},"minecraft:killed":{"minecraft:cave_spider":2,"minecraft:spider":2,"minecraft:skeleton":7,"majruszsdifficulty:creeperling":1,"minecraft:piglin":3,"minecraft:pig":2,"spore:inf_player":22,"minecraft:zombie_villager":1,"spore:volatile":1,"mutantmonsters:mutant_skeleton":1,"minecraft:sheep":7,"spore:inf_villager":8,"minecraft:zombie":20,"spore:inf_human":16,"minecraft:stray":1,"minecraft:cow":6,"fear_the_dark:fever_dream":1,"minecraft:husk":5,"spore:stalker":1,"spore:inf_pillager":8,"spore:inf_husk":1,"minecraft:enderman":1},"minecraft:dropped":{"minecraft:brown_banner":5,"minecraft:cobblestone_stairs":2,"minecraft:dirt":119,"minecraft:dark_oak_log":1,"biomesoplenty:rose_quartz_block":2,"usefulbackpacks:backpack_small":1,"gravestone:obituary":95,"minecraft:bone_meal":10,"minecraft:sand":15,"minecraft:white_wool":1,"minecraft:bone":58,"minecraft:gravel":5,"minecraft:sugar_cane":12,"minecraft:cobbled_deepslate":9,"minecraft:rotten_flesh":2,"minecraft:oak_planks":1,"minecraft:leather_chestplate":1,"biomesoplenty:wildflower":4,"minecraft:melon_seeds":1,"minecraft:acacia_slab":4,"minecraft:ladder":8,"minecraft:arrow":1,"spore:alveolic_sack":2,"minecraft:quartz":7,"minecraft:polished_granite":4,"minecraft:netherrack":583,"minecraft:iron_ingot":9,"minecraft:bread":4,"minecraft:wheat_seeds":7,"minecraft:poisonous_potato":2,"minecraft:cobblestone":34,"minecraft:spruce_door":4,"minecraft:stick":2,"minecraft:diorite":7,"minecraft:potion":1,"spore:mutated_heart":1,"spore:symbiotic_reagent":1,"minecraft:acacia_planks":65,"minecraft:spruce_sapling":48,"minecraft:furnace":1,"spore:nerves":5,"minecraft:stone_sword":2,"minecraft:raw_copper":10,"minecraft:tuff":34,"minecraft:raw_iron":1,"minecraft:stone_shovel":2,"spore:cerebrum":1,"spore:mutated_fiber":3,"minecraft:spruce_fence":12,"minecraft:pumpkin_seeds":1,"minecraft:cobblestone_slab":3,"minecraft:shield":3,"minecraft:spruce_planks":7,"minecraft:diamond_pickaxe":1,"minecraft:oak_boat":1,"minecraft:oak_sapling":2,"minecraft:redstone_torch":2,"minecraft:spruce_log":88,"minecraft:stone_pickaxe":5,"minecraft:wooden_pickaxe":4},"minecraft:used":{"fear_the_dark:leg_spike":62,"minecraft:iron_shovel":375,"minecraft:spruce_slab":353,"minecraft:ladder":89,"minecraft:poppy":6,"minecraft:chest":20,"minecraft:shield":28,"minecraft:iron_sword":50,"biomesoplenty:bramble":3,"minecraft:bell":1,"minecraft:rotten_flesh":3,"minecraft:iron_chestplate":2,"minecraft:mutton":1,"minecraft:carrot":216,"minecraft:tuff":16,"minecraft:obsidian":51,"minecraft:stripped_spruce_log":1,"minecraft:spruce_boat":2,"minecraft:lava_bucket":1,"minecraft:bricks":15,"minecraft:spruce_wood":33,"spore:vent_plate":1,"minecraft:dark_oak_slab":137,"minecraft:stone_brick_stairs":2,"minecraft:stone_bricks":1,"minecraft:bow":38,"minecraft:furnace":4,"minecraft:cooked_cod":7,"minecraft:acacia_fence":30,"minecraft:potato":22,"minecraft:chiseled_polished_blackstone":1,"minecraft:diorite":1,"minecraft:leather_leggings":1,"minecraft:spruce_door":14,"minecraft:stone_pickaxe":819,"minecraft:oak_planks":14,"minecraft:leather_chestplate":1,"minecraft:wooden_pickaxe":33,"minecraft:sandstone":21,"minecraft:redstone_block":3,"minecraft:diamond_axe":27,"minecraft:golden_apple":2,"minecraft:sand":186,"minecraft:redstone_torch":1,"minecraft:lever":1,"minecraft:acacia_door":3,"minecraft:dark_oak_log":2,"minecraft:stone_button":2,"minecraft:melon_slice":4,"minecraft:bread":41,"minecraft:string":1,"minecraft:gravel":1,"adorn:guide_book":1,"minecraft:polished_granite":11,"minecraft:oak_pressure_plate":2,"minecraft:iron_door":4,"minecraft:dark_oak_fence":105,"minecraft:oak_boat":11,"minecraft:bone_meal":59,"minecraft:rose_bush":1,"minecraft:iron_bars":2,"minecraft:stone_sword":46,"biomesoplenty:brimstone":2,"minecraft:enchanting_table":1,"adorn:acacia_chair":2,"minecraft:flint_and_steel":7,"minecraft:stone_shovel":526,"minecraft:redstone":9,"minecraft:spruce_planks":1220,"minecraft:wooden_shovel":62,"minecraft:stone_hoe":207,"minecraft:cooked_chicken":1,"minecraft:netherrack":142,"minecraft:orange_bed":7,"minecraft:torch":270,"minecraft:dirt":772,"minecraft:spruce_stairs":16,"minecraft:cobblestone_wall":7,"minecraft:golden_chestplate":1,"minecraft:spruce_fence":326,"minecraft:wooden_axe":68,"minecraft:bookshelf":17,"minecraft:iron_axe":94,"minecraft:acacia_slab":58,"minecraft:brick_stairs":1,"minecraft:spruce_button":2,"minecraft:smooth_sandstone":220,"minecraft:tripwire_hook":1,"minecraft:glowstone":1,"minecraft:basalt":3,"minecraft:beef":18,"minecraft:cooked_beef":2,"minecraft:cobbled_deepslate":10,"minecraft:acacia_planks":73,"minecraft:iron_leggings":1,"minecraft:calcite":118,"minecraft:wheat_seeds":14,"minecraft:cooked_mutton":14,"minecraft:acacia_boat":11,"minecraft:water_bucket":9,"minecraft:cobblestone_stairs":37,"minecraft:baked_potato":52,"minecraft:cobblestone_slab":12,"minecraft:spruce_fence_gate":2,"minecraft:cracked_stone_bricks":7,"minecraft:polished_blackstone_bricks":19,"minecraft:mossy_cobblestone":1,"minecraft:tnt":12,"minecraft:crafting_table":18,"minecraft:brown_banner":1,"minecraft:white_bed":14,"biomesoplenty:hellbark_planks":4,"minecraft:spruce_log":802,"minecraft:piston":6,"minecraft:acacia_stairs":3,"minecraft:diamond_pickaxe":1532,"minecraft:apple":5,"minecraft:oxeye_daisy":3,"minecraft:iron_pickaxe":258,"minecraft:leather_helmet":2,"minecraft:spruce_trapdoor":34,"minecraft:spruce_sapling":40,"minecraft:acacia_fence_gate":2,"minecraft:stone_axe":2001,"minecraft:cobblestone":336,"minecraft:porkchop":9,"minecraft:bucket":10,"spore:rooted_biomass":1,"minecraft:glass_pane":151,"minecraft:dandelion":3,"minecraft:chainmail_leggings":1},"minecraft:killed_by":{"spore:volatile":2,"spore:knight":2,"spore:inf_human":18,"the_impersonator:the_impersonator":4,"steve_dweller:steve_dweller":2,"spore:inf_pillager":4,"fear_the_dark:fever_dream":20,"midnightlurker:void_hands":2,"spore:inf_player":29,"spore:inf_husk":1,"mimic_dweller:mimic_dweller":7,"minecraft:piglin":1,"spore:inf_villager":13,"minecraft:zombie":2,"minecraft:player":5,"spore:busser":6,"mutantmonsters:mutant_skeleton":8,"minecraft:skeleton":1,"spore:stalker":5,"cave_dweller:cave_dweller":2}},"DataVersion":3120}