{"stats":{"minecraft:used":{"fear_the_dark:leg_spike":62,"minecraft:spruce_slab":91,"minecraft:ladder":45,"minecraft:poppy":6,"minecraft:chest":5,"minecraft:shield":8,"biomesoplenty:bramble":3,"minecraft:bell":1,"minecraft:iron_chestplate":2,"minecraft:mutton":1,"minecraft:carrot":58,"minecraft:tuff":16,"minecraft:stripped_spruce_log":1,"minecraft:spruce_boat":2,"minecraft:bricks":15,"minecraft:spruce_wood":5,"minecraft:dark_oak_slab":137,"minecraft:stone_brick_stairs":2,"minecraft:stone_bricks":1,"minecraft:bow":38,"minecraft:furnace":1,"minecraft:cooked_cod":7,"minecraft:acacia_fence":30,"minecraft:potato":22,"minecraft:chiseled_polished_blackstone":1,"minecraft:diorite":1,"minecraft:leather_leggings":1,"minecraft:spruce_door":13,"minecraft:stone_pickaxe":723,"minecraft:oak_planks":13,"minecraft:leather_chestplate":1,"minecraft:wooden_pickaxe":33,"minecraft:sandstone":19,"minecraft:diamond_axe":27,"minecraft:golden_apple":2,"minecraft:sand":181,"minecraft:acacia_door":3,"minecraft:dark_oak_log":2,"minecraft:melon_slice":4,"minecraft:bread":41,"adorn:guide_book":1,"minecraft:polished_granite":11,"minecraft:iron_door":2,"minecraft:dark_oak_fence":105,"minecraft:oak_boat":1,"minecraft:bone_meal":35,"adorn:acacia_chair":2,"minecraft:iron_bars":2,"biomesoplenty:brimstone":2,"minecraft:stone_sword":15,"minecraft:flint_and_steel":2,"minecraft:stone_shovel":290,"minecraft:spruce_planks":973,"minecraft:wooden_shovel":62,"minecraft:stone_hoe":80,"minecraft:cooked_chicken":1,"minecraft:netherrack":5,"minecraft:orange_bed":7,"minecraft:torch":155,"minecraft:dirt":283,"minecraft:spruce_stairs":16,"minecraft:cobblestone_wall":7,"minecraft:golden_chestplate":1,"minecraft:spruce_fence":104,"minecraft:wooden_axe":68,"minecraft:brick_stairs":1,"minecraft:spruce_button":2,"minecraft:acacia_slab":58,"minecraft:tripwire_hook":1,"minecraft:glowstone":1,"minecraft:basalt":3,"minecraft:beef":18,"minecraft:cooked_beef":2,"minecraft:cobbled_deepslate":1,"minecraft:acacia_planks":73,"minecraft:iron_leggings":1,"minecraft:calcite":118,"minecraft:wheat_seeds":14,"minecraft:cooked_mutton":7,"minecraft:acacia_boat":11,"minecraft:cobblestone_stairs":34,"minecraft:baked_potato":20,"minecraft:cobblestone_slab":12,"minecraft:cracked_stone_bricks":7,"minecraft:polished_blackstone_bricks":19,"minecraft:mossy_cobblestone":1,"minecraft:crafting_table":13,"minecraft:white_bed":1,"biomesoplenty:hellbark_planks":4,"minecraft:spruce_log":455,"minecraft:acacia_stairs":3,"minecraft:oxeye_daisy":3,"minecraft:iron_pickaxe":41,"minecraft:leather_helmet":2,"minecraft:spruce_trapdoor":7,"minecraft:spruce_sapling":24,"minecraft:acacia_fence_gate":2,"minecraft:stone_axe":1330,"minecraft:cobblestone":231,"minecraft:porkchop":9,"minecraft:glass_pane":71,"minecraft:dandelion":3,"minecraft:chainmail_leggings":1},"minecraft:broken":{"minecraft:golden_helmet":1,"minecraft:wooden_shovel":1,"minecraft:stone_pickaxe":4,"minecraft:stone_axe":8,"minecraft:wooden_axe":1,"minecraft:stone_shovel":1,"minecraft:golden_chestplate":1,"minecraft:leather_helmet":1,"minecraft:leather_chestplate":1,"minecraft:wooden_pickaxe":1,"minecraft:leather_boots":1,"minecraft:iron_pickaxe":1},"minecraft:killed":{"minecraft:cave_spider":2,"minecraft:spider":1,"minecraft:skeleton":7,"majruszsdifficulty:creeperling":1,"minecraft:piglin":3,"minecraft:pig":2,"spore:inf_player":8,"minecraft:zombie_villager":1,"spore:volatile":1,"mutantmonsters:mutant_skeleton":1,"minecraft:sheep":6,"spore:inf_villager":3,"minecraft:zombie":15,"spore:inf_human":7,"minecraft:stray":1,"minecraft:cow":6,"fear_the_dark:fever_dream":1,"minecraft:husk":3,"spore:stalker":1,"spore:inf_pillager":6,"spore:inf_husk":1},"minecraft:mined":{"minecraft:spruce_planks":293,"minecraft:white_bed":1,"minecraft:cobblestone_stairs":14,"biomesoplenty:brimstone":2,"minecraft:spruce_trapdoor":1,"biomesoplenty:burning_blossom":13,"minecraft:granite":10,"minecraft:chiseled_polished_blackstone":1,"biomesoplenty:bramble":71,"minecraft:acacia_log":37,"minecraft:grass_block":143,"biomesoplenty:rose_quartz_block":2,"minecraft:cracked_polished_blackstone_bricks":18,"minecraft:oxeye_daisy":2,"minecraft:gilded_blackstone":2,"minecraft:spawner":1,"minecraft:polished_blackstone_bricks":22,"minecraft:tall_seagrass":1,"minecraft:glowstone":1,"minecraft:mossy_cobblestone_stairs":1,"minecraft:iron_ore":5,"minecraft:cobbled_deepslate":3,"minecraft:fire":37,"minecraft:pumpkin":2,"biomesoplenty:hellbark_log":1,"minecraft:iron_bars":5,"minecraft:spruce_wood":1,"minecraft:spruce_slab":1,"minecraft:orange_bed":9,"minecraft:blackstone":20,"biomesoplenty:brimstone_fumarole":1,"spore:growths_big":5,"minecraft:torch":7,"minecraft:calcite":140,"minecraft:poppy":8,"minecraft:chest":3,"minecraft:dead_bush":2,"minecraft:cobblestone":89,"minecraft:oak_planks":4,"minecraft:bricks":19,"minecraft:wall_torch":3,"minecraft:dark_oak_slab":5,"minecraft:wheat":12,"biomesoplenty:large_rose_quartz_bud":3,"minecraft:stone_brick_stairs":2,"minecraft:grass":206,"minecraft:oak_log":18,"minecraft:acacia_fence":4,"minecraft:sand":152,"minecraft:dirt":99,"minecraft:netherrack":7,"spore:remains":4,"minecraft:oak_leaves":30,"minecraft:tuff":15,"minecraft:mossy_cobblestone":5,"minecraft:dark_oak_leaves":12,"biomesoplenty:desert_grass":25,"minecraft:dark_oak_log":25,"gravestone:gravestone":14,"minecraft:dark_oak_fence":3,"biomesoplenty:bush":26,"minecraft:spruce_fence":41,"minecraft:brick_stairs":2,"minecraft:spruce_leaves":184,"minecraft:acacia_slab":7,"biomesoplenty:dead_grass":13,"spore:growths_small":1,"minecraft:spruce_sapling":2,"minecraft:furnace":2,"minecraft:carrots":4,"minecraft:acacia_stairs":2,"minecraft:andesite":40,"minecraft:stripped_spruce_log":2,"minecraft:peony":4,"minecraft:gold_block":3,"minecraft:bookshelf":1,"minecraft:potatoes":11,"minecraft:cobblestone_slab":5,"minecraft:vine":1,"minecraft:stone":250,"biomesoplenty:rose_quartz_cluster":2,"minecraft:podzol":26,"minecraft:acacia_leaves":7,"minecraft:glass_pane":54,"minecraft:basalt":4,"minecraft:dandelion":3,"minecraft:spruce_door":4,"minecraft:polished_granite":10,"minecraft:crafting_table":4,"minecraft:spruce_button":1,"minecraft:light_gray_wall_banner":1,"minecraft:copper_ore":3,"minecraft:tall_grass":30,"biomesoplenty:sprout":20,"minecraft:diorite":1,"minecraft:spruce_stairs":12,"minecraft:coarse_dirt":12,"minecraft:cobblestone_wall":3,"biomesoplenty:blue_hydrangea":1,"minecraft:spruce_log":687,"minecraft:gravel":1,"minecraft:acacia_door":1,"minecraft:cracked_stone_bricks":9,"minecraft:acacia_planks":16,"minecraft:stone_bricks":5,"minecraft:mossy_stone_bricks":8},"minecraft:killed_by":{"spore:volatile":2,"spore:inf_human":15,"the_impersonator:the_impersonator":2,"steve_dweller:steve_dweller":2,"spore:inf_pillager":3,"fear_the_dark:fever_dream":8,"midnightlurker:void_hands":2,"spore:inf_player":20,"spore:inf_husk":1,"mimic_dweller:mimic_dweller":3,"minecraft:piglin":1,"spore:inf_villager":5,"minecraft:zombie":2,"minecraft:player":1,"spore:busser":5,"mutantmonsters:mutant_skeleton":3,"minecraft:skeleton":1,"spore:stalker":4,"cave_dweller:cave_dweller":2},"minecraft:crafted":{"minecraft:oak_planks":56,"minecraft:cobblestone_slab":12,"usefulbackpacks:backpack_small":1,"minecraft:cobblestone_stairs":20,"minecraft:bow":1,"minecraft:chest":2,"biomesoplenty:hellbark_planks":4,"minecraft:acacia_fence":33,"minecraft:iron_door":6,"minecraft:wooden_shovel":2,"minecraft:crafting_table":6,"minecraft:spruce_planks":1416,"minecraft:acacia_slab":60,"minecraft:baked_potato":11,"minecraft:wooden_pickaxe":1,"minecraft:spruce_door":9,"spore:spine":1,"minecraft:spruce_trapdoor":6,"minecraft:dark_oak_slab":132,"minecraft:charcoal":2,"minecraft:shield":2,"minecraft:stick":544,"minecraft:acacia_door":3,"minecraft:stone_shovel":4,"minecraft:spruce_button":1,"minecraft:acacia_fence_gate":2,"minecraft:bone_meal":45,"minecraft:spruce_fence":150,"minecraft:glass_pane":96,"minecraft:flint_and_steel":1,"minecraft:spruce_stairs":8,"minecraft:dark_oak_fence":102,"minecraft:spruce_wood":6,"minecraft:ladder":117,"minecraft:spruce_slab":90,"minecraft:stone_pickaxe":4,"minecraft:cobblestone_wall":6,"adorn:acacia_chair":2,"minecraft:spruce_boat":3,"minecraft:dark_oak_planks":220,"minecraft:acacia_stairs":4,"minecraft:stone_axe":10,"minecraft:glowstone":1,"minecraft:acacia_boat":4,"minecraft:bread":18,"minecraft:air":0,"minecraft:wooden_axe":1,"minecraft:iron_leggings":1,"minecraft:white_bed":1,"minecraft:acacia_planks":136,"spore:nerves":8,"minecraft:torch":108},"minecraft:dropped":{"minecraft:dirt":87,"minecraft:dark_oak_log":1,"biomesoplenty:rose_quartz_block":2,"usefulbackpacks:backpack_small":1,"gravestone:obituary":31,"minecraft:bone_meal":10,"minecraft:sand":10,"minecraft:white_wool":1,"minecraft:sugar_cane":12,"minecraft:rotten_flesh":1,"minecraft:leather_chestplate":1,"minecraft:melon_seeds":1,"minecraft:acacia_slab":4,"minecraft:ladder":8,"minecraft:quartz":5,"minecraft:polished_granite":4,"minecraft:netherrack":1,"minecraft:iron_ingot":9,"minecraft:bread":4,"minecraft:wheat_seeds":4,"minecraft:poisonous_potato":2,"minecraft:spruce_door":4,"minecraft:stick":2,"minecraft:potion":1,"minecraft:acacia_planks":64,"minecraft:spruce_sapling":1,"minecraft:stone_sword":2,"minecraft:tuff":20,"spore:cerebrum":1,"spore:mutated_fiber":2,"minecraft:spruce_fence":12,"minecraft:pumpkin_seeds":1,"minecraft:cobblestone_slab":3,"minecraft:shield":2,"minecraft:spruce_planks":7,"minecraft:oak_sapling":2,"minecraft:spruce_log":88,"minecraft:stone_pickaxe":3,"minecraft:wooden_pickaxe":1},"minecraft:custom":{"minecraft:interact_with_crafting_table":120,"minecraft:bell_ring":3,"minecraft:leave_game":11,"minecraft:time_since_death":21589,"minecraft:sprint_one_cm":1633398,"minecraft:damage_blocked_by_shield":599,"minecraft:drop":105,"minecraft:play_time":594208,"minecraft:deaths":90,"minecraft:jump":6719,"minecraft:walk_on_water_one_cm":158189,"minecraft:interact_with_furnace":21,"minecraft:sleep_in_bed":25,"minecraft:damage_dealt":18129,"minecraft:player_kills":1,"minecraft:crouch_one_cm":78809,"minecraft:mob_kills":87,"minecraft:damage_dealt_resisted":151,"minecraft:climb_one_cm":8450,"adorn:sit_on_chair":3,"minecraft:walk_one_cm":2516363,"minecraft:sneak_time":22968,"minecraft:walk_under_water_one_cm":21833,"minecraft:boat_one_cm":251902,"minecraft:total_world_time":594208,"minecraft:time_since_rest":21613,"minecraft:damage_absorbed":41,"minecraft:damage_taken":28105,"minecraft:trigger_trapped_chest":35,"minecraft:swim_one_cm":172378,"minecraft:fly_one_cm":1018089,"minecraft:open_chest":284,"minecraft:fall_one_cm":169315},"minecraft:picked_up":{"minecraft:wooden_axe":2,"spore:mutated_heart":8,"minecraft:iron_chestplate":4,"biomesoplenty:burning_blossom":14,"minecraft:wheat":24,"minecraft:flower_pot":3,"minecraft:potion":2,"minecraft:gilded_blackstone":4,"minecraft:stone_brick_stairs":2,"minecraft:string":7,"minecraft:pufferfish":2,"biomesoplenty:brimstone":2,"minecraft:gold_nugget":8,"minecraft:cobbled_deepslate":776,"minecraft:spruce_planks":671,"adorn:oak_post":4,"minecraft:cobblestone_slab":30,"minecraft:calcite":310,"minecraft:wooden_shovel":2,"minecraft:iron_pickaxe":2,"minecraft:melon_slice":14,"minecraft:furnace":18,"minecraft:iron_boots":1,"minecraft:tipped_arrow":1,"adorn:guide_book":1,"minecraft:golden_helmet":1,"biomesoplenty:rose_quartz_block":2,"minecraft:stick":116,"minecraft:acacia_fence":28,"minecraft:torch":30,"minecraft:acacia_log":121,"minecraft:spruce_stairs":36,"minecraft:porkchop":10,"minecraft:diorite":10,"minecraft:light_gray_banner":1,"minecraft:golden_chestplate":5,"minecraft:orange_bed":10,"minecraft:stone_sword":5,"minecraft:rotten_flesh":45,"minecraft:leather_horse_armor":1,"minecraft:iron_bars":7,"minecraft:cod":2,"minecraft:cobblestone":1371,"minecraft:leather_chestplate":10,"minecraft:cooked_beef":4,"minecraft:water_bucket":3,"minecraft:andesite":41,"minecraft:potato":355,"minecraft:flint":5,"minecraft:tuff":191,"minecraft:acacia_boat":13,"minecraft:map":2,"minecraft:dirt":926,"minecraft:polished_granite":19,"minecraft:leather_boots":2,"minecraft:glass":88,"minecraft:bone":59,"minecraft:acacia_planks":699,"minecraft:wheat_seeds":114,"minecraft:bell":7,"minecraft:mossy_stone_bricks":5,"minecraft:glowstone_dust":4,"minecraft:stone_hoe":13,"minecraft:oak_planks":116,"minecraft:ghast_tear":5,"spore:cerebrum":15,"minecraft:chiseled_polished_blackstone":3,"minecraft:poisonous_potato":2,"minecraft:sand":363,"minecraft:stripped_spruce_log":2,"minecraft:ink_sac":2,"minecraft:dead_bush":8,"minecraft:grass_block":1,"minecraft:acacia_stairs":3,"minecraft:spectral_arrow":6,"minecraft:dark_oak_log":229,"minecraft:mossy_cobblestone":2,"biomesoplenty:hellbark_log":1,"spore:claw_fragment":2,"minecraft:stripped_acacia_log":2,"minecraft:diamond":6,"minecraft:spruce_boat":3,"minecraft:cracked_polished_blackstone_bricks":56,"minecraft:granite":7,"minecraft:bone_meal":4,"minecraft:spruce_button":1,"minecraft:emerald":6,"minecraft:bread":454,"spore:spine_fragment":5,"minecraft:oak_sapling":12,"minecraft:netherrack":6,"minecraft:dark_oak_fence":5,"minecraft:bricks":23,"minecraft:spruce_leaves":2,"minecraft:coarse_dirt":31,"minecraft:crafting_table":12,"minecraft:ladder":8,"minecraft:chicken":2,"minecraft:golden_pickaxe":1,"minecraft:leather_leggings":3,"minecraft:brown_mushroom":2,"minecraft:wooden_pickaxe":13,"minecraft:gold_block":25,"gravestone:obituary":18,"minecraft:shield":15,"biomesoplenty:rose_quartz_shard":13,"minecraft:acacia_door":12,"fear_the_dark:leg_spike":7,"minecraft:blackstone":20,"minecraft:glass_pane":164,"minecraft:cracked_stone_bricks":9,"usefulbackpacks:backpack_small":6,"minecraft:beef":50,"minecraft:oak_boat":6,"minecraft:poppy":8,"minecraft:spruce_slab":4,"minecraft:light_gray_wool":4,"minecraft:sugar_cane":41,"minecraft:chest":3,"minecraft:spruce_trapdoor":1,"minecraft:raw_iron":11,"minecraft:sandstone":360,"minecraft:copper_ingot":2,"minecraft:spruce_fence":126,"minecraft:polished_blackstone_bricks":35,"minecraft:carrot":20,"minecraft:dark_oak_planks":271,"minecraft:stone_shovel":19,"minecraft:arrow":66,"biomesoplenty:blue_hydrangea":2,"minecraft:cooked_cod":1,"minecraft:shears":5,"minecraft:gold_ingot":3,"minecraft:brick_stairs":6,"minecraft:mutton":28,"minecraft:white_wool":32,"minecraft:oxeye_daisy":3,"spore:altered_spleen":1,"minecraft:basalt":4,"minecraft:leather":99,"minecraft:oak_log":53,"minecraft:chainmail_chestplate":2,"minecraft:cobblestone_stairs":16,"minecraft:gunpowder":14,"minecraft:golden_boots":1,"minecraft:cobblestone_wall":5,"minecraft:cooked_mutton":23,"minecraft:stone_bricks":1,"minecraft:spruce_wood":1,"minecraft:iron_ingot":26,"minecraft:stone_pickaxe":20,"spore:mutated_fiber":94,"minecraft:iron_sword":1,"minecraft:acacia_sapling":38,"minecraft:book":171,"minecraft:dark_oak_slab":5,"minecraft:pumpkin":4,"minecraft:dandelion":3,"minecraft:quartz":8,"minecraft:gravel":4,"minecraft:spruce_sapling":70,"minecraft:white_bed":4,"minecraft:spruce_log":1024,"minecraft:spruce_door":11,"minecraft:spider_eye":3,"minecraft:leather_helmet":8,"minecraft:pumpkin_seeds":9,"biomesoplenty:bramble":73,"minecraft:stone_axe":18,"minecraft:chainmail_leggings":1,"minecraft:diamond_axe":2,"minecraft:mossy_cobblestone_stairs":3,"minecraft:baked_potato":4,"minecraft:acacia_slab":26,"minecraft:melon_seeds":6,"minecraft:smooth_quartz_slab":4,"minecraft:coal":46,"minecraft:ender_pearl":4}},"DataVersion":3120}