{"stats":{"minecraft:crafted":{"minecraft:birch_slab":6,"minecraft:bookshelf":4,"minecraft:cooked_mutton":11,"minecraft:birch_fence_gate":1,"spore:fleshy_bone":2,"spore:fleshy_claw":3,"adorn:birch_bench":2,"minecraft:iron_door":3,"minecraft:wooden_shovel":1,"minecraft:cooked_porkchop":3,"minecraft:diamond_axe":2,"minecraft:acacia_slab":6,"minecraft:spruce_door":3,"spore:armads":1,"minecraft:iron_pickaxe":9,"minecraft:acacia_door":3,"minecraft:stone_shovel":1,"minecraft:iron_nugget":9,"minecraft:bone_meal":69,"minecraft:spruce_stairs":8,"minecraft:spruce_slab":18,"minecraft:stone_pickaxe":5,"adorn:acacia_chair":2,"minecraft:wheat":504,"minecraft:iron_shovel":2,"minecraft:iron_leggings":3,"minecraft:white_bed":2,"minecraft:oak_planks":144,"minecraft:acacia_pressure_plate":1,"minecraft:stone":57,"comforts:hammock_white":1,"minecraft:bow":1,"minecraft:iron_boots":2,"spore:vent_plate":16,"minecraft:chest":20,"minecraft:stone_hoe":1,"minecraft:stone_bricks":52,"minecraft:crafting_table":11,"minecraft:spruce_planks":456,"minecraft:baked_potato":28,"minecraft:wooden_pickaxe":13,"minecraft:iron_helmet":1,"minecraft:birch_planks":12,"minecraft:spectral_arrow":12,"minecraft:iron_chestplate":3,"minecraft:diamond_pickaxe":2,"minecraft:shield":10,"cataclysm:stone_tile_stairs":15,"minecraft:stick":118,"minecraft:iron_ingot":75,"minecraft:stone_sword":1,"minecraft:deepslate_bricks":380,"minecraft:shears":1,"minecraft:wooden_sword":3,"minecraft:oak_door":3,"adorn:oak_post":4,"minecraft:furnace":4,"cataclysm:stone_tiles":52,"minecraft:flint_and_steel":1,"minecraft:polished_deepslate":380,"minecraft:iron_axe":2,"minecraft:cooked_beef":23,"spore:living_core":1,"minecraft:diamond_sword":1,"spore:reinforced_door":1,"minecraft:iron_sword":5,"minecraft:bucket":2,"minecraft:stone_axe":2,"minecraft:bread":165,"minecraft:air":0,"minecraft:oak_boat":2,"minecraft:white_wool":1,"minecraft:stonecutter":1,"minecraft:acacia_planks":424,"minecraft:torch":88,"minecraft:trapped_chest":1},"minecraft:picked_up":{"minecraft:wooden_axe":4,"minecraft:iron_chestplate":13,"minecraft:chainmail_boots":6,"minecraft:flower_pot":4,"minecraft:lead":3,"minecraft:enchanted_book":3,"minecraft:polished_blackstone_brick_stairs":4,"minecraft:string":46,"spore:corrosive_sack":1,"minecraft:cobbled_deepslate":1489,"minecraft:gold_nugget":4,"biomesoplenty:pink_hibiscus":3,"minecraft:spruce_planks":308,"adorn:oak_post":6,"minecraft:melon_slice":12,"minecraft:golden_helmet":1,"minecraft:jukebox":1,"minecraft:acacia_log":69,"minecraft:golden_axe":1,"minecraft:golden_chestplate":8,"minecraft:orange_bed":9,"minecraft:stone_sword":11,"minecraft:bookshelf":4,"minecraft:iron_bars":54,"biomesoplenty:lavender":22,"minecraft:birch_log":3,"minecraft:feather":1,"minecraft:cooked_beef":39,"minecraft:iron_door":4,"minecraft:water_bucket":10,"minecraft:flint":8,"minecraft:stonecutter":5,"minecraft:glowstone_dust":70,"minecraft:chiseled_polished_blackstone":1,"minecraft:acacia_stairs":9,"minecraft:dark_oak_log":34,"cataclysm:stone_tiles":2,"cataclysm:lionfish":1,"minecraft:stripped_acacia_log":1,"minecraft:granite":147,"minecraft:bread":331,"spore:spine_fragment":22,"minecraft:bricks":31,"minecraft:diamond_pickaxe":7,"minecraft:spruce_leaves":28,"minecraft:crafting_table":22,"minecraft:coarse_dirt":1,"cataclysm:stone_tile_stairs":7,"minecraft:nether_wart":12,"minecraft:clay_ball":10,"minecraft:leather_leggings":6,"minecraft:golden_pickaxe":2,"minecraft:acacia_button":4,"gravestone:obituary":115,"adorn:birch_bench":1,"minecraft:acacia_door":4,"minecraft:flint_and_steel":3,"minecraft:compass":6,"minecraft:iron_shovel":6,"minecraft:glass_pane":100,"minecraft:cracked_stone_bricks":26,"usefulbackpacks:backpack_small":1,"minecraft:beef":55,"minecraft:poppy":1,"minecraft:spruce_slab":11,"minecraft:chest":29,"spore:tumor":3,"minecraft:sandstone":297,"minecraft:stone":7,"minecraft:oak_door":1,"minecraft:spruce_fence":27,"minecraft:carrot":29,"minecraft:redstone":224,"minecraft:polished_granite_stairs":3,"minecraft:stone_shovel":13,"biomesoplenty:blue_hydrangea":2,"minecraft:peony":2,"minecraft:shears":14,"minecraft:deepslate_bricks":22,"minecraft:hay_block":79,"minecraft:gold_ingot":23,"minecraft:mutton":18,"minecraft:white_wool":19,"minecraft:lime_bed":1,"minecraft:tripwire_hook":4,"majruszsdifficulty:tattered_helmet":1,"minecraft:red_mushroom":2,"minecraft:filled_map":2,"minecraft:oak_log":48,"minecraft:ancient_debris":1,"minecraft:golden_boots":3,"minecraft:apple":2,"minecraft:stone_bricks":102,"majruszsdifficulty:tattered_leggings":1,"minecraft:stone_pickaxe":27,"spore:mutated_fiber":397,"minecraft:glass_bottle":1,"minecraft:iron_sword":11,"minecraft:dark_oak_stairs":4,"minecraft:dark_oak_slab":1,"minecraft:gravel":5,"minecraft:spruce_sapling":100,"minecraft:spruce_log":461,"minecraft:crying_obsidian":4,"minecraft:leather_helmet":6,"spore:vent_plate":7,"minecraft:stone_axe":31,"minecraft:diamond_axe":7,"minecraft:lodestone":1,"minecraft:baked_potato":41,"minecraft:melon_seeds":1,"minecraft:smooth_quartz_slab":1,"minecraft:ender_pearl":5,"spore:mutated_heart":58,"biomesoplenty:burning_blossom":4,"minecraft:wheat":29,"minecraft:potion":6,"minecraft:gilded_blackstone":6,"minecraft:stone_brick_stairs":6,"spore:innards":1,"minecraft:raw_copper":47,"minecraft:iron_leggings":6,"minecraft:experience_bottle":1,"biomesoplenty:brimstone":2,"minecraft:bucket":3,"minecraft:rose_bush":3,"minecraft:cobblestone_slab":16,"minecraft:calcite":756,"minecraft:wooden_shovel":1,"minecraft:iron_pickaxe":21,"minecraft:furnace":7,"minecraft:iron_boots":2,"minecraft:tipped_arrow":2,"biomesoplenty:rose_quartz_block":4,"minecraft:stick":89,"minecraft:acacia_fence":11,"minecraft:torch":219,"minecraft:spruce_stairs":8,"minecraft:porkchop":14,"minecraft:pointed_dripstone":20,"minecraft:diorite":23,"minecraft:quartz_block":1,"minecraft:rotten_flesh":95,"minecraft:obsidian":33,"minecraft:cobblestone":1379,"minecraft:enchanting_table":1,"minecraft:leather_chestplate":11,"minecraft:andesite":83,"minecraft:golden_leggings":3,"minecraft:potato":293,"minecraft:tuff":217,"minecraft:acacia_boat":6,"minecraft:dirt":1031,"minecraft:lapis_lazuli":342,"minecraft:polished_granite":16,"minecraft:name_tag":5,"minecraft:glass":4,"minecraft:bone":210,"minecraft:acacia_planks":693,"minecraft:bow":12,"minecraft:wheat_seeds":61,"minecraft:raw_gold":25,"minecraft:bell":9,"minecraft:mossy_stone_bricks":26,"minecraft:bamboo":5,"spore:biomass_block":16,"minecraft:mossy_stone_brick_stairs":6,"minecraft:oak_planks":201,"minecraft:stone_hoe":4,"spore:cerebrum":27,"spore:armor_fragment":30,"minecraft:sand":1106,"minecraft:dead_bush":8,"minecraft:grass_block":2,"minecraft:spectral_arrow":48,"minecraft:mossy_cobblestone":30,"spore:claw_fragment":29,"minecraft:diamond":49,"minecraft:spruce_boat":1,"minecraft:cracked_polished_blackstone_bricks":128,"minecraft:crossbow":1,"minecraft:bone_meal":71,"minecraft:emerald":3,"minecraft:oak_sapling":6,"minecraft:netherrack":237,"minecraft:ladder":32,"minecraft:splash_potion":1,"minecraft:chicken":2,"minecraft:brown_mushroom":6,"minecraft:wooden_pickaxe":3,"minecraft:gold_block":31,"spore:sickle_fragment":1,"minecraft:shield":27,"biomesoplenty:rose_quartz_shard":16,"minecraft:oak_trapdoor":1,"minecraft:iron_axe":4,"fear_the_dark:leg_spike":12,"minecraft:blackstone":60,"adorn:acacia_chair":3,"minecraft:oak_boat":6,"biomesoplenty:wildflower":35,"minecraft:light_gray_wool":2,"minecraft:lectern":1,"minecraft:sugar_cane":82,"minecraft:phantom_membrane":15,"minecraft:raw_iron":166,"minecraft:bowl":4,"minecraft:polished_blackstone_bricks":335,"minecraft:stone_pressure_plate":2,"minecraft:dark_oak_planks":58,"minecraft:arrow":224,"minecraft:nether_bricks":8,"minecraft:saddle":3,"minecraft:brick_stairs":8,"spore:alveolic_sack":4,"minecraft:skeleton_skull":1,"minecraft:basalt":7,"biomesoplenty:goldenrod":1,"minecraft:leather":85,"minecraft:chainmail_chestplate":12,"minecraft:cobblestone_stairs":44,"minecraft:gunpowder":6,"minecraft:cobblestone_wall":2,"minecraft:acacia_trapdoor":4,"minecraft:spruce_wood":1,"minecraft:iron_ingot":53,"minecraft:acacia_sapling":7,"minecraft:book":94,"minecraft:chiseled_stone_bricks":3,"minecraft:quartz":30,"minecraft:dripstone_block":18,"minecraft:white_bed":7,"minecraft:nether_brick_slab":6,"minecraft:spruce_door":23,"minecraft:spider_eye":13,"biomesoplenty:bramble":4,"minecraft:chainmail_leggings":14,"minecraft:iron_helmet":1,"minecraft:mossy_cobblestone_stairs":17,"majruszsdifficulty:tattered_chestplate":1,"minecraft:coal":235},"minecraft:used":{"fear_the_dark:leg_spike":47,"minecraft:spruce_slab":15,"minecraft:chest":47,"minecraft:rotten_flesh":3,"minecraft:acacia_sapling":6,"minecraft:grass_block":1,"minecraft:stone_brick_stairs":2,"minecraft:bow":118,"minecraft:furnace":4,"minecraft:acacia_fence":2,"minecraft:mossy_stone_bricks":7,"minecraft:diorite":11,"minecraft:spruce_door":5,"minecraft:blackstone":15,"minecraft:wooden_pickaxe":89,"minecraft:leather_chestplate":1,"minecraft:sand":18,"minecraft:polished_granite":3,"minecraft:diamond_sword":253,"minecraft:wooden_sword":82,"minecraft:oak_boat":7,"minecraft:iron_bars":2,"minecraft:stone_sword":457,"adorn:acacia_chair":5,"minecraft:acacia_log":1,"minecraft:netherrack":82,"minecraft:orange_bed":6,"minecraft:torch":319,"minecraft:mossy_cobblestone_stairs":7,"minecraft:iron_axe":285,"adorn:birch_bench":3,"minecraft:trapped_chest":1,"minecraft:acacia_planks":35,"minecraft:cobbled_deepslate":158,"minecraft:golden_axe":7,"minecraft:calcite":302,"minecraft:water_bucket":29,"minecraft:birch_planks":1,"minecraft:deepslate_bricks":426,"minecraft:cracked_stone_bricks":19,"minecraft:mossy_cobblestone":11,"minecraft:crafting_table":15,"minecraft:white_bed":8,"cataclysm:stone_tile_stairs":14,"minecraft:spruce_log":105,"minecraft:oak_log":3,"minecraft:diamond_pickaxe":2210,"minecraft:suspicious_stew":1,"minecraft:iron_pickaxe":1839,"minecraft:spruce_sapling":11,"minecraft:chiseled_stone_bricks":1,"minecraft:cobblestone":378,"minecraft:potion":1,"minecraft:acacia_pressure_plate":1,"minecraft:cooked_porkchop":4,"minecraft:porkchop":4,"minecraft:iron_shovel":901,"minecraft:shield":468,"minecraft:iron_sword":636,"minecraft:spruce_leaves":23,"minecraft:mutton":1,"minecraft:carrot":1,"cataclysm:stone_tiles":33,"minecraft:tuff":51,"minecraft:obsidian":10,"minecraft:bricks":14,"spore:vent_plate":10,"minecraft:stone_bricks":189,"minecraft:golden_sword":32,"spore:armads":73,"minecraft:stone_pickaxe":413,"minecraft:oak_planks":52,"minecraft:ender_pearl":1,"minecraft:sandstone":24,"minecraft:diamond_axe":51,"minecraft:sugar_cane":24,"biomesoplenty:goldenrod":1,"minecraft:dripstone_block":2,"minecraft:shears":30,"minecraft:birch_fence_gate":1,"minecraft:acacia_door":5,"minecraft:bread":77,"minecraft:string":1,"minecraft:iron_door":5,"minecraft:gravel":1,"minecraft:andesite":86,"minecraft:bone_meal":16,"minecraft:golden_pickaxe":6,"minecraft:experience_bottle":1,"minecraft:flint_and_steel":1,"minecraft:stone_shovel":135,"minecraft:spruce_planks":450,"minecraft:wooden_shovel":59,"minecraft:stone_hoe":18,"minecraft:oak_door":3,"minecraft:dirt":442,"minecraft:spruce_stairs":14,"minecraft:granite":86,"minecraft:spruce_fence":6,"minecraft:wooden_axe":18,"minecraft:dark_oak_planks":1,"minecraft:acacia_slab":2,"minecraft:cooked_beef":25,"minecraft:iron_leggings":1,"biomesoplenty:burning_blossom":1,"minecraft:cooked_mutton":6,"minecraft:acacia_boat":2,"minecraft:cobblestone_stairs":2,"minecraft:baked_potato":22,"spore:reinforced_door":1,"adorn:oak_post":4,"minecraft:stonecutter":1,"minecraft:cobblestone_slab":6,"minecraft:lime_bed":1,"minecraft:apple":4,"minecraft:cracked_polished_blackstone_bricks":30,"minecraft:map":1,"minecraft:golden_leggings":1,"minecraft:stone_axe":414,"minecraft:bucket":31},"minecraft:dropped":{"minecraft:iron_sword":1,"minecraft:crafting_table":2,"minecraft:crossbow":1,"minecraft:mossy_stone_brick_stairs":5,"minecraft:cracked_stone_bricks":2,"minecraft:leather_helmet":2,"minecraft:red_mushroom":2,"minecraft:dirt":134,"biomesoplenty:rose_quartz_block":2,"minecraft:wooden_sword":2,"fear_the_dark:leg_spike":1,"minecraft:iron_pickaxe":2,"minecraft:dark_oak_planks":14,"minecraft:bone":6,"minecraft:stone_axe":2,"minecraft:golden_chestplate":2,"minecraft:cobbled_deepslate":98,"minecraft:rotten_flesh":33,"minecraft:oak_planks":2,"minecraft:white_bed":1,"minecraft:tipped_arrow":1,"minecraft:brick_stairs":7,"minecraft:quartz_block":1,"biomesoplenty:wildflower":2,"minecraft:acacia_sapling":1,"minecraft:leather_leggings":1,"minecraft:stone_brick_stairs":2,"minecraft:acacia_fence":1,"spore:armor_fragment":1,"minecraft:egg":1,"minecraft:enchanted_book":1,"minecraft:golden_boots":1,"minecraft:wheat_seeds":23,"biomesoplenty:lavender":7,"minecraft:cobblestone":65,"minecraft:chainmail_helmet":1,"minecraft:coal":37,"biomesoplenty:rose_quartz_shard":4,"minecraft:wooden_hoe":1,"biomesoplenty:brimstone":1,"minecraft:wooden_axe":4,"minecraft:potion":2,"spore:mutated_heart":5,"minecraft:mossy_cobblestone_stairs":5,"minecraft:chainmail_leggings":1,"minecraft:string":2,"minecraft:acacia_planks":7,"minecraft:spruce_sapling":16,"minecraft:bricks":5,"minecraft:stone_sword":1,"minecraft:bowl":5,"minecraft:stone_shovel":1,"minecraft:clay_ball":10,"minecraft:iron_boots":1,"spore:cerebrum":2,"spore:mutated_fiber":43,"minecraft:potato":42,"minecraft:flower_pot":1,"minecraft:peony":1,"minecraft:spruce_planks":104,"minecraft:diamond_pickaxe":1,"minecraft:wooden_shovel":1,"minecraft:stone_pressure_plate":1,"minecraft:stone_bricks":30,"minecraft:spider_eye":1,"minecraft:bow":1,"spore:spine_fragment":2,"minecraft:brown_mushroom":6,"minecraft:oak_log":1,"minecraft:birch_slab":1,"minecraft:flint":5,"minecraft:dark_oak_log":1,"minecraft:polished_blackstone_brick_stairs":4,"gravestone:obituary":179,"biomesoplenty:burning_blossom":1,"minecraft:gravel":1,"majruszsdifficulty:tattered_chestplate":1,"minecraft:chiseled_polished_blackstone":1,"minecraft:pointed_dripstone":4,"minecraft:acacia_stairs":3,"minecraft:carrot":46,"minecraft:chainmail_chestplate":1,"minecraft:chiseled_stone_bricks":1,"minecraft:leather_chestplate":1,"minecraft:acacia_slab":1,"minecraft:chest":1,"minecraft:chainmail_boots":4,"minecraft:basalt":5,"minecraft:iron_bars":9,"minecraft:water_bucket":5,"minecraft:bread":42,"minecraft:mossy_cobblestone":12,"minecraft:stick":9,"minecraft:diorite":3,"minecraft:torch":8,"minecraft:melon_slice":5,"minecraft:iron_axe":1,"minecraft:orange_bed":3,"minecraft:tripwire_hook":2,"minecraft:raw_copper":3,"minecraft:tuff":1,"minecraft:light_gray_wool":2,"minecraft:filled_map":1,"minecraft:shield":3,"minecraft:andesite":1,"minecraft:mossy_stone_bricks":11,"minecraft:golden_leggings":1,"minecraft:oak_sapling":2,"biomesoplenty:blue_hydrangea":2,"minecraft:stone_pickaxe":1,"minecraft:wooden_pickaxe":11},"minecraft:killed_by":{"the_impersonator:the_impersonator":1,"spore:inf_pillager":5,"spore:inf_husk":3,"mimic_dweller:mimic_dweller":5,"minecraft:zombie":9,"majruszsdifficulty:cursed_armor":1,"spore:leaper":1,"minecraft:husk":1,"spore:busser":6,"minecraft:stray":3,"majruszsdifficulty:creeperling":1,"mutantmonsters:mutant_skeleton":3,"spore:stalker":10,"cave_dweller:cave_dweller":3,"spore:volatile":1,"minecraft:creeper":4,"spore:knight":4,"spore:inf_human":32,"steve_dweller:steve_dweller":4,"fear_the_dark:fever_dream":15,"spore:inf_player":35,"minecraft:piglin":1,"spore:inf_villager":17,"minecraft:player":4,"minecraft:enderman":2,"minecraft:skeleton":17},"minecraft:broken":{"minecraft:wooden_shovel":1,"minecraft:iron_boots":1,"minecraft:iron_leggings":1,"minecraft:golden_sword":1,"minecraft:wooden_sword":1,"minecraft:iron_sword":1,"minecraft:stone_sword":2,"minecraft:shield":8,"minecraft:iron_axe":1,"minecraft:iron_pickaxe":4,"minecraft:iron_helmet":1,"minecraft:leather_leggings":1,"minecraft:stone_pickaxe":1,"minecraft:stone_axe":2,"minecraft:stone_shovel":1,"minecraft:golden_axe":1,"majruszsdifficulty:tattered_helmet":1,"minecraft:golden_pickaxe":1},"minecraft:killed":{"spore:braiomil":1,"minecraft:skeleton":28,"minecraft:chicken":1,"spore:spitter":1,"minecraft:magma_cube":1,"spore:inf_player":43,"spore:inf_wanderer":1,"spore:inf_drowned":1,"minecraft:pillager":1,"minecraft:zombie":65,"spore:howler":1,"minecraft:cow":14,"fear_the_dark:fever_dream":4,"minecraft:husk":9,"spore:stalker":3,"spore:brute":1,"majruszsdifficulty:cursed_armor":3,"spore:inf_witch":1,"spore:slasher":1,"minecraft:enderman":2,"minecraft:witch":1,"minecraft:spider":15,"minecraft:piglin_brute":3,"minecraft:piglin":3,"minecraft:pig":5,"spore:volatile":1,"minecraft:creeper":5,"minecraft:sheep":10,"spore:inf_villager":22,"spore:inf_human":43,"minecraft:stray":13,"minecraft:ghast":1,"spore:knight":3,"minecraft:hoglin":1,"spore:inf_pillager":19,"spore:busser":1},"minecraft:custom":{"minecraft:interact_with_crafting_table":128,"minecraft:eat_cake_slice":4,"minecraft:leave_game":6,"minecraft:time_since_death":1622,"minecraft:damage_blocked_by_shield":27697,"minecraft:play_time":874166,"minecraft:deaths":205,"minecraft:jump":11301,"minecraft:interact_with_furnace":83,"minecraft:sleep_in_bed":20,"minecraft:damage_dealt":71186,"minecraft:interact_with_smithing_table":1,"adorn:sit_on_chair":7,"adorn:sit_on_bench":3,"minecraft:sneak_time":103930,"minecraft:total_world_time":874166,"minecraft:interact_with_stonecutter":4,"minecraft:time_since_rest":1656,"minecraft:swim_one_cm":418040,"minecraft:fly_one_cm":2216891,"minecraft:open_chest":543,"minecraft:fall_one_cm":290231,"minecraft:sprint_one_cm":3026435,"minecraft:drop":383,"minecraft:talked_to_villager":1,"minecraft:interact_with_brewingstand":1,"minecraft:walk_on_water_one_cm":206532,"minecraft:player_kills":4,"minecraft:crouch_one_cm":252639,"minecraft:mob_kills":352,"minecraft:damage_dealt_resisted":210,"minecraft:climb_one_cm":89920,"minecraft:walk_one_cm":1955466,"minecraft:walk_under_water_one_cm":136695,"minecraft:boat_one_cm":376461,"minecraft:damage_taken":60119,"minecraft:trigger_trapped_chest":16},"minecraft:mined":{"minecraft:dark_oak_planks":1,"minecraft:white_bed":6,"spore:wall_growths":1,"biomesoplenty:brimstone":1,"cataclysm:stone_tiles":1,"minecraft:obsidian":4,"biomesoplenty:burning_blossom":2,"minecraft:granite":107,"minecraft:chiseled_polished_blackstone":1,"biomesoplenty:bramble":1,"minecraft:acacia_log":64,"minecraft:deepslate_bricks":14,"minecraft:chiseled_stone_bricks":3,"minecraft:spawner":12,"minecraft:polished_blackstone_bricks":125,"minecraft:mossy_cobblestone_stairs":16,"minecraft:cobbled_deepslate":25,"minecraft:fire":44,"biomesoplenty:lavender":10,"minecraft:deepslate_lapis_ore":8,"spore:growth_mycelium":6,"minecraft:enchanting_table":1,"minecraft:tripwire":1,"minecraft:orange_bed":7,"adorn:birch_bench":1,"biomesoplenty:jacaranda_leaves":1,"adorn:oak_post":4,"minecraft:kelp_plant":1,"biomesoplenty:brimstone_fumarole":1,"minecraft:torch":32,"minecraft:melon":1,"minecraft:nether_brick_slab":3,"minecraft:smooth_quartz_slab":1,"minecraft:sugar_cane":41,"minecraft:bricks":19,"minecraft:wheat":17,"minecraft:jukebox":1,"biomesoplenty:large_rose_quartz_bud":4,"minecraft:stone_brick_stairs":8,"minecraft:grass":175,"minecraft:stonecutter":1,"minecraft:deepslate":1544,"spore:remains":11,"minecraft:mossy_cobblestone":26,"biomesoplenty:potted_pink_hibiscus":1,"biomesoplenty:desert_grass":114,"minecraft:nether_bricks":6,"minecraft:spruce_fence":8,"minecraft:acacia_button":1,"adorn:acacia_chair":3,"spore:acid":1,"spore:growths_small":22,"minecraft:acacia_trapdoor":4,"spore:blomfung":1,"minecraft:andesite":68,"minecraft:mossy_stone_brick_stairs":7,"minecraft:potatoes":4,"minecraft:vine":16,"minecraft:cobblestone_slab":8,"minecraft:potted_spruce_sapling":1,"biomesoplenty:rose_quartz_cluster":2,"spore:vent_plate":6,"minecraft:glass_pane":1,"minecraft:tall_grass":2,"minecraft:copper_ore":6,"minecraft:deepslate_gold_ore":10,"minecraft:diorite":20,"minecraft:spruce_log":221,"spore:fungal_stem_top":1,"minecraft:dripstone_block":7,"minecraft:gravel":11,"minecraft:acacia_door":3,"minecraft:acacia_planks":22,"minecraft:stone_bricks":98,"minecraft:fern":1,"minecraft:stone_pressure_plate":2,"minecraft:spruce_planks":105,"spore:underwater_fungal_stem_top":1,"minecraft:cobblestone_stairs":23,"minecraft:grass_block":343,"biomesoplenty:rose_quartz_block":2,"spore:fungal_stem":5,"minecraft:cracked_polished_blackstone_bricks":59,"minecraft:glowstone":9,"minecraft:iron_ore":55,"minecraft:pointed_dripstone":1,"minecraft:iron_bars":31,"minecraft:spruce_slab":2,"minecraft:deepslate_redstone_ore":32,"minecraft:quartz_block":1,"minecraft:blackstone":61,"biomesoplenty:wildflower":33,"spore:growths_big":15,"minecraft:calcite":361,"minecraft:chest":28,"minecraft:nether_quartz_ore":9,"minecraft:cobblestone":101,"minecraft:oak_planks":8,"minecraft:iron_door":4,"minecraft:wall_torch":38,"biomesoplenty:goldenrod":1,"minecraft:dark_oak_slab":1,"minecraft:birch_log":3,"minecraft:oak_log":43,"minecraft:acacia_fence":7,"minecraft:sand":425,"minecraft:dirt":489,"minecraft:tripwire_hook":1,"minecraft:netherrack":140,"minecraft:oak_leaves":27,"minecraft:tuff":279,"spore:wall_growths_big":2,"minecraft:deepslate_diamond_ore":36,"minecraft:oak_door":1,"gravestone:gravestone":117,"biomesoplenty:bush":36,"minecraft:brick_stairs":4,"minecraft:spruce_leaves":149,"minecraft:sandstone":209,"minecraft:hay_block":23,"minecraft:spruce_sapling":1,"minecraft:furnace":5,"minecraft:carrots":8,"spore:rotten_log":1,"minecraft:acacia_stairs":1,"minecraft:peony":1,"minecraft:gold_block":17,"minecraft:bell":1,"minecraft:bookshelf":16,"minecraft:deepslate_iron_ore":23,"minecraft:stripped_acacia_log":1,"minecraft:stone":571,"minecraft:podzol":3,"minecraft:acacia_leaves":16,"minecraft:basalt":8,"minecraft:spruce_door":9,"minecraft:polished_granite":12,"minecraft:crafting_table":10,"minecraft:rose_bush":4,"minecraft:lectern":1,"minecraft:polished_blackstone_brick_stairs":4,"minecraft:spruce_stairs":6,"minecraft:lime_bed":2,"spore:bloomfung2":3,"minecraft:coal_ore":58,"minecraft:cracked_stone_bricks":32,"minecraft:mossy_stone_bricks":29}},"DataVersion":3120}