{"stats":{"minecraft:killed":{"minecraft:spider":2,"minecraft:horse":1,"minecraft:skeleton":1,"minecraft:chicken":2,"minecraft:wolf":1,"minecraft:husk":1,"minecraft:pig":4,"spore:inf_player":1,"minecraft:creeper":1,"minecraft:sheep":6,"minecraft:zombie":9,"minecraft:cow":1},"minecraft:killed_by":{"minecraft:player":1,"minecraft:stray":2,"minecraft:creeper":2,"spore:inf_human":6,"the_impersonator:the_impersonator":2,"spore:inf_wanderer":2,"spore:inf_pillager":1,"spore:inf_villager":1,"mutantmonsters:mutant_skeleton":10,"minecraft:skeleton":2,"minecraft:zombie":5},"minecraft:broken":{"minecraft:golden_leggings":1,"minecraft:shield":1,"minecraft:stone_axe":1,"minecraft:wooden_axe":1},"minecraft:dropped":{"minecraft:wheat_seeds":1,"minecraft:glass_bottle":1,"minecraft:feather":1,"minecraft:cobblestone":2,"minecraft:bone":1,"minecraft:kelp":9,"minecraft:cobbled_deepslate":4,"minecraft:rotten_flesh":1,"minecraft:iron_bars":2,"minecraft:wooden_pickaxe":1},"minecraft:picked_up":{"minecraft:charcoal":6,"minecraft:crafting_table":23,"spore:mutated_heart":13,"minecraft:chicken":6,"minecraft:clay_ball":3,"minecraft:lead":1,"minecraft:wooden_pickaxe":11,"minecraft:potion":6,"minecraft:brewing_stand":4,"minecraft:shield":1,"minecraft:string":13,"minecraft:iron_axe":1,"minecraft:wooden_sword":3,"minecraft:cracked_stone_bricks":5,"minecraft:gold_nugget":4,"minecraft:cobbled_deepslate":8,"minecraft:beef":8,"biomesoplenty:cherry_planks":54,"minecraft:sugar_cane":103,"minecraft:iron_boots":3,"minecraft:furnace":3,"minecraft:egg":6,"minecraft:raw_iron":12,"minecraft:tipped_arrow":2,"adorn:guide_book":2,"minecraft:stick":23,"minecraft:copper_ingot":5,"minecraft:torch":18,"minecraft:green_bed":3,"minecraft:porkchop":40,"minecraft:tnt":3,"minecraft:arrow":52,"biomesoplenty:blue_hydrangea":6,"minecraft:rotten_flesh":23,"minecraft:peony":2,"minecraft:saddle":4,"minecraft:mutton":10,"minecraft:iron_bars":6,"minecraft:white_wool":14,"minecraft:cobblestone":450,"minecraft:birch_log":51,"minecraft:leather_chestplate":2,"adorn:birch_chair":4,"minecraft:feather":4,"minecraft:lilac":6,"adorn:birch_table":5,"minecraft:andesite":2,"minecraft:leather":2,"minecraft:golden_leggings":5,"minecraft:birch_planks":74,"minecraft:flint":2,"minecraft:oak_log":28,"minecraft:prismarine_bricks":10,"minecraft:golden_boots":1,"minecraft:dirt":38,"minecraft:name_tag":2,"minecraft:bone":10,"minecraft:apple":6,"minecraft:stone_bricks":7,"minecraft:kelp":54,"minecraft:wheat_seeds":13,"minecraft:iron_ingot":14,"minecraft:stone_pickaxe":10,"biomesoplenty:magic_log":20,"spore:mutated_fiber":48,"minecraft:mossy_stone_bricks":6,"minecraft:iron_sword":2,"minecraft:mossy_stone_brick_stairs":1,"biomesoplenty:cherry_log":33,"minecraft:oak_planks":133,"minecraft:book":24,"spore:cerebrum":6,"minecraft:chiseled_stone_bricks":2,"minecraft:gravel":3,"minecraft:sand":54,"minecraft:white_bed":7,"minecraft:spruce_log":6,"minecraft:spider_eye":3,"minecraft:mossy_cobblestone":6,"biomesoplenty:maple_sapling":1,"minecraft:diamond":6,"minecraft:slime_ball":2,"minecraft:stone_axe":7,"spore:spine_fragment":4,"minecraft:coal":53,"minecraft:ender_pearl":2},"minecraft:used":{"minecraft:peony":2,"minecraft:stone_sword":12,"minecraft:chest":2,"minecraft:shield":6,"minecraft:torch":6,"minecraft:dirt":9,"minecraft:mutton":4,"biomesoplenty:maple_sapling":1,"minecraft:wooden_axe":69,"biomesoplenty:cherry_planks":3,"minecraft:stone_bricks":5,"adorn:birch_chair":4,"minecraft:beef":2,"minecraft:furnace":1,"biomesoplenty:blue_hydrangea":6,"minecraft:egg":4,"minecraft:cooked_mutton":4,"minecraft:mossy_stone_bricks":2,"minecraft:stone_pickaxe":157,"minecraft:oak_planks":3,"minecraft:baked_potato":1,"minecraft:wooden_pickaxe":12,"minecraft:green_bed":1,"minecraft:cracked_stone_bricks":2,"minecraft:mossy_cobblestone":2,"minecraft:crafting_table":11,"minecraft:white_bed":6,"adorn:guide_book":1,"minecraft:stone_axe":96,"minecraft:chiseled_stone_bricks":1,"minecraft:wooden_sword":28,"minecraft:cobblestone":15,"minecraft:potion":1,"minecraft:andesite":2,"minecraft:birch_log":3,"minecraft:oak_boat":1,"adorn:birch_table":5},"minecraft:crafted":{"minecraft:wooden_sword":1,"minecraft:oak_planks":48,"biomesoplenty:cherry_planks":20,"minecraft:birch_slab":6,"minecraft:furnace":1,"minecraft:cooked_mutton":4,"adorn:birch_chair":2,"minecraft:stone_pickaxe":1,"minecraft:chest":2,"biomesoplenty:magic_planks":20,"minecraft:crafting_table":5,"minecraft:spruce_planks":24,"minecraft:wooden_pickaxe":1,"minecraft:birch_planks":24,"minecraft:stone_axe":1,"minecraft:air":0,"minecraft:oak_boat":3,"minecraft:charcoal":2,"minecraft:stick":16,"adorn:birch_table":3,"minecraft:wooden_axe":2,"minecraft:stone_sword":1,"minecraft:white_bed":1,"minecraft:torch":12},"minecraft:mined":{"biomesoplenty:cherry_log":9,"minecraft:white_bed":7,"minecraft:mossy_cobblestone":7,"adorn:birch_chair":2,"adorn:birch_table":2,"minecraft:brewing_stand":2,"minecraft:grass_block":5,"minecraft:spruce_leaves":4,"minecraft:kelp":4,"minecraft:chiseled_stone_bricks":2,"minecraft:spawner":1,"minecraft:furnace":1,"minecraft:fire":1,"minecraft:andesite":2,"minecraft:peony":3,"biomesoplenty:magic_log":5,"minecraft:mossy_stone_brick_stairs":1,"minecraft:bookshelf":6,"minecraft:iron_bars":5,"minecraft:stone":70,"minecraft:green_bed":2,"minecraft:kelp_plant":3,"minecraft:crafting_table":10,"minecraft:torch":1,"biomesoplenty:cherry_planks":8,"minecraft:tall_grass":20,"minecraft:cobblestone":8,"biomesoplenty:sprout":6,"minecraft:sugar_cane":18,"minecraft:wall_torch":2,"biomesoplenty:blue_hydrangea":6,"biomesoplenty:white_cherry_leaves":3,"minecraft:birch_log":20,"minecraft:lilac":4,"minecraft:spruce_log":6,"minecraft:birch_leaves":4,"biomesoplenty:maple_leaves":17,"minecraft:stone_brick_stairs":1,"minecraft:grass":23,"biomesoplenty:clover":4,"minecraft:oak_log":28,"minecraft:coal_ore":10,"minecraft:beetroots":1,"minecraft:gravel":3,"minecraft:sand":9,"minecraft:cracked_stone_bricks":5,"minecraft:stone_bricks":6,"minecraft:mossy_stone_bricks":6,"minecraft:oak_leaves":1,"minecraft:fern":5},"minecraft:custom":{"minecraft:mob_kills":33,"minecraft:interact_with_crafting_table":19,"minecraft:leave_game":5,"minecraft:time_since_death":3103,"minecraft:climb_one_cm":89,"adorn:sit_on_chair":3,"minecraft:sprint_one_cm":455243,"minecraft:walk_one_cm":207439,"minecraft:damage_blocked_by_shield":230,"minecraft:drop":10,"minecraft:play_time":95743,"minecraft:deaths":35,"minecraft:sneak_time":3461,"minecraft:walk_under_water_one_cm":10291,"minecraft:boat_one_cm":6768,"minecraft:jump":2030,"minecraft:interact_with_brewingstand":1,"minecraft:walk_on_water_one_cm":52044,"minecraft:total_world_time":95743,"minecraft:interact_with_furnace":5,"minecraft:sleep_in_bed":2,"minecraft:time_since_rest":3128,"minecraft:damage_taken":9987,"minecraft:damage_dealt":5894,"minecraft:swim_one_cm":78499,"minecraft:fly_one_cm":482471,"minecraft:player_kills":1,"minecraft:open_chest":17,"minecraft:crouch_one_cm":8389,"minecraft:fall_one_cm":67235}},"DataVersion":3120}