{"stats":{"minecraft:broken":{"minecraft:wooden_shovel":1,"minecraft:leather_leggings":1,"minecraft:stone_pickaxe":1,"minecraft:golden_sword":1,"minecraft:stone_axe":2,"minecraft:stone_shovel":1,"minecraft:shield":2,"minecraft:golden_axe":1,"minecraft:iron_axe":1,"minecraft:iron_pickaxe":3},"minecraft:killed":{"minecraft:witch":1,"minecraft:skeleton":7,"minecraft:chicken":1,"minecraft:piglin_brute":3,"minecraft:magma_cube":1,"minecraft:piglin":3,"minecraft:pig":5,"spore:inf_player":16,"spore:inf_drowned":1,"minecraft:creeper":2,"minecraft:sheep":7,"spore:inf_villager":7,"minecraft:pillager":1,"minecraft:zombie":9,"spore:inf_human":13,"minecraft:ghast":1,"minecraft:cow":14,"fear_the_dark:fever_dream":1,"minecraft:husk":2,"majruszsdifficulty:cursed_armor":2,"minecraft:hoglin":1,"spore:inf_pillager":7,"spore:inf_witch":1},"minecraft:crafted":{"minecraft:oak_planks":76,"minecraft:stone":57,"minecraft:bookshelf":4,"minecraft:cooked_mutton":7,"minecraft:bow":1,"minecraft:iron_boots":1,"minecraft:chest":18,"minecraft:iron_door":3,"minecraft:stone_hoe":1,"minecraft:stone_bricks":52,"minecraft:wooden_shovel":1,"minecraft:cooked_porkchop":3,"minecraft:diamond_axe":2,"minecraft:crafting_table":8,"minecraft:spruce_planks":456,"minecraft:wooden_pickaxe":2,"minecraft:baked_potato":14,"minecraft:spruce_door":3,"minecraft:spectral_arrow":12,"minecraft:iron_chestplate":2,"minecraft:diamond_pickaxe":2,"minecraft:shield":5,"cataclysm:stone_tile_stairs":15,"minecraft:stick":64,"minecraft:iron_ingot":75,"minecraft:iron_pickaxe":7,"minecraft:stone_sword":1,"minecraft:acacia_door":3,"minecraft:shears":1,"minecraft:oak_door":3,"adorn:oak_post":4,"minecraft:stone_shovel":1,"minecraft:furnace":4,"minecraft:bone_meal":69,"cataclysm:stone_tiles":52,"minecraft:flint_and_steel":1,"minecraft:spruce_stairs":8,"minecraft:iron_axe":1,"minecraft:spruce_slab":18,"minecraft:stone_pickaxe":4,"minecraft:wheat":504,"minecraft:cooked_beef":23,"minecraft:iron_sword":2,"minecraft:bucket":1,"minecraft:stone_axe":2,"minecraft:bread":160,"minecraft:air":0,"minecraft:oak_boat":2,"minecraft:iron_shovel":2,"minecraft:iron_leggings":2,"minecraft:stonecutter":1,"minecraft:white_bed":1,"minecraft:acacia_planks":404,"minecraft:torch":24,"minecraft:trapped_chest":1},"minecraft:custom":{"minecraft:interact_with_crafting_table":79,"minecraft:leave_game":4,"minecraft:time_since_death":7648,"minecraft:sprint_one_cm":1617263,"minecraft:damage_blocked_by_shield":5740,"minecraft:drop":84,"minecraft:talked_to_villager":1,"minecraft:play_time":452257,"minecraft:deaths":98,"minecraft:jump":6941,"minecraft:interact_with_brewingstand":1,"minecraft:walk_on_water_one_cm":179927,"minecraft:interact_with_furnace":72,"minecraft:sleep_in_bed":18,"minecraft:damage_dealt":22679,"minecraft:player_kills":1,"minecraft:crouch_one_cm":96804,"minecraft:interact_with_smithing_table":1,"minecraft:mob_kills":120,"minecraft:climb_one_cm":3043,"minecraft:walk_one_cm":1067200,"minecraft:sneak_time":35363,"minecraft:walk_under_water_one_cm":85848,"minecraft:boat_one_cm":371515,"minecraft:total_world_time":452257,"minecraft:interact_with_stonecutter":4,"minecraft:time_since_rest":7676,"minecraft:damage_taken":28372,"minecraft:trigger_trapped_chest":11,"minecraft:swim_one_cm":299544,"minecraft:fly_one_cm":1304641,"minecraft:open_chest":278,"minecraft:fall_one_cm":176241},"minecraft:used":{"fear_the_dark:leg_spike":47,"minecraft:iron_shovel":301,"minecraft:spruce_slab":14,"minecraft:chest":43,"minecraft:shield":97,"minecraft:iron_sword":132,"minecraft:spruce_leaves":23,"minecraft:carrot":1,"cataclysm:stone_tiles":33,"minecraft:acacia_sapling":6,"minecraft:tuff":51,"minecraft:obsidian":10,"minecraft:bricks":9,"minecraft:grass_block":1,"minecraft:golden_sword":32,"minecraft:bow":56,"minecraft:furnace":4,"minecraft:acacia_fence":1,"minecraft:spruce_door":4,"minecraft:oak_planks":11,"minecraft:stone_pickaxe":256,"minecraft:blackstone":15,"minecraft:leather_chestplate":1,"minecraft:wooden_pickaxe":11,"minecraft:sandstone":24,"minecraft:sugar_cane":24,"minecraft:diamond_axe":51,"minecraft:sand":18,"minecraft:dripstone_block":2,"minecraft:shears":30,"minecraft:acacia_door":4,"minecraft:bread":69,"minecraft:polished_granite":3,"minecraft:iron_door":5,"minecraft:andesite":54,"minecraft:oak_boat":7,"minecraft:bone_meal":6,"minecraft:experience_bottle":1,"minecraft:stone_sword":170,"minecraft:acacia_log":1,"minecraft:flint_and_steel":1,"minecraft:stone_shovel":135,"minecraft:spruce_planks":450,"minecraft:wooden_shovel":59,"minecraft:stone_hoe":18,"minecraft:netherrack":82,"minecraft:oak_door":3,"minecraft:orange_bed":6,"minecraft:torch":136,"minecraft:dirt":223,"minecraft:spruce_stairs":14,"minecraft:granite":59,"minecraft:dark_oak_planks":1,"minecraft:iron_axe":244,"minecraft:trapped_chest":1,"minecraft:cooked_beef":15,"minecraft:cobbled_deepslate":85,"minecraft:acacia_planks":28,"minecraft:iron_leggings":1,"minecraft:golden_axe":7,"biomesoplenty:burning_blossom":1,"minecraft:calcite":302,"minecraft:water_bucket":21,"adorn:oak_post":4,"minecraft:stonecutter":1,"minecraft:cobblestone_slab":6,"minecraft:deepslate_bricks":43,"minecraft:crafting_table":12,"minecraft:white_bed":7,"cataclysm:stone_tile_stairs":14,"minecraft:spruce_log":105,"minecraft:oak_log":1,"minecraft:diamond_pickaxe":517,"minecraft:cracked_polished_blackstone_bricks":30,"minecraft:iron_pickaxe":1423,"minecraft:map":1,"minecraft:spruce_sapling":8,"minecraft:stone_axe":367,"minecraft:cobblestone":131,"minecraft:potion":1,"minecraft:porkchop":4,"minecraft:cooked_porkchop":3,"minecraft:bucket":22},"minecraft:dropped":{"minecraft:brown_mushroom":6,"minecraft:oak_log":1,"minecraft:crafting_table":2,"minecraft:leather_helmet":1,"minecraft:red_mushroom":2,"minecraft:dirt":5,"minecraft:dark_oak_log":1,"biomesoplenty:rose_quartz_block":2,"minecraft:polished_blackstone_brick_stairs":4,"fear_the_dark:leg_spike":1,"minecraft:iron_pickaxe":1,"minecraft:dark_oak_planks":14,"biomesoplenty:burning_blossom":1,"minecraft:bone":6,"minecraft:gravel":1,"minecraft:chiseled_polished_blackstone":1,"minecraft:stone_axe":2,"minecraft:cobbled_deepslate":31,"minecraft:pointed_dripstone":4,"minecraft:rotten_flesh":6,"minecraft:white_bed":1,"minecraft:acacia_stairs":3,"minecraft:chainmail_chestplate":1,"minecraft:brick_stairs":7,"minecraft:chest":1,"minecraft:chainmail_boots":1,"minecraft:acacia_sapling":1,"minecraft:leather_leggings":1,"minecraft:basalt":5,"minecraft:acacia_fence":1,"minecraft:water_bucket":1,"minecraft:golden_boots":1,"minecraft:bread":42,"minecraft:wheat_seeds":20,"biomesoplenty:lavender":7,"minecraft:cobblestone":1,"biomesoplenty:rose_quartz_shard":4,"biomesoplenty:brimstone":1,"minecraft:wooden_axe":3,"minecraft:potion":2,"spore:mutated_heart":2,"minecraft:orange_bed":3,"minecraft:chainmail_leggings":1,"minecraft:string":1,"minecraft:acacia_planks":7,"minecraft:stone_sword":1,"minecraft:raw_copper":3,"minecraft:bowl":4,"minecraft:tuff":1,"minecraft:light_gray_wool":2,"minecraft:clay_ball":10,"spore:mutated_fiber":17,"minecraft:filled_map":1,"minecraft:peony":1,"minecraft:spruce_planks":48,"minecraft:diamond_pickaxe":1,"minecraft:oak_sapling":2,"minecraft:wooden_shovel":1,"biomesoplenty:blue_hydrangea":2,"minecraft:bow":1,"minecraft:stone_pickaxe":1,"minecraft:wooden_pickaxe":2},"minecraft:killed_by":{"minecraft:creeper":2,"spore:inf_human":12,"steve_dweller:steve_dweller":2,"spore:inf_pillager":2,"spore:inf_player":28,"spore:inf_husk":3,"minecraft:piglin":1,"mimic_dweller:mimic_dweller":3,"spore:inf_villager":10,"majruszsdifficulty:cursed_armor":1,"spore:leaper":1,"minecraft:player":2,"minecraft:enderman":1,"mutantmonsters:mutant_skeleton":1,"minecraft:skeleton":5,"spore:stalker":6,"cave_dweller:cave_dweller":3},"minecraft:mined":{"minecraft:dark_oak_planks":1,"minecraft:spruce_planks":105,"minecraft:white_bed":6,"minecraft:cobblestone_stairs":18,"biomesoplenty:brimstone":1,"cataclysm:stone_tiles":1,"minecraft:obsidian":4,"biomesoplenty:burning_blossom":2,"minecraft:granite":66,"minecraft:chiseled_polished_blackstone":1,"biomesoplenty:bramble":1,"minecraft:acacia_log":59,"minecraft:grass_block":16,"biomesoplenty:rose_quartz_block":2,"minecraft:cracked_polished_blackstone_bricks":59,"minecraft:deepslate_bricks":9,"minecraft:polished_blackstone_bricks":125,"minecraft:glowstone":9,"minecraft:iron_ore":30,"minecraft:cobbled_deepslate":5,"minecraft:fire":15,"biomesoplenty:lavender":10,"minecraft:pointed_dripstone":1,"minecraft:iron_bars":12,"minecraft:orange_bed":7,"adorn:oak_post":4,"biomesoplenty:jacaranda_leaves":1,"minecraft:deepslate_redstone_ore":7,"minecraft:blackstone":61,"minecraft:kelp_plant":1,"biomesoplenty:brimstone_fumarole":1,"spore:growths_big":3,"minecraft:torch":29,"minecraft:calcite":361,"minecraft:chest":27,"minecraft:nether_brick_slab":3,"minecraft:smooth_quartz_slab":1,"minecraft:nether_quartz_ore":9,"minecraft:cobblestone":18,"minecraft:oak_planks":6,"minecraft:bricks":11,"minecraft:sugar_cane":41,"minecraft:iron_door":3,"minecraft:wall_torch":30,"minecraft:dark_oak_slab":1,"minecraft:wheat":17,"biomesoplenty:large_rose_quartz_bud":4,"minecraft:grass":103,"minecraft:oak_log":24,"minecraft:acacia_fence":6,"minecraft:sand":322,"minecraft:dirt":287,"minecraft:stonecutter":1,"minecraft:netherrack":140,"minecraft:oak_leaves":26,"spore:remains":2,"minecraft:deepslate":351,"minecraft:tuff":95,"minecraft:deepslate_diamond_ore":15,"minecraft:oak_door":1,"biomesoplenty:potted_pink_hibiscus":1,"biomesoplenty:desert_grass":2,"minecraft:nether_bricks":6,"biomesoplenty:bush":36,"minecraft:spruce_fence":3,"minecraft:acacia_button":1,"minecraft:brick_stairs":4,"minecraft:spruce_leaves":124,"spore:growths_small":4,"minecraft:sandstone":209,"minecraft:hay_block":23,"minecraft:furnace":5,"minecraft:carrots":8,"minecraft:acacia_trapdoor":4,"minecraft:acacia_stairs":1,"minecraft:andesite":39,"minecraft:peony":1,"minecraft:gold_block":17,"minecraft:bell":1,"minecraft:bookshelf":1,"minecraft:potatoes":4,"minecraft:deepslate_iron_ore":16,"minecraft:cobblestone_slab":8,"minecraft:vine":3,"minecraft:stripped_acacia_log":1,"minecraft:stone":306,"biomesoplenty:rose_quartz_cluster":2,"minecraft:podzol":3,"minecraft:acacia_leaves":13,"minecraft:polished_granite":12,"minecraft:basalt":8,"minecraft:spruce_door":8,"minecraft:crafting_table":9,"minecraft:tall_grass":2,"minecraft:copper_ore":3,"minecraft:deepslate_gold_ore":4,"minecraft:polished_blackstone_brick_stairs":4,"minecraft:diorite":9,"minecraft:spruce_stairs":6,"minecraft:spruce_log":217,"minecraft:coal_ore":32,"minecraft:acacia_door":2,"minecraft:gravel":11,"minecraft:dripstone_block":7,"minecraft:acacia_planks":19},"minecraft:picked_up":{"minecraft:wooden_axe":3,"minecraft:iron_chestplate":12,"spore:mutated_heart":38,"biomesoplenty:burning_blossom":4,"minecraft:wheat":29,"minecraft:chainmail_boots":2,"minecraft:flower_pot":3,"minecraft:lead":3,"minecraft:potion":6,"minecraft:enchanted_book":3,"minecraft:gilded_blackstone":6,"minecraft:polished_blackstone_brick_stairs":4,"minecraft:string":17,"minecraft:raw_copper":36,"minecraft:iron_leggings":5,"minecraft:experience_bottle":1,"biomesoplenty:brimstone":2,"minecraft:gold_nugget":4,"minecraft:cobbled_deepslate":979,"minecraft:bucket":3,"biomesoplenty:pink_hibiscus":3,"minecraft:spruce_planks":230,"adorn:oak_post":6,"minecraft:cobblestone_slab":16,"minecraft:calcite":756,"minecraft:wooden_shovel":1,"minecraft:iron_pickaxe":20,"minecraft:melon_slice":7,"minecraft:iron_boots":2,"minecraft:furnace":7,"biomesoplenty:rose_quartz_block":4,"minecraft:stick":86,"minecraft:acacia_fence":10,"minecraft:torch":168,"minecraft:acacia_log":62,"minecraft:spruce_stairs":8,"minecraft:porkchop":14,"minecraft:golden_axe":1,"minecraft:pointed_dripstone":20,"minecraft:diorite":9,"minecraft:golden_chestplate":5,"minecraft:orange_bed":9,"minecraft:stone_sword":9,"minecraft:rotten_flesh":43,"minecraft:bookshelf":4,"minecraft:obsidian":33,"minecraft:iron_bars":35,"minecraft:cobblestone":1010,"biomesoplenty:lavender":22,"minecraft:leather_chestplate":8,"minecraft:feather":1,"minecraft:cooked_beef":36,"minecraft:iron_door":3,"minecraft:water_bucket":8,"minecraft:andesite":52,"minecraft:potato":292,"minecraft:flint":6,"minecraft:tuff":153,"minecraft:acacia_boat":3,"minecraft:lapis_lazuli":292,"minecraft:dirt":467,"minecraft:polished_granite":16,"minecraft:name_tag":5,"minecraft:glass":4,"minecraft:bone":159,"minecraft:acacia_planks":691,"minecraft:stonecutter":5,"minecraft:bow":6,"minecraft:wheat_seeds":54,"minecraft:raw_gold":19,"minecraft:bell":9,"minecraft:bamboo":5,"minecraft:glowstone_dust":70,"minecraft:stone_hoe":3,"minecraft:oak_planks":199,"spore:cerebrum":10,"minecraft:chiseled_polished_blackstone":1,"minecraft:sand":1008,"minecraft:dead_bush":8,"minecraft:grass_block":1,"minecraft:acacia_stairs":9,"minecraft:spectral_arrow":48,"minecraft:dark_oak_log":34,"cataclysm:stone_tiles":2,"cataclysm:lionfish":1,"minecraft:stripped_acacia_log":1,"minecraft:diamond":28,"minecraft:spruce_boat":1,"minecraft:cracked_polished_blackstone_bricks":128,"minecraft:granite":107,"minecraft:bone_meal":52,"minecraft:emerald":3,"minecraft:bread":331,"spore:spine_fragment":8,"minecraft:bricks":20,"minecraft:oak_sapling":6,"minecraft:netherrack":237,"minecraft:diamond_pickaxe":7,"minecraft:spruce_leaves":28,"minecraft:coarse_dirt":1,"minecraft:crafting_table":21,"minecraft:brown_mushroom":6,"minecraft:splash_potion":1,"minecraft:chicken":2,"minecraft:nether_wart":12,"minecraft:clay_ball":10,"cataclysm:stone_tile_stairs":7,"minecraft:golden_pickaxe":1,"minecraft:leather_leggings":6,"minecraft:wooden_pickaxe":2,"minecraft:gold_block":31,"minecraft:acacia_button":4,"minecraft:shield":20,"biomesoplenty:rose_quartz_shard":16,"minecraft:acacia_door":3,"minecraft:iron_axe":4,"fear_the_dark:leg_spike":12,"minecraft:flint_and_steel":2,"minecraft:compass":6,"minecraft:iron_shovel":6,"minecraft:blackstone":60,"minecraft:glass_pane":100,"usefulbackpacks:backpack_small":1,"minecraft:beef":55,"minecraft:oak_boat":6,"minecraft:poppy":1,"minecraft:light_gray_wool":2,"minecraft:spruce_slab":6,"minecraft:chest":28,"minecraft:sugar_cane":82,"minecraft:phantom_membrane":15,"minecraft:raw_iron":137,"minecraft:sandstone":297,"minecraft:stone":7,"minecraft:oak_door":1,"minecraft:bowl":4,"minecraft:spruce_fence":21,"minecraft:polished_blackstone_bricks":335,"minecraft:carrot":27,"minecraft:redstone":124,"minecraft:dark_oak_planks":56,"minecraft:polished_granite_stairs":3,"biomesoplenty:blue_hydrangea":2,"minecraft:stone_shovel":13,"minecraft:arrow":161,"minecraft:peony":2,"minecraft:nether_bricks":8,"minecraft:shears":14,"minecraft:deepslate_bricks":19,"minecraft:hay_block":79,"minecraft:saddle":2,"minecraft:gold_ingot":23,"minecraft:brick_stairs":8,"minecraft:mutton":13,"minecraft:white_wool":16,"minecraft:basalt":7,"minecraft:tripwire_hook":2,"minecraft:leather":85,"minecraft:red_mushroom":2,"minecraft:filled_map":2,"minecraft:oak_log":29,"minecraft:chainmail_chestplate":10,"minecraft:ancient_debris":1,"minecraft:cobblestone_wall":2,"minecraft:golden_boots":2,"minecraft:gunpowder":4,"minecraft:cobblestone_stairs":40,"minecraft:apple":2,"minecraft:acacia_trapdoor":4,"minecraft:iron_ingot":44,"minecraft:stone_pickaxe":23,"spore:mutated_fiber":222,"minecraft:glass_bottle":1,"minecraft:iron_sword":11,"minecraft:acacia_sapling":7,"minecraft:book":27,"minecraft:dark_oak_slab":1,"minecraft:quartz":30,"minecraft:dripstone_block":18,"minecraft:gravel":4,"minecraft:spruce_sapling":77,"minecraft:white_bed":7,"minecraft:spruce_log":456,"minecraft:nether_brick_slab":6,"minecraft:crying_obsidian":4,"minecraft:spruce_door":22,"minecraft:spider_eye":3,"minecraft:leather_helmet":5,"biomesoplenty:bramble":4,"minecraft:stone_axe":30,"minecraft:chainmail_leggings":14,"minecraft:diamond_axe":7,"minecraft:lodestone":1,"minecraft:baked_potato":30,"minecraft:melon_seeds":1,"minecraft:smooth_quartz_slab":1,"minecraft:coal":209,"minecraft:ender_pearl":3}},"DataVersion":3120}