{"stats":{"minecraft:used":{"fear_the_dark:leg_spike":47,"minecraft:iron_shovel":301,"minecraft:spruce_slab":14,"minecraft:chest":45,"minecraft:shield":286,"minecraft:iron_sword":281,"minecraft:rotten_flesh":2,"minecraft:spruce_leaves":23,"minecraft:mutton":1,"minecraft:carrot":1,"cataclysm:stone_tiles":33,"minecraft:acacia_sapling":6,"minecraft:tuff":51,"minecraft:obsidian":10,"minecraft:bricks":14,"minecraft:grass_block":1,"minecraft:stone_brick_stairs":2,"minecraft:stone_bricks":54,"minecraft:golden_sword":32,"minecraft:bow":56,"minecraft:furnace":4,"minecraft:acacia_fence":2,"minecraft:mossy_stone_bricks":3,"minecraft:spruce_door":5,"minecraft:oak_planks":52,"minecraft:stone_pickaxe":402,"minecraft:blackstone":15,"minecraft:wooden_pickaxe":88,"minecraft:leather_chestplate":1,"minecraft:sandstone":24,"minecraft:sugar_cane":24,"minecraft:diamond_axe":51,"minecraft:sand":18,"biomesoplenty:goldenrod":1,"minecraft:dripstone_block":2,"minecraft:shears":30,"minecraft:birch_fence_gate":1,"minecraft:acacia_door":5,"minecraft:bread":74,"minecraft:string":1,"minecraft:iron_door":5,"minecraft:polished_granite":3,"minecraft:wooden_sword":82,"minecraft:andesite":65,"minecraft:oak_boat":7,"minecraft:bone_meal":16,"minecraft:golden_pickaxe":6,"minecraft:experience_bottle":1,"adorn:acacia_chair":5,"minecraft:acacia_log":1,"minecraft:stone_sword":455,"minecraft:flint_and_steel":1,"minecraft:stone_shovel":135,"minecraft:spruce_planks":450,"minecraft:wooden_shovel":59,"minecraft:stone_hoe":18,"minecraft:netherrack":82,"minecraft:oak_door":3,"minecraft:orange_bed":6,"minecraft:torch":198,"minecraft:dirt":223,"minecraft:spruce_stairs":14,"minecraft:granite":77,"minecraft:mossy_cobblestone_stairs":4,"minecraft:wooden_axe":18,"minecraft:dark_oak_planks":1,"minecraft:iron_axe":267,"minecraft:acacia_slab":2,"adorn:birch_bench":3,"minecraft:trapped_chest":1,"minecraft:cooked_beef":18,"minecraft:cobbled_deepslate":85,"minecraft:acacia_planks":35,"minecraft:golden_axe":7,"biomesoplenty:burning_blossom":1,"minecraft:iron_leggings":1,"minecraft:calcite":302,"minecraft:water_bucket":21,"minecraft:cobblestone_stairs":2,"minecraft:birch_planks":1,"minecraft:baked_potato":8,"adorn:oak_post":4,"minecraft:stonecutter":1,"minecraft:cobblestone_slab":6,"minecraft:deepslate_bricks":43,"minecraft:cracked_stone_bricks":19,"minecraft:mossy_cobblestone":11,"minecraft:lime_bed":1,"minecraft:crafting_table":14,"minecraft:white_bed":8,"cataclysm:stone_tile_stairs":14,"minecraft:spruce_log":105,"minecraft:oak_log":3,"minecraft:diamond_pickaxe":517,"minecraft:apple":2,"minecraft:cracked_polished_blackstone_bricks":30,"minecraft:suspicious_stew":1,"minecraft:iron_pickaxe":1611,"minecraft:map":1,"minecraft:spruce_sapling":11,"minecraft:golden_leggings":1,"minecraft:stone_axe":414,"minecraft:chiseled_stone_bricks":1,"minecraft:potion":1,"minecraft:cobblestone":263,"minecraft:acacia_pressure_plate":1,"minecraft:porkchop":4,"minecraft:cooked_porkchop":3,"minecraft:bucket":22},"minecraft:broken":{"minecraft:wooden_shovel":1,"minecraft:leather_leggings":1,"minecraft:stone_pickaxe":1,"minecraft:golden_sword":1,"minecraft:wooden_sword":1,"minecraft:stone_axe":2,"minecraft:stone_shovel":1,"minecraft:stone_sword":2,"minecraft:shield":4,"minecraft:golden_axe":1,"majruszsdifficulty:tattered_helmet":1,"minecraft:iron_axe":1,"minecraft:iron_pickaxe":3,"minecraft:golden_pickaxe":1},"minecraft:killed":{"minecraft:witch":1,"minecraft:spider":3,"minecraft:skeleton":21,"minecraft:chicken":1,"minecraft:piglin_brute":3,"minecraft:magma_cube":1,"minecraft:piglin":3,"minecraft:pig":5,"spore:inf_player":18,"spore:inf_drowned":1,"minecraft:creeper":2,"minecraft:sheep":10,"spore:inf_villager":12,"minecraft:pillager":1,"minecraft:zombie":52,"spore:inf_human":21,"minecraft:stray":8,"minecraft:ghast":1,"minecraft:cow":14,"fear_the_dark:fever_dream":3,"minecraft:husk":9,"spore:stalker":1,"majruszsdifficulty:cursed_armor":2,"minecraft:hoglin":1,"spore:inf_pillager":10,"spore:inf_witch":1},"minecraft:mined":{"minecraft:dark_oak_planks":1,"minecraft:spruce_planks":105,"minecraft:white_bed":6,"minecraft:cobblestone_stairs":23,"biomesoplenty:brimstone":1,"cataclysm:stone_tiles":1,"minecraft:obsidian":4,"biomesoplenty:burning_blossom":2,"minecraft:granite":97,"biomesoplenty:bramble":1,"minecraft:chiseled_polished_blackstone":1,"minecraft:acacia_log":64,"minecraft:grass_block":16,"biomesoplenty:rose_quartz_block":2,"minecraft:cracked_polished_blackstone_bricks":59,"minecraft:deepslate_bricks":9,"minecraft:chiseled_stone_bricks":2,"minecraft:spawner":1,"minecraft:polished_blackstone_bricks":125,"minecraft:glowstone":9,"minecraft:mossy_cobblestone_stairs":12,"minecraft:iron_ore":30,"minecraft:fire":43,"minecraft:cobbled_deepslate":5,"biomesoplenty:lavender":10,"minecraft:enchanting_table":1,"minecraft:pointed_dripstone":1,"minecraft:iron_bars":16,"adorn:birch_bench":1,"minecraft:tripwire":1,"minecraft:orange_bed":7,"minecraft:deepslate_redstone_ore":7,"biomesoplenty:jacaranda_leaves":1,"adorn:oak_post":4,"minecraft:quartz_block":1,"minecraft:blackstone":61,"minecraft:kelp_plant":1,"biomesoplenty:brimstone_fumarole":1,"minecraft:torch":30,"spore:growths_big":4,"minecraft:calcite":361,"minecraft:melon":1,"minecraft:chest":28,"minecraft:nether_brick_slab":3,"minecraft:smooth_quartz_slab":1,"minecraft:nether_quartz_ore":9,"minecraft:cobblestone":65,"minecraft:oak_planks":8,"minecraft:sugar_cane":41,"minecraft:bricks":19,"minecraft:iron_door":3,"minecraft:wall_torch":34,"biomesoplenty:goldenrod":1,"minecraft:dark_oak_slab":1,"minecraft:birch_log":3,"minecraft:wheat":17,"biomesoplenty:large_rose_quartz_bud":4,"minecraft:stone_brick_stairs":8,"minecraft:jukebox":1,"minecraft:grass":105,"minecraft:oak_log":43,"minecraft:acacia_fence":7,"minecraft:sand":322,"minecraft:dirt":288,"minecraft:tripwire_hook":1,"minecraft:stonecutter":1,"minecraft:netherrack":140,"spore:remains":3,"minecraft:oak_leaves":26,"minecraft:deepslate":351,"minecraft:tuff":95,"minecraft:mossy_cobblestone":16,"minecraft:deepslate_diamond_ore":15,"minecraft:oak_door":1,"biomesoplenty:potted_pink_hibiscus":1,"biomesoplenty:desert_grass":2,"minecraft:nether_bricks":6,"gravestone:gravestone":46,"biomesoplenty:bush":36,"minecraft:spruce_fence":3,"minecraft:acacia_button":1,"minecraft:brick_stairs":4,"adorn:acacia_chair":3,"minecraft:spruce_leaves":149,"minecraft:sandstone":209,"spore:growths_small":9,"minecraft:hay_block":23,"minecraft:spruce_sapling":1,"minecraft:furnace":5,"minecraft:carrots":8,"minecraft:acacia_trapdoor":4,"minecraft:acacia_stairs":1,"minecraft:andesite":50,"minecraft:peony":1,"minecraft:gold_block":17,"minecraft:bell":1,"minecraft:mossy_stone_brick_stairs":6,"minecraft:bookshelf":16,"minecraft:potatoes":4,"minecraft:cobblestone_slab":8,"minecraft:deepslate_iron_ore":16,"minecraft:vine":10,"minecraft:potted_spruce_sapling":1,"minecraft:stripped_acacia_log":1,"minecraft:stone":408,"biomesoplenty:rose_quartz_cluster":2,"minecraft:podzol":3,"minecraft:acacia_leaves":16,"minecraft:spruce_door":9,"minecraft:basalt":8,"minecraft:polished_granite":12,"minecraft:crafting_table":9,"minecraft:lectern":1,"minecraft:copper_ore":5,"minecraft:tall_grass":2,"minecraft:deepslate_gold_ore":4,"minecraft:polished_blackstone_brick_stairs":4,"minecraft:diorite":9,"minecraft:spruce_stairs":6,"minecraft:lime_bed":2,"minecraft:spruce_log":217,"minecraft:coal_ore":37,"minecraft:acacia_door":3,"minecraft:gravel":11,"minecraft:dripstone_block":7,"minecraft:cracked_stone_bricks":29,"minecraft:acacia_planks":22,"minecraft:stone_bricks":36,"minecraft:mossy_stone_bricks":18,"minecraft:fern":1},"minecraft:killed_by":{"spore:volatile":1,"minecraft:creeper":3,"spore:inf_human":22,"steve_dweller:steve_dweller":4,"spore:inf_pillager":2,"fear_the_dark:fever_dream":4,"spore:inf_player":30,"spore:inf_husk":3,"minecraft:piglin":1,"mimic_dweller:mimic_dweller":4,"spore:inf_villager":13,"minecraft:zombie":7,"majruszsdifficulty:cursed_armor":1,"spore:leaper":1,"minecraft:husk":1,"minecraft:player":3,"minecraft:stray":2,"minecraft:enderman":1,"mutantmonsters:mutant_skeleton":1,"minecraft:skeleton":16,"spore:stalker":6,"cave_dweller:cave_dweller":3},"minecraft:crafted":{"minecraft:oak_planks":144,"minecraft:acacia_pressure_plate":1,"minecraft:birch_slab":6,"minecraft:stone":57,"comforts:hammock_white":1,"minecraft:bookshelf":4,"minecraft:cooked_mutton":11,"minecraft:bow":1,"minecraft:iron_boots":2,"minecraft:birch_fence_gate":1,"minecraft:chest":18,"adorn:birch_bench":2,"minecraft:iron_door":3,"minecraft:stone_hoe":1,"minecraft:stone_bricks":52,"minecraft:wooden_shovel":1,"minecraft:cooked_porkchop":3,"minecraft:diamond_axe":2,"minecraft:crafting_table":10,"minecraft:iron_helmet":1,"minecraft:spruce_planks":456,"minecraft:acacia_slab":6,"minecraft:wooden_pickaxe":13,"minecraft:baked_potato":14,"minecraft:spruce_door":3,"minecraft:birch_planks":12,"minecraft:spectral_arrow":12,"minecraft:iron_chestplate":2,"minecraft:diamond_pickaxe":2,"minecraft:shield":7,"cataclysm:stone_tile_stairs":15,"minecraft:stick":114,"minecraft:iron_ingot":75,"minecraft:iron_pickaxe":9,"minecraft:stone_sword":1,"minecraft:acacia_door":3,"minecraft:shears":1,"minecraft:wooden_sword":3,"minecraft:oak_door":3,"adorn:oak_post":4,"minecraft:stone_shovel":1,"minecraft:furnace":4,"minecraft:bone_meal":69,"cataclysm:stone_tiles":52,"minecraft:flint_and_steel":1,"minecraft:spruce_stairs":8,"minecraft:iron_axe":2,"minecraft:spruce_slab":18,"minecraft:stone_pickaxe":5,"adorn:acacia_chair":2,"minecraft:wheat":504,"minecraft:cooked_beef":23,"minecraft:iron_sword":4,"minecraft:bucket":1,"minecraft:stone_axe":2,"minecraft:bread":165,"minecraft:air":0,"minecraft:oak_boat":2,"minecraft:white_wool":1,"minecraft:iron_shovel":2,"minecraft:iron_leggings":2,"minecraft:stonecutter":1,"minecraft:white_bed":2,"minecraft:acacia_planks":424,"minecraft:torch":52,"minecraft:trapped_chest":1},"minecraft:dropped":{"spore:spine_fragment":2,"minecraft:brown_mushroom":6,"minecraft:oak_log":1,"minecraft:crafting_table":2,"minecraft:mossy_stone_brick_stairs":5,"minecraft:cracked_stone_bricks":1,"minecraft:birch_slab":1,"minecraft:leather_helmet":2,"minecraft:flint":2,"minecraft:red_mushroom":2,"minecraft:dirt":6,"minecraft:dark_oak_log":1,"biomesoplenty:rose_quartz_block":2,"minecraft:polished_blackstone_brick_stairs":4,"gravestone:obituary":44,"minecraft:wooden_sword":2,"fear_the_dark:leg_spike":1,"minecraft:iron_pickaxe":1,"minecraft:dark_oak_planks":14,"biomesoplenty:burning_blossom":1,"minecraft:bone":6,"minecraft:gravel":1,"majruszsdifficulty:tattered_chestplate":1,"minecraft:chiseled_polished_blackstone":1,"minecraft:stone_axe":2,"minecraft:golden_chestplate":2,"minecraft:cobbled_deepslate":31,"minecraft:pointed_dripstone":4,"minecraft:rotten_flesh":30,"minecraft:oak_planks":2,"minecraft:carrot":1,"minecraft:white_bed":1,"minecraft:acacia_stairs":3,"minecraft:chainmail_chestplate":1,"minecraft:chiseled_stone_bricks":1,"minecraft:leather_chestplate":1,"minecraft:tipped_arrow":1,"minecraft:brick_stairs":7,"minecraft:acacia_slab":1,"minecraft:quartz_block":1,"minecraft:chest":1,"minecraft:acacia_sapling":1,"minecraft:chainmail_boots":4,"minecraft:leather_leggings":1,"minecraft:basalt":5,"minecraft:iron_bars":2,"minecraft:stone_brick_stairs":2,"minecraft:acacia_fence":1,"minecraft:enchanted_book":1,"minecraft:egg":1,"minecraft:water_bucket":1,"minecraft:golden_boots":1,"minecraft:bread":42,"minecraft:wheat_seeds":20,"minecraft:mossy_cobblestone":6,"biomesoplenty:lavender":7,"minecraft:cobblestone":1,"minecraft:chainmail_helmet":1,"biomesoplenty:rose_quartz_shard":4,"minecraft:wooden_hoe":1,"biomesoplenty:brimstone":1,"minecraft:wooden_axe":4,"minecraft:melon_slice":5,"minecraft:potion":2,"minecraft:mossy_cobblestone_stairs":5,"spore:mutated_heart":4,"minecraft:orange_bed":3,"minecraft:chainmail_leggings":1,"minecraft:string":2,"minecraft:tripwire_hook":2,"minecraft:acacia_planks":7,"minecraft:bricks":5,"minecraft:stone_sword":1,"minecraft:raw_copper":3,"minecraft:bowl":5,"minecraft:tuff":1,"minecraft:light_gray_wool":2,"minecraft:clay_ball":10,"spore:cerebrum":2,"spore:mutated_fiber":34,"minecraft:filled_map":1,"minecraft:shield":2,"minecraft:flower_pot":1,"minecraft:peony":1,"minecraft:spruce_planks":48,"minecraft:diamond_pickaxe":1,"minecraft:andesite":1,"minecraft:mossy_stone_bricks":8,"minecraft:golden_leggings":1,"minecraft:oak_sapling":2,"minecraft:wooden_shovel":1,"biomesoplenty:blue_hydrangea":2,"minecraft:stone_bricks":9,"minecraft:bow":1,"minecraft:stone_pickaxe":1,"minecraft:wooden_pickaxe":11},"minecraft:custom":{"minecraft:interact_with_crafting_table":109,"minecraft:leave_game":4,"minecraft:time_since_death":3859,"minecraft:sprint_one_cm":2302279,"minecraft:damage_blocked_by_shield":15892,"minecraft:drop":194,"minecraft:talked_to_villager":1,"minecraft:play_time":645548,"minecraft:deaths":144,"minecraft:jump":8090,"minecraft:interact_with_brewingstand":1,"minecraft:walk_on_water_one_cm":185247,"minecraft:interact_with_furnace":75,"minecraft:sleep_in_bed":19,"minecraft:damage_dealt":45070,"minecraft:player_kills":3,"minecraft:crouch_one_cm":149557,"minecraft:interact_with_smithing_table":1,"minecraft:mob_kills":226,"minecraft:climb_one_cm":7032,"adorn:sit_on_chair":7,"minecraft:walk_one_cm":1415081,"adorn:sit_on_bench":3,"minecraft:sneak_time":64669,"minecraft:walk_under_water_one_cm":88685,"minecraft:boat_one_cm":371515,"minecraft:total_world_time":645548,"minecraft:interact_with_stonecutter":4,"minecraft:time_since_rest":3889,"minecraft:damage_taken":42062,"minecraft:trigger_trapped_chest":16,"minecraft:swim_one_cm":325611,"minecraft:fly_one_cm":1495566,"minecraft:open_chest":426,"minecraft:fall_one_cm":209486},"minecraft:picked_up":{"minecraft:wooden_axe":4,"spore:mutated_heart":42,"minecraft:iron_chestplate":13,"biomesoplenty:burning_blossom":4,"minecraft:wheat":29,"minecraft:chainmail_boots":6,"minecraft:flower_pot":4,"minecraft:lead":3,"minecraft:enchanted_book":3,"minecraft:potion":6,"minecraft:gilded_blackstone":6,"minecraft:stone_brick_stairs":6,"minecraft:polished_blackstone_brick_stairs":4,"minecraft:string":27,"minecraft:raw_copper":43,"minecraft:iron_leggings":5,"minecraft:experience_bottle":1,"biomesoplenty:brimstone":2,"minecraft:gold_nugget":4,"minecraft:cobbled_deepslate":979,"minecraft:bucket":3,"minecraft:spruce_planks":230,"biomesoplenty:pink_hibiscus":3,"adorn:oak_post":6,"minecraft:cobblestone_slab":16,"minecraft:calcite":756,"minecraft:wooden_shovel":1,"minecraft:iron_pickaxe":20,"minecraft:melon_slice":12,"minecraft:iron_boots":2,"minecraft:furnace":7,"minecraft:golden_helmet":1,"minecraft:tipped_arrow":1,"biomesoplenty:rose_quartz_block":4,"minecraft:stick":87,"minecraft:acacia_fence":11,"minecraft:jukebox":1,"minecraft:torch":181,"minecraft:acacia_log":69,"minecraft:spruce_stairs":8,"minecraft:porkchop":14,"minecraft:golden_axe":1,"minecraft:pointed_dripstone":20,"minecraft:diorite":9,"minecraft:golden_chestplate":8,"minecraft:orange_bed":9,"minecraft:quartz_block":1,"minecraft:stone_sword":10,"minecraft:rotten_flesh":79,"minecraft:bookshelf":4,"minecraft:enchanting_table":1,"minecraft:obsidian":33,"minecraft:iron_bars":39,"minecraft:cobblestone":1155,"minecraft:birch_log":3,"biomesoplenty:lavender":22,"minecraft:leather_chestplate":11,"minecraft:feather":1,"minecraft:cooked_beef":39,"minecraft:iron_door":3,"minecraft:water_bucket":8,"minecraft:andesite":62,"minecraft:golden_leggings":3,"minecraft:potato":293,"minecraft:flint":8,"minecraft:tuff":153,"minecraft:acacia_boat":3,"minecraft:lapis_lazuli":292,"minecraft:dirt":468,"minecraft:polished_granite":16,"minecraft:name_tag":5,"minecraft:glass":4,"minecraft:bone":188,"minecraft:acacia_planks":693,"minecraft:stonecutter":5,"minecraft:bow":8,"minecraft:wheat_seeds":54,"minecraft:raw_gold":19,"minecraft:bell":9,"minecraft:mossy_stone_bricks":15,"minecraft:glowstone_dust":70,"minecraft:bamboo":5,"minecraft:oak_planks":201,"minecraft:stone_hoe":3,"minecraft:mossy_stone_brick_stairs":6,"spore:cerebrum":13,"minecraft:chiseled_polished_blackstone":1,"spore:armor_fragment":4,"minecraft:sand":1008,"minecraft:dead_bush":8,"minecraft:grass_block":1,"minecraft:acacia_stairs":9,"minecraft:spectral_arrow":48,"minecraft:dark_oak_log":34,"minecraft:mossy_cobblestone":20,"cataclysm:stone_tiles":2,"cataclysm:lionfish":1,"spore:claw_fragment":1,"minecraft:stripped_acacia_log":1,"minecraft:diamond":28,"minecraft:spruce_boat":1,"minecraft:cracked_polished_blackstone_bricks":128,"minecraft:granite":137,"minecraft:bone_meal":62,"minecraft:emerald":3,"minecraft:bread":331,"spore:spine_fragment":12,"minecraft:oak_sapling":6,"minecraft:netherrack":237,"minecraft:bricks":31,"minecraft:diamond_pickaxe":7,"minecraft:spruce_leaves":28,"minecraft:coarse_dirt":1,"minecraft:crafting_table":21,"minecraft:splash_potion":1,"minecraft:chicken":2,"minecraft:nether_wart":12,"minecraft:clay_ball":10,"cataclysm:stone_tile_stairs":7,"minecraft:golden_pickaxe":2,"minecraft:leather_leggings":6,"minecraft:brown_mushroom":6,"minecraft:wooden_pickaxe":3,"minecraft:gold_block":31,"minecraft:acacia_button":4,"gravestone:obituary":26,"minecraft:shield":27,"biomesoplenty:rose_quartz_shard":16,"adorn:birch_bench":1,"minecraft:iron_axe":4,"fear_the_dark:leg_spike":12,"minecraft:acacia_door":4,"minecraft:flint_and_steel":2,"minecraft:compass":6,"minecraft:iron_shovel":6,"minecraft:blackstone":60,"minecraft:glass_pane":100,"minecraft:cracked_stone_bricks":23,"adorn:acacia_chair":3,"usefulbackpacks:backpack_small":1,"minecraft:beef":55,"minecraft:oak_boat":6,"minecraft:lectern":1,"minecraft:poppy":1,"minecraft:light_gray_wool":2,"minecraft:spruce_slab":6,"minecraft:sugar_cane":82,"minecraft:chest":29,"minecraft:phantom_membrane":15,"minecraft:raw_iron":137,"minecraft:sandstone":297,"minecraft:stone":7,"minecraft:oak_door":1,"minecraft:bowl":4,"minecraft:spruce_fence":21,"minecraft:polished_blackstone_bricks":335,"minecraft:carrot":28,"minecraft:redstone":124,"minecraft:dark_oak_planks":56,"minecraft:polished_granite_stairs":3,"minecraft:arrow":189,"biomesoplenty:blue_hydrangea":2,"minecraft:stone_shovel":13,"minecraft:peony":2,"minecraft:nether_bricks":8,"minecraft:shears":14,"minecraft:deepslate_bricks":19,"minecraft:hay_block":79,"minecraft:saddle":3,"minecraft:gold_ingot":23,"minecraft:brick_stairs":8,"minecraft:mutton":18,"minecraft:white_wool":19,"minecraft:lime_bed":1,"minecraft:basalt":7,"minecraft:tripwire_hook":4,"biomesoplenty:goldenrod":1,"minecraft:leather":85,"majruszsdifficulty:tattered_helmet":1,"minecraft:red_mushroom":2,"minecraft:filled_map":2,"minecraft:oak_log":48,"minecraft:chainmail_chestplate":11,"minecraft:ancient_debris":1,"minecraft:cobblestone_wall":2,"minecraft:golden_boots":3,"minecraft:gunpowder":4,"minecraft:cobblestone_stairs":44,"minecraft:apple":2,"minecraft:stone_bricks":37,"majruszsdifficulty:tattered_leggings":1,"minecraft:acacia_trapdoor":4,"minecraft:iron_ingot":53,"minecraft:stone_pickaxe":25,"spore:mutated_fiber":252,"minecraft:glass_bottle":1,"minecraft:iron_sword":11,"minecraft:acacia_sapling":7,"minecraft:book":72,"minecraft:dark_oak_slab":1,"minecraft:chiseled_stone_bricks":2,"minecraft:quartz":30,"minecraft:dripstone_block":18,"minecraft:gravel":4,"minecraft:spruce_sapling":81,"minecraft:white_bed":7,"minecraft:spruce_log":456,"minecraft:nether_brick_slab":6,"minecraft:crying_obsidian":4,"minecraft:spider_eye":7,"minecraft:spruce_door":23,"minecraft:leather_helmet":6,"biomesoplenty:bramble":4,"minecraft:stone_axe":31,"minecraft:chainmail_leggings":14,"minecraft:iron_helmet":1,"minecraft:diamond_axe":7,"minecraft:mossy_cobblestone_stairs":14,"minecraft:lodestone":1,"minecraft:baked_potato":30,"minecraft:melon_seeds":1,"minecraft:smooth_quartz_slab":1,"majruszsdifficulty:tattered_chestplate":1,"minecraft:coal":214,"minecraft:ender_pearl":3}},"DataVersion":3120}