{"stats":{"minecraft:broken":{"minecraft:diamond_helmet":1,"minecraft:iron_chestplate":1,"minecraft:wooden_sword":1,"minecraft:stone_sword":1,"minecraft:diamond_leggings":1,"minecraft:shield":6,"minecraft:iron_axe":2,"minecraft:iron_helmet":1,"minecraft:golden_helmet":2,"minecraft:iron_shovel":7,"minecraft:stone_pickaxe":1,"minecraft:golden_chestplate":1},"minecraft:dropped":{"minecraft:iron_sword":1,"minecraft:diamond":2,"minecraft:rail":6,"minecraft:dirt":30,"minecraft:gray_concrete":4,"minecraft:stone_button":20,"minecraft:sand":4,"minecraft:bone":2,"minecraft:stone_axe":2,"minecraft:compass":1,"minecraft:golden_chestplate":1,"minecraft:cobbled_deepslate":2,"minecraft:wheat":1,"minecraft:rotten_flesh":1,"minecraft:oak_planks":3,"minecraft:azure_bluet":5,"minecraft:red_nether_bricks":1,"spore:armor_fragment":13,"minecraft:iron_ingot":26,"minecraft:golden_boots":1,"minecraft:wheat_seeds":51,"minecraft:oak_fence":4,"minecraft:cobblestone":16,"man:cassette_1safetyinstructions":1,"minecraft:oxeye_daisy":9,"minecraft:lava_bucket":1,"minecraft:ink_sac":1,"fear_the_dark:iron_wood_club":1,"minecraft:rose_bush":2,"spore:tumor":1,"minecraft:oak_stairs":1,"minecraft:mossy_cobblestone_stairs":1,"minecraft:paper":8,"spore:claw_fragment":2,"spore:cerebrum":1,"spore:mutated_fiber":16,"minecraft:light_gray_concrete":2,"minecraft:spruce_fence":2,"minecraft:potato":5,"minecraft:peony":30,"minecraft:redstone_torch":8,"minecraft:stone_bricks":4,"minecraft:bell":1,"mutantmonsters:mutant_skeleton_skull":1,"spore:spine_fragment":2,"minecraft:moss_block":4,"minecraft:diamond_axe":3,"minecraft:ender_pearl":4,"minecraft:cornflower":5,"majruszsdifficulty:tattered_boots":2,"usefulbackpacks:backpack_small":1,"gravestone:obituary":337,"minecraft:polished_blackstone_bricks":4,"minecraft:gold_ingot":1,"minecraft:gravel":16,"minecraft:chiseled_polished_blackstone":1,"biomesoplenty:bramble":2,"minecraft:poppy":445,"cataclysm:stone_tile_stairs":5,"minecraft:gunpowder":2,"minecraft:stone_brick_wall":5,"minecraft:azalea":1,"spore:sickle_fragment":1,"minecraft:basalt":1,"biomesoplenty:flesh":5,"minecraft:lilac":15,"minecraft:mossy_cobblestone":1,"minecraft:minecart":3,"minecraft:stick":1,"minecraft:iron_block":18,"minecraft:mossy_cobblestone_slab":1,"minecraft:diorite":36,"minecraft:torch":5,"minecraft:smooth_quartz":2,"minecraft:map":1,"minecraft:stonecutter":2,"minecraft:iron_axe":1,"minecraft:tripwire_hook":1,"minecraft:bucket":1,"minecraft:dandelion":13,"minecraft:chiseled_quartz_block":3,"minecraft:raw_copper":4,"minecraft:red_nether_brick_stairs":1,"minecraft:filled_map":1,"minecraft:andesite":1,"minecraft:oak_sapling":6,"minecraft:stone_pickaxe":1},"minecraft:crafted":{"minecraft:oak_sign":9,"minecraft:lever":1,"minecraft:bookshelf":1,"simplyswords:iron_longsword":1,"minecraft:glass":101,"minecraft:diamond_helmet":1,"minecraft:diamond_leggings":2,"minecraft:beacon":1,"mutantmonsters:mutant_skeleton_boots":1,"spore:fleshy_bone":2,"spore:fleshy_claw":3,"minecraft:gray_bed":1,"minecraft:emerald":298,"minecraft:cooked_porkchop":14,"minecraft:diamond_axe":3,"minecraft:smithing_table":1,"minecraft:fletching_table":2,"minecraft:stone_brick_stairs":34,"spore:armads":1,"minecraft:lectern":1,"minecraft:iron_pickaxe":1,"minecraft:iron_block":43,"minecraft:stone_pickaxe":3,"minecraft:diamond_boots":2,"minecraft:lead":2,"minecraft:golden_helmet":1,"minecraft:wheat":540,"minecraft:enchanted_book":1,"minecraft:iron_shovel":7,"minecraft:iron_leggings":1,"minecraft:white_bed":2,"spore:nerves":24,"minecraft:oak_planks":3670,"minecraft:cobblestone_slab":48,"another_furniture:oak_chair":3,"usefulbackpacks:backpack_small":1,"mutantmonsters:mutant_skeleton_arms":1,"minecraft:hopper":9,"minecraft:stone_brick_slab":330,"minecraft:bow":2,"minecraft:chest":47,"minecraft:oak_slab":12,"minecraft:arrow":80,"minecraft:crafting_table":6,"spore:heart_kebab":1,"minecraft:wooden_pickaxe":1,"minecraft:baked_potato":86,"minecraft:iron_helmet":1,"minecraft:birch_planks":32,"minecraft:diamond_pickaxe":1,"minecraft:shield":2,"minecraft:stick":7220,"minecraft:iron_ingot":44,"minecraft:stone_sword":2,"minecraft:shears":2,"minecraft:wooden_sword":1,"minecraft:tripwire_hook":2,"minecraft:furnace":3,"cataclysm:stone_tiles":5,"minecraft:flint_and_steel":1,"minecraft:iron_axe":4,"minecraft:iron_hoe":1,"minecraft:slime_ball":9,"usefulbackpacks:backpack_medium":1,"minecraft:cooked_beef":8,"spore:living_core":1,"minecraft:bucket":2,"minecraft:stone_axe":17,"minecraft:air":0,"minecraft:bread":199,"minecraft:jungle_planks":20,"minecraft:torch":60,"minecraft:diamond_chestplate":1},"minecraft:killed":{"spore:braiomil":6,"minecraft:skeleton":36,"spore:spitter":1,"minecraft:cat":1,"minecraft:magma_cube":7,"spore:inf_player":29,"spore:inf_wanderer":1,"fear_the_dark:thorn":1,"minecraft:salmon":4,"minecraft:iron_golem":19,"spore:scamper":2,"spore:inf_drowned":1,"minecraft:zombie":18,"spore:howler":1,"minecraft:cow":17,"fear_the_dark:fever_dream":4,"minecraft:horse":7,"minecraft:husk":4,"spore:stalker":1,"majruszsdifficulty:cursed_armor":3,"the_impersonator:the_impersonator":2,"fear_the_dark:arborial_colossus_1":1,"minecraft:zombified_piglin":4,"minecraft:spider":3,"minecraft:wither":1,"minecraft:piglin_brute":4,"minecraft:piglin":1,"minecraft:pig":3,"minecraft:creeper":9,"fear_the_dark:daunt":1,"spore:inf_villager":31,"minecraft:sheep":2,"spore:inf_human":39,"spore:knight":1,"minecraft:blaze":30,"piglinproliferation:piglin_alchemist":1,"minecraft:hoglin":4,"spore:inf_pillager":13,"mutantmonsters:mutant_zombie":1,"minecraft:wither_skeleton":71,"minecraft:villager":1},"minecraft:used":{"minecraft:chest":56,"minecraft:stone":55,"minecraft:rotten_flesh":6,"minecraft:soul_sand":8,"minecraft:lava_bucket":1,"minecraft:grass_block":83,"simplyswords:iron_longsword":65,"minecraft:stone_brick_stairs":31,"minecraft:bow":280,"mutantmonsters:hulk_hammer":3,"minecraft:oak_sapling":1,"minecraft:furnace":9,"minecraft:egg":1,"minecraft:potato":1,"biomesoplenty:flesh":11,"minecraft:wooden_pickaxe":32,"minecraft:sand":3,"majruszsdifficulty:wither_treasure_bag":1,"minecraft:lectern":30,"minecraft:wooden_sword":58,"minecraft:smithing_table":1,"minecraft:oak_trapdoor":12,"minecraft:stone_sword":182,"minecraft:carved_pumpkin":1,"minecraft:cooked_salmon":4,"minecraft:netherrack":128,"minecraft:torch":78,"minecraft:anvil":1,"minecraft:oak_fence_gate":1,"minecraft:iron_block":79,"minecraft:iron_axe":646,"minecraft:slime_block":2,"minecraft:tripwire_hook":4,"gravestone:gravestone":1,"minecraft:water_bucket":50,"minecraft:birch_planks":7,"minecraft:fletching_table":3,"minecraft:mossy_cobblestone":23,"minecraft:oak_slab":26,"minecraft:crafting_table":10,"minecraft:red_bed":1,"minecraft:white_bed":31,"minecraft:dark_oak_fence_gate":1,"cataclysm:stone_tile_stairs":3,"minecraft:oak_log":41,"minecraft:diamond_pickaxe":2446,"minecraft:iron_pickaxe":112,"minecraft:cobblestone":267,"minecraft:porkchop":4,"minecraft:cooked_porkchop":14,"minecraft:iron_shovel":2671,"minecraft:oak_sign":12,"minecraft:shield":167,"minecraft:white_terracotta":21,"minecraft:iron_sword":11,"minecraft:bell":1,"minecraft:mutton":1,"minecraft:jungle_planks":18,"minecraft:nether_bricks":68,"minecraft:obsidian":10,"minecraft:glass":106,"minecraft:lantern":13,"minecraft:stone_bricks":288,"minecraft:hay_block":4,"minecraft:scaffolding":88,"minecraft:gray_bed":1,"minecraft:golden_boots":1,"minecraft:wither_skeleton_skull":3,"minecraft:stone_pickaxe":249,"minecraft:oak_planks":74,"minecraft:diamond_axe":3003,"another_furniture:oak_chair":3,"minecraft:white_wool":4,"minecraft:stone_brick_wall":31,"minecraft:shears":69,"minecraft:lever":2,"minecraft:melon_slice":9,"minecraft:bread":180,"minecraft:string":3,"minecraft:gravel":63,"mutantmonsters:mutant_skeleton_boots":1,"minecraft:experience_bottle":1,"minecraft:oak_fence":65,"minecraft:azalea":1,"minecraft:flint_and_steel":17,"minecraft:dirt":1937,"minecraft:hopper":15,"minecraft:spruce_stairs":1,"minecraft:iron_hoe":121,"minecraft:stone_brick_slab":290,"minecraft:oak_stairs":73,"spore:heart_kebab":1,"minecraft:cooked_beef":10,"minecraft:cooked_mutton":3,"minecraft:baked_potato":90,"minecraft:beacon":4,"minecraft:stonecutter":1,"minecraft:cobblestone_slab":55,"anthropology_items__structures:hunters_machete":175,"fear_the_dark:iron_wood_club":671,"minecraft:stone_axe":52,"minecraft:bucket":52,"minecraft:yellow_bed":9},"minecraft:killed_by":{"minecraft:piglin_brute":5,"the_impersonator:the_impersonator":3,"spore:inf_pillager":3,"spore:braiomil":2,"minecraft:husk":1,"cartoon_dweller:cartoon_dweller":6,"fear_the_dark:daunt":1,"midnightlurker:midnightlurker_ne":1,"majruszsdifficulty:creeperling":1,"mutantmonsters:mutant_skeleton":3,"minecraft:wither":4,"spore:stalker":2,"cave_dweller:cave_dweller":1,"midnightlurker:midnight_lurker_unprovoked":1,"midnightlurker:midnight_lurker_backturned":1,"mutantmonsters:mutant_zombie":1,"minecraft:wither_skeleton":2,"spore:volatile":5,"minecraft:creeper":1,"spore:knight":1,"spore:inf_human":8,"minecraft:drowned":1,"fear_the_dark:fever_dream":18,"man:managgresive":6,"spore:inf_player":26,"minecraft:piglin":2,"spore:inf_villager":8,"minecraft:blaze":1,"minecraft:player":1,"minecraft:enderman":1,"minecraft:iron_golem":2,"minecraft:hoglin":1,"minecraft:skeleton":7,"spore:inf_witch":1},"minecraft:custom":{"minecraft:interact_with_crafting_table":104,"minecraft:open_barrel":64,"minecraft:bell_ring":1,"minecraft:eat_cake_slice":5,"minecraft:leave_game":4,"minecraft:time_since_death":10786,"minecraft:damage_blocked_by_shield":13148,"minecraft:play_time":1009015,"minecraft:deaths":150,"minecraft:jump":19400,"minecraft:interact_with_furnace":75,"minecraft:traded_with_villager":336,"minecraft:sleep_in_bed":40,"minecraft:damage_dealt":101594,"minecraft:inspect_dispenser":2,"minecraft:horse_one_cm":10463,"minecraft:interact_with_smithing_table":1,"minecraft:interact_with_anvil":3,"minecraft:inspect_hopper":2,"minecraft:sneak_time":157685,"minecraft:total_world_time":1009015,"minecraft:tune_noteblock":5,"minecraft:interact_with_stonecutter":6,"minecraft:time_since_rest":10809,"minecraft:swim_one_cm":142290,"minecraft:fly_one_cm":4194644,"minecraft:open_chest":907,"minecraft:fall_one_cm":545202,"minecraft:sprint_one_cm":3668260,"minecraft:drop":527,"minecraft:play_noteblock":1,"minecraft:talked_to_villager":144,"minecraft:walk_on_water_one_cm":113669,"minecraft:interact_with_beacon":5,"minecraft:player_kills":1,"minecraft:crouch_one_cm":505354,"minecraft:mob_kills":402,"minecraft:interact_with_campfire":11,"minecraft:damage_dealt_resisted":648,"minecraft:climb_one_cm":90745,"minecraft:walk_one_cm":2254294,"minecraft:walk_under_water_one_cm":21823,"minecraft:boat_one_cm":1299,"minecraft:damage_taken":55802},"minecraft:mined":{"minecraft:white_bed":30,"minecraft:jungle_leaves":4,"minecraft:red_nether_bricks":5,"cataclysm:stone_tiles":4,"minecraft:obsidian":12,"biomesoplenty:burning_blossom":2,"minecraft:chiseled_polished_blackstone":1,"biomesoplenty:bramble":7,"minecraft:stone_brick_wall":403,"minecraft:jungle_log":5,"biomesoplenty:eyebulb":1,"minecraft:oak_pressure_plate":3,"minecraft:coal_block":11,"minecraft:hopper":6,"minecraft:nether_wart":2,"minecraft:oak_wall_sign":5,"minecraft:oxeye_daisy":9,"minecraft:polished_blackstone_bricks":5,"minecraft:mossy_cobblestone_stairs":1,"minecraft:dark_oak_trapdoor":58,"minecraft:fire":31,"minecraft:fletching_table":1,"minecraft:nether_brick_stairs":5,"minecraft:dirt_path":230,"minecraft:oak_stairs":721,"minecraft:light_gray_concrete":2,"minecraft:iron_block":28,"minecraft:tripwire":3,"minecraft:jungle_trapdoor":11,"minecraft:piston_head":1,"minecraft:brown_mushroom":5,"minecraft:red_bed":1,"minecraft:torch":4,"minecraft:blast_furnace":1,"minecraft:polished_andesite_stairs":7,"minecraft:nether_brick_slab":1,"minecraft:glass":85,"minecraft:sugar_cane":14,"minecraft:skeleton_skull":3,"minecraft:white_terracotta":39,"minecraft:chain":2,"minecraft:light_gray_stained_glass":6,"minecraft:wheat":41,"minecraft:lilac":27,"minecraft:stone_brick_stairs":21,"minecraft:grass":386,"minecraft:oak_fence_gate":1,"minecraft:loom":1,"minecraft:smooth_quartz":1,"minecraft:stonecutter":1,"minecraft:deepslate":2,"spore:remains":9,"minecraft:mossy_cobblestone":31,"minecraft:nether_bricks":92,"cataclysm:stone_tile_stairs":3,"minecraft:spruce_fence":10,"minecraft:redstone_wire":1,"biomesoplenty:dead_grass":7,"minecraft:potted_bamboo":2,"minecraft:moss_block":2,"spore:growths_small":11,"minecraft:black_stained_glass_pane":1,"minecraft:andesite":2,"biomesoplenty:flesh":14,"minecraft:potatoes":79,"minecraft:cobblestone_slab":6,"minecraft:vine":5,"minecraft:rail":8,"minecraft:bamboo":2,"minecraft:bone_block":14,"minecraft:white_wool":101,"minecraft:oak_slab":104,"minecraft:gray_concrete":4,"minecraft:glass_pane":61,"minecraft:chiseled_nether_bricks":1,"minecraft:soul_sand":22,"minecraft:brown_carpet":2,"minecraft:stone_brick_slab":10,"minecraft:dandelion":6,"minecraft:cornflower":2,"minecraft:campfire":6,"minecraft:tall_grass":93,"minecraft:copper_ore":1,"minecraft:diorite":36,"minecraft:birch_leaves":3,"minecraft:gravel":85,"minecraft:cobweb":2,"minecraft:stone_bricks":649,"minecraft:fern":2,"minecraft:spruce_planks":1,"minecraft:farmland":1,"minecraft:cobblestone_stairs":11,"minecraft:potted_cactus":1,"minecraft:orange_wool":1,"minecraft:brewing_stand":1,"minecraft:spruce_trapdoor":37,"minecraft:grass_block":1051,"minecraft:composter":3,"minecraft:mossy_cobblestone_slab":1,"minecraft:glowstone":11,"minecraft:red_nether_brick_stairs":10,"minecraft:iron_ore":20,"minecraft:anvil":1,"minecraft:azure_bluet":1,"minecraft:iron_bars":17,"minecraft:potted_cornflower":7,"minecraft:azalea":2,"minecraft:blackstone":3,"minecraft:chiseled_quartz_block":3,"spore:growths_big":7,"minecraft:clay":9,"minecraft:jungle_stairs":2,"minecraft:poppy":2,"minecraft:beacon":3,"minecraft:chest":26,"minecraft:nether_quartz_ore":2,"minecraft:cobblestone":227,"minecraft:slime_block":2,"minecraft:oak_planks":812,"minecraft:wall_torch":7,"minecraft:birch_log":8,"biomesoplenty:hair":3,"minecraft:smooth_stone_slab":8,"minecraft:oak_log":934,"minecraft:beetroots":4,"minecraft:sand":4,"minecraft:dirt":1479,"minecraft:tripwire_hook":5,"minecraft:netherrack":149,"minecraft:oak_leaves":73,"minecraft:nether_gold_ore":1,"minecraft:oak_door":7,"minecraft:ladder":5,"gravestone:gravestone":169,"cataclysm:chiseled_stone_brick_pillar":2,"another_furniture:oak_chair":3,"minecraft:cracked_nether_bricks":5,"minecraft:hay_block":99,"minecraft:oak_trapdoor":181,"minecraft:furnace":10,"minecraft:carrots":7,"minecraft:dark_oak_fence_gate":58,"biomesoplenty:willow_vine":5,"minecraft:peony":11,"minecraft:gold_block":1,"minecraft:bell":3,"minecraft:nether_brick_fence":6,"minecraft:bookshelf":82,"minecraft:deepslate_iron_ore":5,"minecraft:lantern":5,"minecraft:stripped_oak_log":8,"biomesoplenty:flesh_tendons_strand":1,"minecraft:stone":611,"minecraft:scaffolding":95,"minecraft:basalt":1,"minecraft:crafting_table":13,"minecraft:oak_fence":202,"minecraft:rose_bush":2,"minecraft:lectern":31,"biomesoplenty:sprout":99,"minecraft:spruce_stairs":6,"minecraft:gray_wool":3,"minecraft:birch_planks":60,"minecraft:beehive":5,"minecraft:white_wall_banner":1,"minecraft:yellow_bed":15,"minecraft:potted_azure_bluet":4,"minecraft:coal_ore":33,"minecraft:terracotta":1},"minecraft:picked_up":{"minecraft:flower_pot":19,"minecraft:anvil":1,"minecraft:lead":3,"minecraft:oak_stairs":678,"minecraft:wither_rose":4,"minecraft:enchanted_book":2,"minecraft:brewing_stand":3,"minecraft:golden_sword":2,"minecraft:dark_oak_trapdoor":69,"minecraft:string":21,"minecraft:cooked_salmon":4,"minecraft:red_nether_bricks":5,"spore:corrosive_sack":1,"minecraft:beetroot":3,"minecraft:diamond_leggings":1,"minecraft:gold_nugget":29,"minecraft:cobbled_deepslate":2,"minecraft:spruce_planks":1,"minecraft:acacia_fence_gate":1,"minecraft:coal_block":15,"minecraft:melon_slice":108,"minecraft:golden_helmet":2,"minecraft:beehive":9,"minecraft:composter":6,"minecraft:golden_axe":1,"minecraft:warped_planks":32,"minecraft:golden_chestplate":4,"minecraft:chiseled_nether_bricks":1,"mutantmonsters:mutant_skeleton_pelvis":2,"minecraft:brown_carpet":32,"minecraft:stone_sword":6,"minecraft:iron_block":56,"minecraft:carved_pumpkin":1,"minecraft:white_terracotta":39,"minecraft:blaze_rod":12,"minecraft:iron_bars":17,"minecraft:birch_log":8,"minecraft:mossy_cobblestone_slab":1,"minecraft:cooked_beef":6,"minecraft:water_bucket":1,"minecraft:jungle_log":8,"minecraft:flint":8,"minecraft:gray_concrete":4,"minecraft:lantern":44,"minecraft:stonecutter":1,"spore:nerves":24,"minecraft:glowstone_dust":64,"minecraft:moss_block":4,"minecraft:chiseled_polished_blackstone":2,"minecraft:ink_sac":4,"minecraft:loom":2,"cataclysm:stone_tiles":4,"minecraft:iron_hoe":1,"minecraft:lever":2,"minecraft:granite":2,"minecraft:chainmail_helmet":1,"minecraft:bread":3,"spore:spine_fragment":20,"minecraft:crafting_table":10,"mutantmonsters:mutant_skeleton_arms":1,"minecraft:nether_wart":4,"minecraft:clay_ball":36,"cataclysm:stone_tile_stairs":5,"usefulbackpacks:backpack_medium":1,"gravestone:obituary":209,"minecraft:cornflower":9,"minecraft:jungle_trapdoor":6,"minecraft:red_bed":1,"minecraft:flint_and_steel":2,"minecraft:iron_shovel":5,"usefulbackpacks:backpack_small":1,"minecraft:beef":35,"minecraft:jungle_sapling":1,"minecraft:poppy":34,"minecraft:iron_nugget":8,"minecraft:minecart":5,"minecraft:chest":26,"minecraft:birch_sapling":5,"minecraft:egg":1,"spore:tumor":3,"minecraft:oak_door":18,"minecraft:spruce_fence":38,"minecraft:carrot":48,"minecraft:redstone":2,"minecraft:jungle_sign":1,"minecraft:beetroot_seeds":11,"minecraft:peony":38,"minecraft:shears":1,"minecraft:hay_block":97,"minecraft:gold_ingot":25,"minecraft:mutton":5,"minecraft:bone_block":28,"minecraft:white_wool":182,"minecraft:rail":65,"minecraft:oxeye_daisy":14,"minecraft:stripped_oak_log":7,"minecraft:tripwire_hook":5,"minecraft:filled_map":1,"minecraft:oak_log":1020,"minecraft:golden_boots":4,"mutantmonsters:mutant_skeleton_limb":10,"minecraft:white_banner":4,"minecraft:apple":4,"minecraft:stone_bricks":627,"minecraft:stone_pickaxe":1,"minecraft:oak_fence_gate":1,"spore:mutated_fiber":343,"minecraft:polished_andesite_stairs":7,"minecraft:cracked_nether_bricks":5,"minecraft:gravel":89,"minecraft:leather_helmet":3,"minecraft:slime_ball":7,"minecraft:stone_axe":11,"minecraft:diamond_axe":2,"minecraft:gray_wool":3,"minecraft:baked_potato":10,"minecraft:hopper":6,"minecraft:ender_pearl":4,"spore:mutated_heart":35,"biomesoplenty:burning_blossom":28,"minecraft:wheat":42,"minecraft:redstone_block":1,"minecraft:nether_brick_fence":6,"minecraft:gilded_blackstone":10,"minecraft:stone_brick_stairs":23,"minecraft:raw_copper":8,"mutantmonsters:mutant_skeleton_skull":1,"minecraft:smooth_stone_slab":17,"minecraft:iron_leggings":4,"minecraft:sticky_piston":1,"minecraft:experience_bottle":1,"minecraft:oak_sign":16,"minecraft:rose_bush":2,"minecraft:redstone_torch":4,"minecraft:cobblestone_slab":7,"minecraft:azalea":2,"minecraft:smooth_quartz":2,"minecraft:iron_pickaxe":2,"minecraft:furnace":14,"minecraft:stick":10,"minecraft:oak_fence":257,"minecraft:torch":28,"cataclysm:chiseled_stone_brick_pillar":2,"minecraft:spruce_stairs":9,"minecraft:porkchop":22,"minecraft:diorite":36,"mutantmonsters:hulk_hammer":1,"minecraft:cactus":1,"minecraft:rotten_flesh":32,"mutantmonsters:mutant_skeleton_shoulder_pad":2,"minecraft:obsidian":19,"minecraft:cobblestone":926,"minecraft:leather_chestplate":1,"minecraft:lilac":34,"minecraft:andesite":3,"minecraft:golden_leggings":2,"minecraft:chiseled_quartz_block":3,"minecraft:beacon":3,"minecraft:potato":346,"anthropology_items__structures:hunters_machete":1,"minecraft:wither_skeleton_skull":4,"minecraft:dirt":2769,"minecraft:glass":145,"minecraft:bone":189,"minecraft:bow":5,"minecraft:wheat_seeds":471,"minecraft:bell":7,"minecraft:fletching_table":1,"minecraft:bamboo":25,"minecraft:oak_planks":775,"minecraft:stone_hoe":1,"spore:cerebrum":34,"spore:armor_fragment":30,"minecraft:oak_pressure_plate":2,"minecraft:poisonous_potato":1,"minecraft:sand":29,"minecraft:nether_brick_stairs":5,"minecraft:grass_block":318,"minecraft:mossy_cobblestone":36,"minecraft:orange_wool":2,"gravestone:gravestone":1,"spore:claw_fragment":22,"minecraft:light_gray_concrete":2,"minecraft:slime_block":2,"minecraft:crossbow":2,"minecraft:grass":1,"minecraft:golden_apple":2,"minecraft:spruce_sign":4,"minecraft:emerald":22,"minecraft:oak_sapling":32,"minecraft:netherrack":157,"minecraft:nether_star":1,"majruszsdifficulty:tattered_boots":2,"minecraft:charcoal":12,"minecraft:azure_bluet":9,"minecraft:chicken":4,"minecraft:ladder":10,"biomesoplenty:flesh":24,"minecraft:brown_mushroom":7,"minecraft:stone_brick_wall":409,"minecraft:gold_block":7,"another_furniture:oak_chair":2,"minecraft:chain":2,"spore:sickle_fragment":1,"minecraft:shield":2,"minecraft:oak_trapdoor":274,"fear_the_dark:leg_spike":1,"minecraft:item_frame":15,"minecraft:blackstone":4,"minecraft:lectern":31,"minecraft:sugar_cane":62,"minecraft:spruce_trapdoor":43,"minecraft:raw_iron":25,"minecraft:polished_blackstone_bricks":9,"minecraft:stone_button":194,"minecraft:stone_pressure_plate":5,"minecraft:arrow":56,"minecraft:jungle_stairs":1,"minecraft:nether_bricks":89,"mutantmonsters:mutant_skeleton_rib":8,"minecraft:saddle":1,"spore:alveolic_sack":2,"spore:tendons":4,"minecraft:skeleton_skull":6,"minecraft:dark_oak_button":6,"minecraft:basalt":3,"minecraft:salmon":5,"minecraft:leather":58,"minecraft:birch_planks":60,"minecraft:yellow_bed":18,"minecraft:gunpowder":12,"minecraft:cobblestone_stairs":11,"minecraft:cooked_mutton":4,"minecraft:red_nether_brick_stairs":9,"minecraft:iron_ingot":91,"minecraft:acacia_sapling":1,"minecraft:soul_sand":32,"minecraft:book":417,"minecraft:scaffolding":155,"minecraft:oak_slab":180,"minecraft:warped_fungus":1,"minecraft:birch_boat":1,"minecraft:pumpkin":1,"minecraft:stone_brick_slab":59,"minecraft:quartz":3,"minecraft:dandelion":15,"minecraft:lava_bucket":1,"minecraft:blast_furnace":2,"minecraft:white_bed":35,"minecraft:nether_brick_slab":1,"minecraft:dark_oak_fence_gate":60,"minecraft:spider_eye":3,"minecraft:pumpkin_seeds":12,"biomesoplenty:bramble":8,"minecraft:chainmail_leggings":2,"minecraft:iron_helmet":1,"fear_the_dark:iron_wood_club":3,"mutantmonsters:mutant_skeleton_boots":1,"minecraft:mossy_cobblestone_stairs":1,"minecraft:terracotta":1,"minecraft:coal":95}},"DataVersion":3120}