{"stats":{"minecraft:mined":{"minecraft:spruce_planks":1,"minecraft:white_bed":17,"minecraft:mossy_cobblestone":1,"minecraft:jungle_leaves":4,"minecraft:orange_wool":1,"minecraft:brewing_stand":1,"minecraft:spruce_trapdoor":2,"gravestone:gravestone":41,"minecraft:stone_brick_wall":27,"minecraft:grass_block":90,"minecraft:spruce_fence":1,"minecraft:jungle_log":5,"minecraft:coal_block":3,"minecraft:oxeye_daisy":2,"minecraft:composter":3,"minecraft:moss_block":2,"minecraft:hay_block":1,"minecraft:black_stained_glass_pane":1,"minecraft:oak_trapdoor":8,"minecraft:mossy_cobblestone_slab":1,"minecraft:furnace":4,"minecraft:mossy_cobblestone_stairs":1,"minecraft:iron_ore":20,"minecraft:fire":9,"minecraft:bell":3,"minecraft:bookshelf":66,"minecraft:vine":4,"minecraft:deepslate_iron_ore":5,"minecraft:dirt_path":42,"minecraft:oak_stairs":5,"minecraft:light_gray_concrete":2,"minecraft:potted_cornflower":2,"minecraft:bamboo":2,"minecraft:azalea":2,"minecraft:stone":119,"minecraft:white_wool":30,"minecraft:tripwire":1,"minecraft:scaffolding":28,"minecraft:gray_concrete":4,"minecraft:glass_pane":5,"minecraft:red_bed":1,"minecraft:brown_carpet":1,"minecraft:cornflower":1,"minecraft:dandelion":2,"minecraft:chiseled_quartz_block":3,"minecraft:oak_fence":54,"minecraft:crafting_table":3,"minecraft:torch":1,"minecraft:blast_furnace":1,"minecraft:chest":1,"minecraft:rose_bush":2,"minecraft:lectern":3,"minecraft:campfire":2,"minecraft:tall_grass":31,"minecraft:cobblestone":14,"minecraft:slime_block":2,"biomesoplenty:sprout":2,"minecraft:oak_planks":38,"minecraft:sugar_cane":14,"minecraft:diorite":36,"minecraft:wall_torch":2,"minecraft:skeleton_skull":2,"minecraft:white_terracotta":1,"minecraft:gray_wool":3,"minecraft:birch_log":8,"minecraft:light_gray_stained_glass":6,"minecraft:wheat":4,"minecraft:potted_azure_bluet":1,"minecraft:birch_leaves":2,"minecraft:yellow_bed":9,"minecraft:smooth_stone_slab":4,"minecraft:stone_brick_stairs":1,"minecraft:grass":64,"minecraft:oak_log":153,"minecraft:loom":1,"minecraft:smooth_quartz":1,"minecraft:gravel":12,"minecraft:dirt":123,"minecraft:tripwire_hook":1,"minecraft:stone_bricks":13,"minecraft:oak_leaves":11,"minecraft:deepslate":2,"minecraft:fern":1},"minecraft:picked_up":{"minecraft:charcoal":4,"spore:mutated_heart":3,"minecraft:crafting_table":3,"minecraft:wheat":4,"minecraft:azure_bluet":2,"minecraft:flower_pot":3,"minecraft:chicken":2,"minecraft:oak_stairs":5,"minecraft:stone_brick_wall":26,"minecraft:stone_brick_stairs":1,"gravestone:obituary":38,"minecraft:brewing_stand":1,"minecraft:cornflower":3,"minecraft:oak_trapdoor":8,"minecraft:string":4,"minecraft:red_bed":1,"mutantmonsters:mutant_skeleton_skull":1,"minecraft:cooked_salmon":4,"minecraft:item_frame":3,"minecraft:smooth_stone_slab":6,"minecraft:experience_bottle":1,"minecraft:oak_sign":2,"usefulbackpacks:backpack_small":1,"minecraft:cobbled_deepslate":2,"minecraft:spruce_planks":1,"minecraft:beef":18,"minecraft:rose_bush":2,"minecraft:redstone_torch":4,"minecraft:azalea":2,"minecraft:poppy":1,"minecraft:iron_pickaxe":2,"minecraft:smooth_quartz":2,"minecraft:lectern":3,"minecraft:coal_block":3,"minecraft:sugar_cane":28,"minecraft:chest":1,"minecraft:spruce_trapdoor":2,"minecraft:furnace":4,"minecraft:stick":3,"minecraft:raw_iron":25,"minecraft:composter":3,"minecraft:oak_fence":54,"minecraft:torch":7,"minecraft:spruce_fence":2,"minecraft:porkchop":1,"minecraft:stone_button":14,"minecraft:diorite":36,"minecraft:stone_pressure_plate":2,"mutantmonsters:mutant_skeleton_pelvis":1,"minecraft:brown_carpet":9,"minecraft:stone_sword":1,"minecraft:rotten_flesh":1,"minecraft:arrow":17,"minecraft:hay_block":1,"mutantmonsters:mutant_skeleton_rib":4,"minecraft:white_terracotta":1,"mutantmonsters:mutant_skeleton_shoulder_pad":2,"minecraft:mutton":5,"minecraft:skeleton_skull":2,"minecraft:white_wool":33,"minecraft:cobblestone":134,"minecraft:oxeye_daisy":3,"minecraft:birch_log":8,"minecraft:mossy_cobblestone_slab":1,"minecraft:cooked_beef":6,"minecraft:jungle_log":8,"minecraft:tripwire_hook":1,"minecraft:salmon":4,"minecraft:leather":14,"minecraft:chiseled_quartz_block":3,"minecraft:potato":5,"minecraft:flint":4,"minecraft:oak_log":149,"minecraft:yellow_bed":9,"minecraft:gunpowder":1,"mutantmonsters:mutant_skeleton_limb":8,"minecraft:gray_concrete":4,"minecraft:lantern":5,"minecraft:dirt":296,"minecraft:white_banner":1,"minecraft:cooked_mutton":4,"minecraft:bone":21,"minecraft:apple":3,"minecraft:stone_bricks":13,"minecraft:wheat_seeds":40,"minecraft:bell":3,"spore:mutated_fiber":25,"minecraft:bamboo":12,"minecraft:moss_block":4,"minecraft:oak_planks":38,"minecraft:book":195,"minecraft:scaffolding":32,"spore:cerebrum":1,"spore:armor_fragment":3,"minecraft:dandelion":5,"minecraft:gravel":16,"minecraft:blast_furnace":1,"minecraft:orange_wool":1,"minecraft:loom":1,"minecraft:ink_sac":1,"minecraft:white_bed":18,"minecraft:spider_eye":1,"minecraft:mossy_cobblestone":1,"spore:claw_fragment":2,"minecraft:light_gray_concrete":2,"minecraft:slime_block":2,"minecraft:chainmail_leggings":1,"minecraft:granite":1,"fear_the_dark:iron_wood_club":1,"minecraft:gray_wool":3,"minecraft:mossy_cobblestone_stairs":1,"minecraft:bread":1,"minecraft:oak_sapling":6,"minecraft:coal":19},"minecraft:broken":{"minecraft:stone_sword":1,"minecraft:stone_pickaxe":1,"minecraft:iron_axe":1,"minecraft:wooden_sword":1},"minecraft:used":{"minecraft:azalea":1,"minecraft:oak_fence":42,"minecraft:stone_sword":182,"minecraft:iron_shovel":236,"minecraft:flint_and_steel":10,"minecraft:chest":4,"minecraft:shield":32,"minecraft:stone":55,"minecraft:iron_sword":5,"minecraft:cooked_salmon":4,"minecraft:torch":39,"minecraft:dirt":55,"minecraft:mutton":1,"minecraft:jungle_planks":18,"minecraft:lantern":1,"minecraft:iron_axe":417,"minecraft:slime_block":2,"minecraft:bow":16,"minecraft:oak_sapling":1,"minecraft:furnace":3,"minecraft:gray_bed":1,"minecraft:cooked_beef":10,"minecraft:cooked_mutton":3,"minecraft:stone_pickaxe":176,"minecraft:oak_planks":29,"minecraft:wooden_pickaxe":32,"minecraft:fletching_table":1,"anthropology_items__structures:hunters_machete":170,"minecraft:crafting_table":6,"minecraft:red_bed":1,"minecraft:white_bed":20,"minecraft:oak_log":10,"minecraft:bread":9,"minecraft:lectern":1,"minecraft:iron_pickaxe":97,"fear_the_dark:iron_wood_club":54,"minecraft:stone_axe":44,"minecraft:wooden_sword":58,"minecraft:cobblestone":25,"mutantmonsters:mutant_skeleton_boots":1,"minecraft:porkchop":1,"minecraft:yellow_bed":9,"minecraft:experience_bottle":1},"minecraft:dropped":{"minecraft:moss_block":4,"minecraft:wheat_seeds":4,"minecraft:mossy_cobblestone":1,"minecraft:oak_fence":2,"man:cassette_1safetyinstructions":1,"minecraft:dirt":5,"minecraft:gray_concrete":4,"minecraft:stone_button":1,"minecraft:mossy_cobblestone_slab":1,"minecraft:ink_sac":1,"minecraft:diorite":36,"minecraft:cornflower":2,"minecraft:smooth_quartz":2,"minecraft:map":1,"usefulbackpacks:backpack_small":1,"gravestone:obituary":70,"minecraft:iron_axe":1,"minecraft:mossy_cobblestone_stairs":1,"minecraft:paper":8,"minecraft:tripwire_hook":1,"spore:claw_fragment":1,"minecraft:dandelion":3,"minecraft:gravel":16,"minecraft:compass":1,"minecraft:chiseled_quartz_block":3,"minecraft:cobbled_deepslate":2,"minecraft:light_gray_concrete":2,"minecraft:azure_bluet":2,"minecraft:spruce_fence":2,"minecraft:filled_map":1,"minecraft:gunpowder":2,"minecraft:stone_bricks":4,"minecraft:oak_sapling":5,"minecraft:azalea":1,"minecraft:redstone_torch":8,"mutantmonsters:mutant_skeleton_skull":1},"minecraft:crafted":{"minecraft:wooden_sword":1,"minecraft:oak_planks":400,"usefulbackpacks:backpack_small":1,"minecraft:furnace":3,"minecraft:flint_and_steel":1,"mutantmonsters:mutant_skeleton_arms":1,"minecraft:bow":1,"minecraft:iron_axe":3,"mutantmonsters:mutant_skeleton_boots":1,"minecraft:stone_pickaxe":2,"minecraft:chest":3,"minecraft:gray_bed":1,"minecraft:cooked_beef":8,"minecraft:emerald":16,"minecraft:crafting_table":3,"minecraft:wooden_pickaxe":1,"minecraft:fletching_table":1,"minecraft:birch_planks":32,"minecraft:stone_axe":1,"minecraft:air":0,"minecraft:jungle_planks":20,"minecraft:shield":1,"minecraft:stick":672,"minecraft:iron_ingot":17,"minecraft:iron_pickaxe":1,"minecraft:iron_shovel":2,"minecraft:stone_sword":2,"minecraft:iron_leggings":1,"minecraft:white_bed":2,"minecraft:torch":36},"minecraft:killed":{"fear_the_dark:fever_dream":1,"minecraft:spider":1,"minecraft:horse":7,"minecraft:skeleton":12,"minecraft:piglin_brute":1,"minecraft:magma_cube":2,"minecraft:pig":1,"spore:inf_player":5,"spore:stalker":1,"fear_the_dark:thorn":1,"minecraft:salmon":4,"minecraft:creeper":3,"minecraft:sheep":2,"spore:inf_villager":1,"spore:inf_human":6,"the_impersonator:the_impersonator":1,"minecraft:villager":1,"minecraft:cow":11,"fear_the_dark:arborial_colossus_1":1},"minecraft:killed_by":{"midnightlurker:midnight_lurker_backturned":1,"minecraft:piglin_brute":1,"spore:volatile":5,"spore:inf_human":1,"the_impersonator:the_impersonator":1,"cartoon_dweller:cartoon_dweller":1,"fear_the_dark:fever_dream":2,"spore:inf_player":2,"man:managgresive":2,"mutantmonsters:mutant_skeleton":3,"minecraft:skeleton":3,"spore:inf_witch":1,"spore:stalker":2,"cave_dweller:cave_dweller":1},"minecraft:custom":{"minecraft:mob_kills":63,"minecraft:interact_with_crafting_table":30,"minecraft:open_barrel":1,"minecraft:interact_with_campfire":11,"minecraft:damage_dealt_resisted":245,"minecraft:eat_cake_slice":5,"minecraft:time_since_death":3631,"minecraft:climb_one_cm":46861,"minecraft:sprint_one_cm":797826,"minecraft:walk_one_cm":391643,"minecraft:damage_blocked_by_shield":2325,"minecraft:drop":119,"minecraft:play_noteblock":1,"minecraft:talked_to_villager":3,"minecraft:play_time":203308,"minecraft:deaths":46,"minecraft:sneak_time":22713,"minecraft:walk_under_water_one_cm":15154,"minecraft:jump":4153,"minecraft:walk_on_water_one_cm":29418,"minecraft:total_world_time":203308,"minecraft:interact_with_furnace":20,"minecraft:traded_with_villager":16,"minecraft:tune_noteblock":5,"minecraft:sleep_in_bed":13,"minecraft:time_since_rest":3661,"minecraft:damage_taken":14914,"minecraft:damage_dealt":17175,"minecraft:swim_one_cm":65064,"minecraft:fly_one_cm":933237,"minecraft:open_chest":72,"minecraft:crouch_one_cm":56991,"minecraft:fall_one_cm":179304,"minecraft:inspect_dispenser":2}},"DataVersion":3120}