{"stats":{"minecraft:used":{"minecraft:iron_shovel":448,"minecraft:chest":10,"minecraft:shield":35,"minecraft:stone":55,"minecraft:iron_sword":8,"minecraft:mutton":1,"minecraft:jungle_planks":18,"minecraft:obsidian":10,"minecraft:lantern":6,"minecraft:bow":16,"minecraft:hay_block":4,"minecraft:furnace":5,"minecraft:oak_sapling":1,"minecraft:gray_bed":1,"minecraft:potato":1,"minecraft:stone_pickaxe":176,"minecraft:oak_planks":41,"minecraft:wooden_pickaxe":32,"minecraft:diamond_axe":289,"another_furniture:oak_chair":3,"minecraft:bread":42,"minecraft:lectern":1,"minecraft:gravel":63,"minecraft:wooden_sword":58,"mutantmonsters:mutant_skeleton_boots":1,"minecraft:smithing_table":1,"minecraft:experience_bottle":1,"minecraft:azalea":1,"minecraft:oak_fence":56,"minecraft:stone_sword":182,"minecraft:flint_and_steel":17,"minecraft:cooked_salmon":4,"minecraft:torch":39,"minecraft:dirt":177,"minecraft:oak_fence_gate":1,"minecraft:iron_hoe":121,"minecraft:stone_brick_slab":92,"minecraft:iron_axe":646,"minecraft:slime_block":2,"minecraft:cooked_beef":10,"minecraft:cooked_mutton":3,"minecraft:fletching_table":3,"minecraft:cobblestone_slab":55,"anthropology_items__structures:hunters_machete":170,"minecraft:oak_slab":19,"minecraft:crafting_table":6,"minecraft:red_bed":1,"minecraft:dark_oak_fence_gate":1,"minecraft:white_bed":20,"minecraft:oak_log":10,"minecraft:diamond_pickaxe":128,"minecraft:iron_pickaxe":112,"fear_the_dark:iron_wood_club":164,"minecraft:stone_axe":51,"minecraft:cobblestone":26,"minecraft:porkchop":1,"minecraft:yellow_bed":9},"minecraft:crafted":{"minecraft:oak_planks":2662,"minecraft:cobblestone_slab":48,"another_furniture:oak_chair":3,"usefulbackpacks:backpack_small":1,"mutantmonsters:mutant_skeleton_arms":1,"minecraft:stone_brick_slab":96,"minecraft:diamond_leggings":1,"minecraft:bow":2,"mutantmonsters:mutant_skeleton_boots":1,"minecraft:chest":5,"minecraft:gray_bed":1,"minecraft:arrow":48,"minecraft:emerald":177,"minecraft:diamond_axe":2,"minecraft:crafting_table":3,"minecraft:iron_helmet":1,"minecraft:wooden_pickaxe":1,"minecraft:smithing_table":1,"minecraft:fletching_table":2,"minecraft:birch_planks":32,"minecraft:diamond_pickaxe":1,"minecraft:shield":1,"minecraft:stick":5196,"minecraft:iron_ingot":17,"minecraft:iron_pickaxe":1,"minecraft:stone_sword":2,"minecraft:wooden_sword":1,"minecraft:furnace":3,"minecraft:flint_and_steel":1,"minecraft:iron_axe":4,"minecraft:slime_ball":9,"minecraft:iron_hoe":1,"minecraft:stone_pickaxe":2,"minecraft:diamond_boots":1,"usefulbackpacks:backpack_medium":1,"minecraft:lead":2,"minecraft:golden_helmet":1,"minecraft:wheat":540,"minecraft:cooked_beef":8,"minecraft:stone_axe":17,"minecraft:bread":180,"minecraft:air":0,"minecraft:jungle_planks":20,"minecraft:iron_shovel":7,"minecraft:iron_leggings":1,"minecraft:white_bed":2,"minecraft:torch":52},"minecraft:killed_by":{"midnightlurker:midnight_lurker_backturned":1,"minecraft:piglin_brute":1,"spore:volatile":5,"spore:inf_human":1,"the_impersonator:the_impersonator":1,"fear_the_dark:fever_dream":2,"man:managgresive":2,"spore:inf_player":2,"minecraft:iron_golem":2,"cartoon_dweller:cartoon_dweller":1,"mutantmonsters:mutant_skeleton":3,"minecraft:skeleton":3,"spore:inf_witch":1,"spore:stalker":2,"cave_dweller:cave_dweller":1},"minecraft:dropped":{"minecraft:moss_block":4,"minecraft:diamond_axe":2,"minecraft:dirt":5,"minecraft:gray_concrete":4,"minecraft:stone_button":3,"minecraft:cornflower":4,"usefulbackpacks:backpack_small":1,"gravestone:obituary":83,"minecraft:gravel":16,"minecraft:stone_axe":1,"minecraft:compass":1,"minecraft:cobbled_deepslate":2,"minecraft:azure_bluet":4,"minecraft:poppy":7,"minecraft:gunpowder":2,"minecraft:azalea":1,"minecraft:wheat_seeds":22,"minecraft:lilac":3,"minecraft:mossy_cobblestone":1,"minecraft:oak_fence":2,"man:cassette_1safetyinstructions":1,"minecraft:oxeye_daisy":4,"minecraft:mossy_cobblestone_slab":1,"minecraft:diorite":36,"minecraft:ink_sac":1,"minecraft:rose_bush":2,"minecraft:smooth_quartz":2,"minecraft:map":1,"minecraft:iron_axe":1,"minecraft:mossy_cobblestone_stairs":1,"minecraft:paper":8,"minecraft:tripwire_hook":1,"spore:claw_fragment":1,"minecraft:dandelion":7,"minecraft:chiseled_quartz_block":3,"minecraft:light_gray_concrete":2,"minecraft:spruce_fence":2,"minecraft:filled_map":1,"minecraft:oak_sapling":6,"minecraft:redstone_torch":8,"minecraft:stone_bricks":4,"mutantmonsters:mutant_skeleton_skull":1},"minecraft:mined":{"minecraft:spruce_planks":1,"minecraft:white_bed":26,"minecraft:jungle_leaves":4,"minecraft:orange_wool":1,"minecraft:brewing_stand":1,"minecraft:obsidian":12,"minecraft:spruce_trapdoor":7,"minecraft:grass_block":173,"minecraft:stone_brick_wall":57,"minecraft:jungle_log":5,"minecraft:oak_pressure_plate":1,"minecraft:coal_block":3,"minecraft:composter":3,"minecraft:oak_wall_sign":1,"minecraft:oxeye_daisy":3,"minecraft:mossy_cobblestone_slab":1,"minecraft:mossy_cobblestone_stairs":1,"minecraft:dark_oak_trapdoor":12,"minecraft:iron_ore":20,"minecraft:fire":15,"minecraft:fletching_table":1,"minecraft:dirt_path":49,"minecraft:oak_stairs":46,"minecraft:light_gray_concrete":2,"minecraft:potted_cornflower":3,"minecraft:azalea":2,"minecraft:tripwire":1,"minecraft:red_bed":1,"minecraft:chiseled_quartz_block":3,"minecraft:torch":1,"minecraft:blast_furnace":1,"minecraft:chest":5,"minecraft:cobblestone":15,"minecraft:slime_block":2,"minecraft:sugar_cane":14,"minecraft:oak_planks":108,"minecraft:wall_torch":2,"minecraft:skeleton_skull":2,"minecraft:white_terracotta":1,"minecraft:birch_log":8,"minecraft:light_gray_stained_glass":6,"minecraft:wheat":4,"minecraft:lilac":9,"minecraft:stone_brick_stairs":2,"minecraft:smooth_stone_slab":4,"minecraft:grass":150,"minecraft:oak_log":367,"minecraft:oak_fence_gate":1,"minecraft:dirt":180,"minecraft:loom":1,"minecraft:smooth_quartz":1,"minecraft:tripwire_hook":1,"minecraft:oak_leaves":31,"minecraft:deepslate":2,"minecraft:mossy_cobblestone":1,"minecraft:oak_door":3,"minecraft:ladder":2,"gravestone:gravestone":44,"minecraft:spruce_fence":2,"minecraft:potted_bamboo":1,"minecraft:moss_block":2,"minecraft:hay_block":99,"minecraft:black_stained_glass_pane":1,"minecraft:oak_trapdoor":21,"minecraft:furnace":6,"minecraft:dark_oak_fence_gate":14,"minecraft:bell":3,"minecraft:bookshelf":71,"minecraft:cobblestone_slab":6,"minecraft:deepslate_iron_ore":5,"minecraft:vine":5,"minecraft:lantern":4,"minecraft:stripped_oak_log":3,"minecraft:bamboo":2,"minecraft:stone":133,"minecraft:white_wool":30,"minecraft:oak_slab":16,"minecraft:scaffolding":35,"minecraft:gray_concrete":4,"minecraft:glass_pane":22,"minecraft:brown_carpet":2,"minecraft:stone_brick_slab":1,"minecraft:dandelion":3,"minecraft:oak_fence":101,"minecraft:crafting_table":4,"minecraft:cornflower":2,"minecraft:rose_bush":2,"minecraft:lectern":3,"minecraft:campfire":2,"minecraft:tall_grass":53,"biomesoplenty:sprout":2,"minecraft:diorite":36,"minecraft:spruce_stairs":1,"minecraft:gray_wool":3,"minecraft:beehive":3,"minecraft:birch_leaves":3,"minecraft:yellow_bed":15,"minecraft:potted_azure_bluet":3,"minecraft:gravel":80,"minecraft:stone_bricks":69,"minecraft:fern":1},"minecraft:custom":{"minecraft:interact_with_crafting_table":51,"minecraft:open_barrel":1,"minecraft:eat_cake_slice":5,"minecraft:leave_game":1,"minecraft:time_since_death":91614,"minecraft:sprint_one_cm":1236988,"minecraft:damage_blocked_by_shield":2445,"minecraft:drop":153,"minecraft:play_noteblock":1,"minecraft:talked_to_villager":56,"minecraft:play_time":311068,"minecraft:deaths":48,"minecraft:jump":6038,"minecraft:walk_on_water_one_cm":29459,"minecraft:interact_with_furnace":31,"minecraft:traded_with_villager":207,"minecraft:sleep_in_bed":23,"minecraft:damage_dealt":36716,"minecraft:crouch_one_cm":82467,"minecraft:inspect_dispenser":2,"minecraft:interact_with_smithing_table":1,"minecraft:mob_kills":98,"minecraft:interact_with_campfire":11,"minecraft:damage_dealt_resisted":245,"minecraft:climb_one_cm":48328,"minecraft:walk_one_cm":623241,"minecraft:sneak_time":33984,"minecraft:walk_under_water_one_cm":15159,"minecraft:total_world_time":311068,"minecraft:tune_noteblock":5,"minecraft:time_since_rest":9437,"minecraft:damage_taken":16327,"minecraft:swim_one_cm":65584,"minecraft:fly_one_cm":1353035,"minecraft:open_chest":187,"minecraft:fall_one_cm":215009},"minecraft:killed":{"minecraft:spider":1,"minecraft:skeleton":12,"minecraft:piglin_brute":1,"minecraft:cat":1,"minecraft:magma_cube":2,"minecraft:pig":3,"spore:inf_player":5,"fear_the_dark:thorn":1,"minecraft:salmon":4,"minecraft:iron_golem":18,"minecraft:creeper":6,"minecraft:sheep":2,"spore:inf_villager":1,"spore:inf_human":8,"minecraft:zombie":2,"minecraft:cow":17,"fear_the_dark:fever_dream":1,"minecraft:horse":7,"spore:stalker":1,"the_impersonator:the_impersonator":2,"minecraft:villager":1,"fear_the_dark:arborial_colossus_1":1},"minecraft:broken":{"minecraft:stone_pickaxe":1,"minecraft:wooden_sword":1,"minecraft:stone_sword":1,"minecraft:shield":1,"minecraft:iron_axe":2},"minecraft:picked_up":{"spore:mutated_heart":3,"minecraft:wheat":4,"minecraft:flower_pot":6,"minecraft:lead":1,"minecraft:oak_stairs":44,"minecraft:stone_brick_stairs":2,"minecraft:brewing_stand":1,"minecraft:dark_oak_trapdoor":11,"minecraft:string":5,"mutantmonsters:mutant_skeleton_skull":1,"minecraft:cooked_salmon":4,"minecraft:smooth_stone_slab":6,"minecraft:experience_bottle":1,"minecraft:oak_sign":6,"minecraft:cobbled_deepslate":2,"minecraft:spruce_planks":1,"minecraft:rose_bush":2,"minecraft:redstone_torch":4,"minecraft:cobblestone_slab":7,"minecraft:azalea":2,"minecraft:smooth_quartz":2,"minecraft:iron_pickaxe":2,"minecraft:coal_block":3,"minecraft:furnace":6,"minecraft:beehive":3,"minecraft:stick":4,"minecraft:composter":3,"minecraft:oak_fence":101,"minecraft:torch":9,"minecraft:spruce_stairs":1,"minecraft:porkchop":4,"minecraft:diorite":36,"mutantmonsters:mutant_skeleton_pelvis":1,"minecraft:brown_carpet":14,"minecraft:stone_sword":1,"minecraft:rotten_flesh":3,"minecraft:white_terracotta":1,"mutantmonsters:mutant_skeleton_shoulder_pad":2,"minecraft:obsidian":12,"minecraft:cobblestone":149,"minecraft:birch_log":8,"minecraft:mossy_cobblestone_slab":1,"minecraft:lilac":5,"minecraft:cooked_beef":6,"minecraft:jungle_log":8,"minecraft:chiseled_quartz_block":3,"minecraft:potato":6,"minecraft:flint":6,"minecraft:gray_concrete":4,"minecraft:lantern":12,"minecraft:dirt":438,"minecraft:bone":21,"minecraft:wheat_seeds":132,"minecraft:bell":3,"minecraft:fletching_table":1,"minecraft:bamboo":12,"minecraft:moss_block":4,"minecraft:oak_planks":110,"spore:cerebrum":1,"spore:armor_fragment":3,"minecraft:oak_pressure_plate":1,"minecraft:ink_sac":1,"minecraft:loom":1,"minecraft:mossy_cobblestone":1,"minecraft:orange_wool":1,"spore:claw_fragment":2,"minecraft:light_gray_concrete":2,"minecraft:slime_block":2,"minecraft:granite":1,"minecraft:emerald":6,"minecraft:bread":1,"minecraft:oak_sapling":7,"minecraft:charcoal":4,"minecraft:crafting_table":4,"minecraft:azure_bluet":4,"minecraft:chicken":2,"minecraft:ladder":2,"minecraft:stone_brick_wall":56,"gravestone:obituary":46,"minecraft:cornflower":5,"minecraft:red_bed":1,"minecraft:oak_trapdoor":17,"minecraft:item_frame":3,"usefulbackpacks:backpack_small":1,"minecraft:beef":31,"minecraft:poppy":15,"minecraft:lectern":3,"minecraft:sugar_cane":28,"minecraft:chest":5,"minecraft:spruce_trapdoor":7,"minecraft:raw_iron":25,"minecraft:oak_door":4,"minecraft:spruce_fence":3,"minecraft:stone_button":39,"minecraft:carrot":4,"minecraft:stone_pressure_plate":2,"minecraft:arrow":17,"minecraft:hay_block":97,"mutantmonsters:mutant_skeleton_rib":4,"minecraft:mutton":5,"minecraft:skeleton_skull":2,"minecraft:white_wool":33,"minecraft:oxeye_daisy":6,"minecraft:stripped_oak_log":3,"minecraft:dark_oak_button":3,"minecraft:tripwire_hook":1,"minecraft:salmon":4,"minecraft:leather":24,"minecraft:oak_log":488,"minecraft:yellow_bed":15,"minecraft:gunpowder":4,"mutantmonsters:mutant_skeleton_limb":8,"minecraft:white_banner":1,"minecraft:cooked_mutton":4,"minecraft:apple":3,"minecraft:stone_bricks":67,"minecraft:oak_fence_gate":1,"minecraft:iron_ingot":64,"spore:mutated_fiber":26,"minecraft:book":201,"minecraft:scaffolding":38,"minecraft:oak_slab":19,"minecraft:stone_brick_slab":1,"minecraft:dandelion":7,"minecraft:gravel":82,"minecraft:blast_furnace":1,"minecraft:white_bed":27,"minecraft:dark_oak_fence_gate":11,"minecraft:spider_eye":1,"minecraft:leather_helmet":1,"minecraft:stone_axe":1,"minecraft:chainmail_leggings":1,"minecraft:diamond_axe":1,"minecraft:gray_wool":3,"fear_the_dark:iron_wood_club":1,"minecraft:mossy_cobblestone_stairs":1,"minecraft:coal":19}},"DataVersion":3120}