{"stats":{"minecraft:broken":{"minecraft:golden_helmet":2,"minecraft:iron_shovel":6,"minecraft:iron_chestplate":1,"minecraft:stone_pickaxe":1,"minecraft:wooden_sword":1,"minecraft:golden_chestplate":1,"minecraft:stone_sword":1,"minecraft:diamond_leggings":1,"minecraft:shield":2,"minecraft:iron_axe":2,"minecraft:iron_helmet":1},"minecraft:dropped":{"spore:spine_fragment":2,"minecraft:moss_block":4,"minecraft:diamond_axe":3,"minecraft:ender_pearl":4,"minecraft:rail":6,"minecraft:dirt":21,"minecraft:gray_concrete":4,"minecraft:stone_button":20,"minecraft:cornflower":5,"majruszsdifficulty:tattered_boots":2,"usefulbackpacks:backpack_small":1,"gravestone:obituary":282,"minecraft:sand":4,"minecraft:polished_blackstone_bricks":4,"minecraft:gold_ingot":1,"minecraft:gravel":16,"minecraft:chiseled_polished_blackstone":1,"minecraft:stone_axe":1,"minecraft:compass":1,"biomesoplenty:bramble":2,"minecraft:golden_chestplate":1,"minecraft:cobbled_deepslate":2,"minecraft:wheat":1,"minecraft:oak_planks":3,"minecraft:azure_bluet":5,"cataclysm:stone_tile_stairs":5,"minecraft:poppy":29,"minecraft:gunpowder":2,"minecraft:stone_brick_wall":5,"minecraft:azalea":1,"spore:sickle_fragment":1,"minecraft:red_nether_bricks":1,"minecraft:basalt":1,"spore:armor_fragment":13,"minecraft:golden_boots":1,"minecraft:iron_ingot":17,"minecraft:wheat_seeds":51,"minecraft:lilac":15,"minecraft:mossy_cobblestone":1,"minecraft:minecart":3,"minecraft:oak_fence":2,"minecraft:cobblestone":15,"man:cassette_1safetyinstructions":1,"minecraft:stick":1,"minecraft:iron_block":18,"minecraft:oxeye_daisy":9,"minecraft:lava_bucket":1,"minecraft:mossy_cobblestone_slab":1,"minecraft:diorite":36,"minecraft:ink_sac":1,"minecraft:torch":5,"fear_the_dark:iron_wood_club":1,"minecraft:rose_bush":2,"minecraft:smooth_quartz":2,"spore:tumor":1,"minecraft:map":1,"minecraft:stonecutter":2,"minecraft:iron_axe":1,"minecraft:mossy_cobblestone_stairs":1,"minecraft:paper":8,"minecraft:bucket":1,"minecraft:tripwire_hook":1,"spore:claw_fragment":2,"minecraft:dandelion":13,"minecraft:chiseled_quartz_block":3,"minecraft:raw_copper":4,"spore:cerebrum":1,"spore:mutated_fiber":8,"minecraft:light_gray_concrete":2,"minecraft:spruce_fence":2,"minecraft:red_nether_brick_stairs":1,"minecraft:filled_map":1,"minecraft:potato":5,"minecraft:peony":30,"minecraft:andesite":1,"minecraft:oak_sapling":6,"minecraft:redstone_torch":8,"minecraft:stone_bricks":4,"minecraft:stone_pickaxe":1,"mutantmonsters:mutant_skeleton_skull":1},"minecraft:crafted":{"minecraft:oak_planks":2850,"minecraft:cobblestone_slab":48,"minecraft:oak_sign":9,"another_furniture:oak_chair":3,"usefulbackpacks:backpack_small":1,"simplyswords:iron_longsword":1,"minecraft:diamond_helmet":1,"mutantmonsters:mutant_skeleton_arms":1,"minecraft:glass":101,"minecraft:hopper":9,"minecraft:stone_brick_slab":330,"minecraft:diamond_leggings":1,"minecraft:bow":2,"mutantmonsters:mutant_skeleton_boots":1,"spore:fleshy_claw":2,"minecraft:chest":39,"minecraft:gray_bed":1,"minecraft:oak_slab":12,"minecraft:emerald":201,"minecraft:arrow":48,"minecraft:cooked_porkchop":3,"minecraft:diamond_axe":3,"minecraft:crafting_table":5,"spore:heart_kebab":1,"minecraft:wooden_pickaxe":1,"minecraft:iron_helmet":1,"minecraft:smithing_table":1,"minecraft:fletching_table":2,"minecraft:birch_planks":32,"minecraft:stone_brick_stairs":18,"minecraft:diamond_pickaxe":1,"minecraft:shield":1,"minecraft:stick":5208,"minecraft:iron_ingot":35,"minecraft:iron_pickaxe":1,"minecraft:stone_sword":2,"minecraft:shears":1,"minecraft:wooden_sword":1,"minecraft:furnace":3,"cataclysm:stone_tiles":5,"minecraft:flint_and_steel":1,"minecraft:iron_axe":4,"minecraft:slime_ball":9,"minecraft:iron_hoe":1,"minecraft:stone_pickaxe":3,"minecraft:diamond_boots":1,"usefulbackpacks:backpack_medium":1,"minecraft:lead":2,"minecraft:golden_helmet":1,"minecraft:wheat":540,"minecraft:cooked_beef":8,"minecraft:bucket":2,"minecraft:stone_axe":17,"minecraft:bread":199,"minecraft:air":0,"minecraft:jungle_planks":20,"minecraft:iron_shovel":7,"minecraft:iron_leggings":1,"minecraft:white_bed":2,"spore:nerves":24,"minecraft:torch":52},"minecraft:killed":{"spore:braiomil":5,"minecraft:spider":2,"minecraft:skeleton":17,"spore:spitter":1,"minecraft:piglin_brute":4,"minecraft:cat":1,"minecraft:magma_cube":2,"minecraft:piglin":1,"minecraft:pig":3,"spore:inf_player":28,"spore:inf_wanderer":1,"fear_the_dark:thorn":1,"minecraft:salmon":4,"minecraft:iron_golem":19,"spore:scamper":2,"spore:inf_drowned":1,"minecraft:creeper":7,"minecraft:sheep":2,"spore:inf_villager":29,"spore:inf_human":32,"minecraft:zombie":13,"spore:howler":1,"minecraft:blaze":3,"minecraft:cow":17,"piglinproliferation:piglin_alchemist":1,"fear_the_dark:fever_dream":3,"minecraft:horse":7,"spore:stalker":1,"majruszsdifficulty:cursed_armor":1,"minecraft:hoglin":3,"spore:inf_pillager":8,"the_impersonator:the_impersonator":2,"mutantmonsters:mutant_zombie":1,"minecraft:wither_skeleton":4,"minecraft:villager":1,"fear_the_dark:arborial_colossus_1":1},"minecraft:used":{"minecraft:iron_shovel":2247,"minecraft:oak_sign":12,"minecraft:chest":41,"minecraft:shield":87,"minecraft:stone":55,"minecraft:iron_sword":8,"minecraft:bell":1,"minecraft:mutton":1,"minecraft:nether_bricks":68,"minecraft:jungle_planks":18,"minecraft:obsidian":10,"minecraft:glass":80,"minecraft:lava_bucket":1,"minecraft:lantern":13,"minecraft:grass_block":83,"simplyswords:iron_longsword":37,"minecraft:stone_brick_stairs":19,"minecraft:stone_bricks":139,"minecraft:bow":101,"minecraft:hay_block":4,"minecraft:scaffolding":88,"mutantmonsters:hulk_hammer":3,"minecraft:oak_sapling":1,"minecraft:furnace":9,"minecraft:gray_bed":1,"minecraft:potato":1,"biomesoplenty:flesh":11,"minecraft:golden_boots":1,"minecraft:stone_pickaxe":213,"minecraft:oak_planks":47,"minecraft:wooden_pickaxe":32,"minecraft:diamond_axe":1300,"another_furniture:oak_chair":3,"minecraft:white_wool":4,"minecraft:stone_brick_wall":30,"minecraft:shears":68,"minecraft:melon_slice":9,"minecraft:bread":180,"minecraft:lectern":1,"minecraft:gravel":63,"minecraft:wooden_sword":58,"mutantmonsters:mutant_skeleton_boots":1,"minecraft:smithing_table":1,"minecraft:experience_bottle":1,"minecraft:oak_trapdoor":8,"minecraft:azalea":1,"minecraft:oak_fence":59,"minecraft:stone_sword":182,"minecraft:flint_and_steel":17,"minecraft:carved_pumpkin":1,"minecraft:cooked_salmon":4,"minecraft:netherrack":29,"minecraft:torch":65,"minecraft:dirt":1393,"minecraft:anvil":1,"minecraft:hopper":9,"minecraft:oak_fence_gate":1,"minecraft:iron_hoe":121,"minecraft:stone_brick_slab":290,"minecraft:iron_block":4,"minecraft:iron_axe":646,"minecraft:slime_block":2,"spore:heart_kebab":1,"minecraft:cooked_beef":10,"gravestone:gravestone":1,"minecraft:cooked_mutton":3,"minecraft:water_bucket":46,"minecraft:birch_planks":3,"minecraft:stonecutter":1,"minecraft:fletching_table":3,"minecraft:cobblestone_slab":55,"minecraft:mossy_cobblestone":22,"anthropology_items__structures:hunters_machete":175,"minecraft:oak_slab":26,"minecraft:crafting_table":8,"minecraft:red_bed":1,"minecraft:white_bed":28,"minecraft:dark_oak_fence_gate":1,"cataclysm:stone_tile_stairs":3,"minecraft:oak_log":41,"minecraft:diamond_pickaxe":1481,"minecraft:iron_pickaxe":112,"fear_the_dark:iron_wood_club":423,"minecraft:stone_axe":52,"minecraft:cobblestone":154,"minecraft:cooked_porkchop":3,"minecraft:porkchop":1,"minecraft:bucket":48,"minecraft:yellow_bed":9},"minecraft:custom":{"minecraft:interact_with_crafting_table":81,"minecraft:open_barrel":1,"minecraft:bell_ring":1,"minecraft:eat_cake_slice":5,"minecraft:leave_game":2,"minecraft:time_since_death":17397,"minecraft:sprint_one_cm":2639641,"minecraft:damage_blocked_by_shield":6873,"minecraft:drop":437,"minecraft:play_noteblock":1,"minecraft:talked_to_villager":73,"minecraft:play_time":737963,"minecraft:deaths":121,"minecraft:jump":13200,"minecraft:walk_on_water_one_cm":93722,"minecraft:interact_with_furnace":52,"minecraft:traded_with_villager":233,"minecraft:sleep_in_bed":36,"minecraft:damage_dealt":71172,"minecraft:player_kills":1,"minecraft:crouch_one_cm":323488,"minecraft:inspect_dispenser":2,"minecraft:interact_with_smithing_table":1,"minecraft:mob_kills":237,"minecraft:interact_with_campfire":11,"minecraft:damage_dealt_resisted":648,"minecraft:climb_one_cm":86206,"minecraft:walk_one_cm":1726962,"minecraft:sneak_time":106762,"minecraft:walk_under_water_one_cm":18675,"minecraft:total_world_time":737963,"minecraft:tune_noteblock":5,"minecraft:interact_with_stonecutter":6,"minecraft:time_since_rest":92,"minecraft:damage_taken":43766,"minecraft:swim_one_cm":101538,"minecraft:fly_one_cm":2784495,"minecraft:open_chest":477,"minecraft:fall_one_cm":389772},"minecraft:killed_by":{"midnightlurker:midnight_lurker_backturned":1,"mutantmonsters:mutant_zombie":1,"minecraft:piglin_brute":5,"spore:volatile":5,"spore:knight":1,"spore:inf_human":8,"the_impersonator:the_impersonator":2,"spore:inf_pillager":3,"fear_the_dark:fever_dream":17,"man:managgresive":5,"spore:inf_player":24,"minecraft:piglin":2,"spore:inf_villager":7,"spore:braiomil":2,"minecraft:enderman":1,"minecraft:iron_golem":2,"cartoon_dweller:cartoon_dweller":3,"majruszsdifficulty:creeperling":1,"mutantmonsters:mutant_skeleton":3,"minecraft:skeleton":3,"spore:inf_witch":1,"spore:stalker":2,"cave_dweller:cave_dweller":1},"minecraft:mined":{"minecraft:spruce_planks":1,"minecraft:white_bed":28,"minecraft:farmland":1,"cataclysm:stone_tiles":4,"minecraft:red_nether_bricks":1,"minecraft:jungle_leaves":4,"minecraft:orange_wool":1,"minecraft:brewing_stand":1,"biomesoplenty:burning_blossom":2,"minecraft:obsidian":12,"minecraft:spruce_trapdoor":7,"biomesoplenty:bramble":3,"minecraft:chiseled_polished_blackstone":1,"minecraft:grass_block":950,"minecraft:stone_brick_wall":154,"minecraft:jungle_log":5,"biomesoplenty:eyebulb":1,"minecraft:oak_pressure_plate":1,"minecraft:coal_block":11,"minecraft:composter":3,"minecraft:nether_wart":2,"minecraft:oak_wall_sign":1,"minecraft:oxeye_daisy":7,"minecraft:polished_blackstone_bricks":4,"minecraft:red_nether_brick_stairs":1,"minecraft:glowstone":11,"minecraft:mossy_cobblestone_slab":1,"minecraft:mossy_cobblestone_stairs":1,"minecraft:dark_oak_trapdoor":29,"minecraft:iron_ore":20,"minecraft:fire":20,"minecraft:anvil":1,"minecraft:fletching_table":1,"minecraft:azure_bluet":1,"minecraft:iron_bars":12,"minecraft:dirt_path":228,"minecraft:oak_stairs":315,"minecraft:light_gray_concrete":2,"minecraft:potted_cornflower":3,"minecraft:azalea":2,"minecraft:tripwire":1,"minecraft:jungle_trapdoor":4,"minecraft:brown_mushroom":2,"minecraft:red_bed":1,"minecraft:clay":9,"spore:growths_big":7,"minecraft:chiseled_quartz_block":3,"minecraft:torch":2,"minecraft:polished_andesite_stairs":7,"minecraft:blast_furnace":1,"minecraft:poppy":2,"minecraft:chest":21,"minecraft:glass":8,"minecraft:nether_quartz_ore":1,"minecraft:cobblestone":93,"minecraft:slime_block":2,"minecraft:sugar_cane":14,"minecraft:oak_planks":230,"minecraft:wall_torch":5,"minecraft:skeleton_skull":2,"minecraft:white_terracotta":39,"minecraft:light_gray_stained_glass":6,"minecraft:birch_log":8,"minecraft:wheat":4,"biomesoplenty:hair":1,"minecraft:lilac":27,"minecraft:stone_brick_stairs":17,"minecraft:smooth_stone_slab":4,"minecraft:grass":343,"minecraft:oak_log":579,"minecraft:oak_fence_gate":1,"minecraft:sand":4,"minecraft:loom":1,"minecraft:smooth_quartz":1,"minecraft:dirt":1085,"minecraft:tripwire_hook":1,"minecraft:stonecutter":1,"minecraft:netherrack":40,"spore:remains":8,"minecraft:oak_leaves":55,"minecraft:deepslate":2,"minecraft:mossy_cobblestone":30,"minecraft:oak_door":5,"minecraft:nether_bricks":70,"minecraft:ladder":2,"gravestone:gravestone":139,"cataclysm:stone_tile_stairs":3,"minecraft:spruce_fence":10,"cataclysm:chiseled_stone_brick_pillar":2,"another_furniture:oak_chair":3,"biomesoplenty:dead_grass":4,"minecraft:potted_bamboo":1,"minecraft:moss_block":2,"spore:growths_small":11,"minecraft:hay_block":99,"minecraft:black_stained_glass_pane":1,"minecraft:oak_trapdoor":149,"minecraft:furnace":10,"minecraft:andesite":2,"minecraft:dark_oak_fence_gate":30,"biomesoplenty:willow_vine":2,"biomesoplenty:flesh":10,"minecraft:peony":11,"minecraft:gold_block":1,"minecraft:bell":3,"minecraft:bookshelf":71,"minecraft:potatoes":59,"minecraft:deepslate_iron_ore":5,"minecraft:cobblestone_slab":6,"minecraft:vine":5,"minecraft:rail":8,"minecraft:lantern":5,"minecraft:stripped_oak_log":5,"minecraft:bamboo":2,"minecraft:bone_block":6,"minecraft:stone":488,"minecraft:white_wool":101,"minecraft:oak_slab":58,"minecraft:scaffolding":90,"minecraft:gray_concrete":4,"minecraft:glass_pane":50,"minecraft:soul_sand":14,"minecraft:brown_carpet":2,"minecraft:basalt":1,"minecraft:stone_brick_slab":9,"minecraft:dandelion":6,"minecraft:oak_fence":145,"minecraft:crafting_table":5,"minecraft:cornflower":2,"minecraft:rose_bush":2,"minecraft:lectern":3,"minecraft:campfire":4,"minecraft:copper_ore":1,"minecraft:tall_grass":87,"biomesoplenty:sprout":13,"minecraft:diorite":36,"minecraft:spruce_stairs":1,"minecraft:gray_wool":3,"minecraft:birch_planks":56,"minecraft:beehive":5,"minecraft:birch_leaves":3,"minecraft:yellow_bed":15,"minecraft:potted_azure_bluet":4,"minecraft:coal_ore":33,"minecraft:gravel":80,"minecraft:terracotta":1,"minecraft:stone_bricks":470,"minecraft:fern":1},"minecraft:picked_up":{"spore:mutated_heart":31,"biomesoplenty:burning_blossom":28,"minecraft:wheat":6,"minecraft:redstone_block":1,"minecraft:anvil":1,"minecraft:flower_pot":13,"minecraft:lead":3,"minecraft:oak_stairs":335,"minecraft:enchanted_book":1,"minecraft:gilded_blackstone":10,"minecraft:stone_brick_stairs":19,"minecraft:brewing_stand":3,"minecraft:raw_copper":8,"minecraft:iron_leggings":3,"minecraft:string":14,"minecraft:dark_oak_trapdoor":44,"mutantmonsters:mutant_skeleton_skull":1,"minecraft:cooked_salmon":4,"minecraft:smooth_stone_slab":12,"minecraft:red_nether_bricks":1,"spore:corrosive_sack":1,"minecraft:experience_bottle":1,"minecraft:oak_sign":9,"minecraft:diamond_leggings":1,"minecraft:gold_nugget":19,"minecraft:cobbled_deepslate":2,"minecraft:spruce_planks":1,"minecraft:acacia_fence_gate":1,"minecraft:rose_bush":2,"minecraft:redstone_torch":4,"minecraft:cobblestone_slab":7,"minecraft:melon_slice":108,"minecraft:azalea":2,"minecraft:smooth_quartz":2,"minecraft:iron_pickaxe":2,"minecraft:coal_block":15,"minecraft:furnace":14,"minecraft:golden_helmet":1,"minecraft:beehive":9,"minecraft:stick":7,"cataclysm:chiseled_stone_brick_pillar":2,"minecraft:composter":6,"minecraft:oak_fence":203,"minecraft:torch":23,"minecraft:spruce_stairs":4,"minecraft:porkchop":19,"minecraft:golden_axe":1,"minecraft:diorite":36,"minecraft:warped_planks":32,"minecraft:golden_chestplate":2,"mutantmonsters:mutant_skeleton_pelvis":2,"minecraft:brown_carpet":28,"mutantmonsters:hulk_hammer":1,"minecraft:stone_sword":2,"minecraft:rotten_flesh":23,"minecraft:iron_block":28,"minecraft:carved_pumpkin":1,"minecraft:white_terracotta":39,"minecraft:blaze_rod":1,"mutantmonsters:mutant_skeleton_shoulder_pad":2,"minecraft:obsidian":19,"minecraft:iron_bars":12,"minecraft:cobblestone":703,"minecraft:birch_log":8,"minecraft:andesite":3,"minecraft:water_bucket":1,"minecraft:mossy_cobblestone_slab":1,"minecraft:cooked_beef":6,"minecraft:lilac":34,"minecraft:jungle_log":8,"minecraft:golden_leggings":2,"minecraft:chiseled_quartz_block":3,"minecraft:potato":278,"minecraft:flint":7,"anthropology_items__structures:hunters_machete":1,"minecraft:gray_concrete":4,"minecraft:lantern":29,"minecraft:dirt":2280,"minecraft:glass":145,"minecraft:bone":70,"spore:nerves":24,"minecraft:bow":4,"minecraft:stonecutter":1,"minecraft:wheat_seeds":359,"minecraft:bell":7,"minecraft:glowstone_dust":64,"minecraft:fletching_table":1,"minecraft:bamboo":24,"minecraft:moss_block":4,"minecraft:stone_hoe":1,"minecraft:oak_planks":236,"spore:cerebrum":31,"minecraft:chiseled_polished_blackstone":2,"spore:armor_fragment":26,"minecraft:poisonous_potato":1,"minecraft:oak_pressure_plate":2,"minecraft:sand":12,"minecraft:ink_sac":1,"minecraft:grass_block":318,"minecraft:loom":2,"cataclysm:stone_tiles":4,"minecraft:mossy_cobblestone":35,"minecraft:orange_wool":2,"minecraft:iron_hoe":1,"gravestone:gravestone":1,"spore:claw_fragment":14,"minecraft:light_gray_concrete":2,"minecraft:slime_block":2,"minecraft:crossbow":2,"minecraft:granite":2,"minecraft:golden_apple":2,"minecraft:emerald":22,"minecraft:bread":3,"spore:spine_fragment":11,"minecraft:oak_sapling":30,"minecraft:netherrack":53,"majruszsdifficulty:tattered_boots":2,"minecraft:charcoal":8,"minecraft:crafting_table":6,"mutantmonsters:mutant_skeleton_arms":1,"minecraft:azure_bluet":9,"minecraft:nether_wart":4,"minecraft:chicken":4,"minecraft:ladder":4,"minecraft:clay_ball":36,"cataclysm:stone_tile_stairs":5,"minecraft:brown_mushroom":4,"biomesoplenty:flesh":21,"minecraft:stone_brick_wall":193,"minecraft:gold_block":7,"usefulbackpacks:backpack_medium":1,"another_furniture:oak_chair":2,"gravestone:obituary":168,"spore:sickle_fragment":1,"minecraft:shield":1,"minecraft:jungle_trapdoor":1,"minecraft:cornflower":5,"minecraft:oak_trapdoor":245,"minecraft:red_bed":1,"minecraft:flint_and_steel":2,"minecraft:iron_shovel":5,"minecraft:item_frame":15,"minecraft:blackstone":1,"usefulbackpacks:backpack_small":1,"minecraft:beef":35,"minecraft:iron_nugget":8,"minecraft:poppy":33,"minecraft:minecart":5,"minecraft:lectern":3,"minecraft:sugar_cane":62,"minecraft:chest":21,"minecraft:spruce_trapdoor":14,"spore:tumor":3,"minecraft:raw_iron":25,"minecraft:oak_door":16,"minecraft:spruce_fence":38,"minecraft:polished_blackstone_bricks":8,"minecraft:stone_button":131,"minecraft:carrot":25,"minecraft:stone_pressure_plate":4,"minecraft:arrow":36,"minecraft:peony":38,"minecraft:nether_bricks":68,"minecraft:shears":1,"minecraft:hay_block":97,"minecraft:saddle":1,"minecraft:gold_ingot":25,"mutantmonsters:mutant_skeleton_rib":8,"spore:tendons":4,"minecraft:mutton":5,"minecraft:rail":64,"minecraft:bone_block":21,"minecraft:skeleton_skull":5,"minecraft:white_wool":182,"minecraft:oxeye_daisy":12,"minecraft:stripped_oak_log":4,"minecraft:basalt":3,"minecraft:dark_oak_button":6,"minecraft:tripwire_hook":1,"minecraft:salmon":4,"minecraft:leather":56,"minecraft:filled_map":1,"minecraft:birch_planks":56,"minecraft:oak_log":691,"minecraft:golden_boots":4,"minecraft:yellow_bed":18,"minecraft:gunpowder":10,"mutantmonsters:mutant_skeleton_limb":10,"minecraft:white_banner":3,"minecraft:cooked_mutton":4,"minecraft:red_nether_brick_stairs":1,"minecraft:apple":4,"minecraft:stone_bricks":453,"minecraft:stone_pickaxe":1,"minecraft:oak_fence_gate":1,"minecraft:iron_ingot":91,"spore:mutated_fiber":279,"minecraft:polished_andesite_stairs":7,"minecraft:soul_sand":24,"minecraft:book":393,"minecraft:scaffolding":148,"minecraft:oak_slab":134,"minecraft:warped_fungus":1,"minecraft:birch_boat":1,"minecraft:pumpkin":1,"minecraft:stone_brick_slab":58,"minecraft:quartz":2,"minecraft:dandelion":14,"minecraft:gravel":85,"minecraft:lava_bucket":1,"minecraft:blast_furnace":2,"minecraft:white_bed":33,"minecraft:dark_oak_fence_gate":37,"minecraft:spider_eye":2,"minecraft:leather_helmet":2,"minecraft:pumpkin_seeds":12,"biomesoplenty:bramble":4,"minecraft:slime_ball":7,"minecraft:stone_axe":11,"minecraft:chainmail_leggings":2,"minecraft:iron_helmet":1,"minecraft:diamond_axe":2,"mutantmonsters:mutant_skeleton_boots":1,"fear_the_dark:iron_wood_club":3,"minecraft:mossy_cobblestone_stairs":1,"minecraft:gray_wool":3,"minecraft:terracotta":1,"minecraft:coal":79,"minecraft:ender_pearl":4}},"DataVersion":3120}