{"stats":{"minecraft:killed":{"minecraft:witch":1,"fear_the_dark:fever_dream":1,"minecraft:skeleton":3,"minecraft:chicken":1,"minecraft:husk":1,"minecraft:pig":5,"spore:inf_player":8,"spore:inf_drowned":1,"minecraft:creeper":1,"spore:inf_pillager":1,"minecraft:sheep":7,"spore:inf_villager":3,"minecraft:pillager":1,"minecraft:zombie":6,"spore:inf_human":8,"spore:inf_witch":1,"minecraft:cow":14},"minecraft:killed_by":{"minecraft:player":1,"minecraft:creeper":2,"spore:inf_human":1,"minecraft:enderman":1,"steve_dweller:steve_dweller":1,"spore:inf_player":4,"mimic_dweller:mimic_dweller":2},"minecraft:broken":{"minecraft:wooden_shovel":1,"minecraft:stone_pickaxe":1,"minecraft:shield":2,"minecraft:stone_axe":1,"minecraft:iron_pickaxe":1},"minecraft:dropped":{"minecraft:bread":42,"minecraft:wheat_seeds":20,"minecraft:crafting_table":1,"biomesoplenty:lavender":7,"minecraft:leather_helmet":1,"minecraft:dark_oak_log":1,"fear_the_dark:leg_spike":1,"spore:mutated_heart":2,"minecraft:iron_pickaxe":1,"minecraft:string":1,"minecraft:bone":2,"minecraft:gravel":1,"minecraft:stone_axe":1,"minecraft:cobbled_deepslate":31,"minecraft:raw_copper":3,"minecraft:pointed_dripstone":4,"minecraft:light_gray_wool":2,"spore:mutated_fiber":17,"minecraft:peony":1,"minecraft:wooden_shovel":1,"minecraft:acacia_sapling":1,"minecraft:oak_sapling":2,"minecraft:leather_leggings":1,"minecraft:acacia_fence":1},"minecraft:picked_up":{"minecraft:coarse_dirt":1,"minecraft:crafting_table":7,"minecraft:iron_chestplate":5,"spore:mutated_heart":13,"minecraft:wheat":12,"minecraft:splash_potion":1,"minecraft:chicken":2,"minecraft:leather_leggings":4,"minecraft:shield":6,"minecraft:string":3,"minecraft:raw_copper":6,"minecraft:acacia_door":1,"fear_the_dark:leg_spike":3,"minecraft:experience_bottle":1,"minecraft:cobbled_deepslate":144,"minecraft:bucket":2,"minecraft:spruce_planks":93,"adorn:oak_post":4,"minecraft:beef":55,"minecraft:oak_boat":3,"minecraft:cobblestone_slab":2,"minecraft:calcite":103,"minecraft:wooden_shovel":1,"minecraft:poppy":1,"minecraft:iron_pickaxe":7,"minecraft:light_gray_wool":2,"minecraft:sugar_cane":82,"minecraft:chest":3,"minecraft:furnace":5,"minecraft:stick":6,"minecraft:raw_iron":136,"minecraft:sandstone":102,"minecraft:acacia_fence":6,"minecraft:torch":40,"minecraft:acacia_log":47,"minecraft:spruce_fence":11,"minecraft:porkchop":13,"minecraft:pointed_dripstone":20,"minecraft:diorite":9,"minecraft:carrot":7,"minecraft:orange_bed":3,"minecraft:stone_sword":6,"minecraft:arrow":32,"minecraft:stone_shovel":6,"minecraft:rotten_flesh":8,"minecraft:peony":2,"minecraft:shears":1,"minecraft:hay_block":79,"minecraft:mutton":13,"minecraft:white_wool":12,"minecraft:cobblestone":434,"biomesoplenty:lavender":22,"minecraft:feather":1,"minecraft:cooked_beef":27,"minecraft:tripwire_hook":2,"minecraft:water_bucket":3,"minecraft:andesite":11,"minecraft:leather":85,"minecraft:potato":5,"minecraft:flint":1,"minecraft:oak_log":24,"minecraft:gunpowder":2,"minecraft:lapis_lazuli":228,"minecraft:dirt":166,"minecraft:bone":17,"minecraft:acacia_planks":355,"minecraft:wheat_seeds":51,"minecraft:raw_gold":7,"minecraft:bell":1,"minecraft:iron_ingot":14,"minecraft:stone_pickaxe":9,"spore:mutated_fiber":79,"minecraft:glowstone_dust":2,"minecraft:iron_sword":6,"minecraft:oak_planks":3,"minecraft:acacia_sapling":7,"minecraft:dripstone_block":18,"minecraft:gravel":2,"minecraft:sand":273,"minecraft:spruce_sapling":3,"minecraft:grass_block":1,"minecraft:white_bed":4,"minecraft:spruce_log":312,"minecraft:spruce_door":3,"minecraft:spider_eye":3,"minecraft:leather_helmet":3,"cataclysm:stone_tiles":1,"minecraft:stripped_acacia_log":1,"minecraft:stone_axe":13,"minecraft:granite":34,"minecraft:bread":107,"minecraft:oak_sapling":3,"minecraft:melon_seeds":1,"minecraft:coal":94,"minecraft:ender_pearl":3},"minecraft:used":{"fear_the_dark:leg_spike":19,"minecraft:stone_sword":147,"minecraft:iron_shovel":159,"minecraft:acacia_log":1,"minecraft:stone_shovel":62,"minecraft:chest":4,"minecraft:spruce_planks":233,"minecraft:shield":92,"minecraft:iron_sword":83,"minecraft:wooden_shovel":59,"minecraft:stone_hoe":18,"minecraft:orange_bed":3,"minecraft:torch":30,"minecraft:dirt":117,"minecraft:granite":2,"cataclysm:stone_tiles":12,"minecraft:acacia_sapling":6,"minecraft:iron_axe":236,"minecraft:grass_block":1,"minecraft:furnace":4,"minecraft:trapped_chest":1,"minecraft:cooked_beef":11,"minecraft:acacia_planks":1,"minecraft:calcite":14,"minecraft:spruce_door":4,"minecraft:stone_pickaxe":174,"minecraft:wooden_pickaxe":8,"minecraft:sandstone":9,"adorn:oak_post":4,"minecraft:sugar_cane":24,"minecraft:crafting_table":7,"minecraft:white_bed":5,"minecraft:dripstone_block":2,"minecraft:spruce_log":68,"minecraft:oak_log":1,"minecraft:acacia_door":2,"minecraft:bread":39,"minecraft:iron_pickaxe":378,"minecraft:spruce_sapling":4,"minecraft:stone_axe":262,"minecraft:cobblestone":24,"minecraft:porkchop":4,"minecraft:cooked_porkchop":3,"minecraft:andesite":11,"minecraft:bucket":1,"minecraft:oak_boat":5,"minecraft:bone_meal":3,"minecraft:experience_bottle":1},"minecraft:crafted":{"adorn:oak_post":4,"minecraft:oak_planks":64,"minecraft:stone_shovel":1,"minecraft:furnace":4,"minecraft:stone":29,"minecraft:bone_meal":15,"minecraft:cooked_mutton":7,"cataclysm:stone_tiles":28,"minecraft:iron_axe":1,"minecraft:stone_pickaxe":2,"minecraft:chest":2,"minecraft:stone_hoe":1,"minecraft:stone_bricks":28,"minecraft:wheat":504,"minecraft:cooked_beef":23,"minecraft:wooden_shovel":1,"minecraft:cooked_porkchop":3,"minecraft:crafting_table":4,"minecraft:spruce_planks":180,"minecraft:wooden_pickaxe":1,"minecraft:iron_sword":1,"minecraft:spruce_door":3,"minecraft:bucket":1,"minecraft:stone_axe":2,"minecraft:bread":133,"minecraft:air":0,"minecraft:oak_boat":2,"minecraft:iron_chestplate":1,"minecraft:shield":3,"minecraft:stick":32,"minecraft:iron_ingot":21,"minecraft:iron_pickaxe":2,"minecraft:stone_sword":1,"minecraft:iron_shovel":1,"minecraft:acacia_door":3,"minecraft:white_bed":1,"minecraft:acacia_planks":376,"minecraft:torch":8,"minecraft:shears":1,"minecraft:trapped_chest":1},"minecraft:mined":{"minecraft:spruce_planks":75,"minecraft:white_bed":4,"biomesoplenty:desert_grass":2,"minecraft:granite":34,"biomesoplenty:bush":18,"minecraft:acacia_log":48,"minecraft:grass_block":12,"minecraft:spruce_fence":3,"minecraft:spruce_leaves":86,"minecraft:sandstone":109,"minecraft:hay_block":23,"minecraft:furnace":3,"minecraft:carrots":7,"minecraft:iron_ore":30,"biomesoplenty:lavender":10,"minecraft:peony":1,"minecraft:bell":1,"minecraft:potatoes":3,"minecraft:pointed_dripstone":1,"minecraft:vine":3,"minecraft:deepslate_iron_ore":16,"minecraft:stripped_acacia_log":1,"minecraft:stone":145,"minecraft:orange_bed":2,"minecraft:podzol":2,"biomesoplenty:jacaranda_leaves":1,"adorn:oak_post":4,"minecraft:acacia_leaves":13,"minecraft:kelp_plant":1,"minecraft:spruce_door":3,"minecraft:crafting_table":4,"minecraft:torch":6,"minecraft:calcite":105,"minecraft:chest":3,"minecraft:copper_ore":1,"minecraft:tall_grass":2,"minecraft:cobblestone":5,"minecraft:deepslate_gold_ore":1,"minecraft:sugar_cane":41,"minecraft:wall_torch":8,"minecraft:diorite":9,"minecraft:wheat":16,"minecraft:spruce_log":195,"minecraft:grass":102,"minecraft:coal_ore":27,"minecraft:oak_log":19,"minecraft:acacia_fence":5,"minecraft:gravel":7,"minecraft:sand":219,"minecraft:dripstone_block":7,"minecraft:dirt":108,"minecraft:acacia_planks":9,"minecraft:oak_leaves":22,"minecraft:deepslate":23},"minecraft:custom":{"minecraft:interact_with_smithing_table":1,"minecraft:mob_kills":68,"minecraft:interact_with_crafting_table":47,"minecraft:leave_game":1,"minecraft:time_since_death":57933,"minecraft:climb_one_cm":214,"minecraft:sprint_one_cm":617042,"minecraft:walk_one_cm":445373,"minecraft:damage_blocked_by_shield":5530,"minecraft:drop":29,"minecraft:talked_to_villager":1,"minecraft:play_time":195241,"minecraft:sneak_time":5934,"minecraft:deaths":13,"minecraft:walk_under_water_one_cm":17883,"minecraft:boat_one_cm":338754,"minecraft:jump":4200,"minecraft:walk_on_water_one_cm":65607,"minecraft:total_world_time":195241,"minecraft:interact_with_furnace":42,"minecraft:sleep_in_bed":12,"minecraft:time_since_rest":4926,"minecraft:damage_taken":5982,"minecraft:trigger_trapped_chest":9,"minecraft:damage_dealt":12281,"minecraft:player_kills":1,"minecraft:swim_one_cm":77662,"minecraft:fly_one_cm":783091,"minecraft:open_chest":63,"minecraft:crouch_one_cm":15183,"minecraft:fall_one_cm":124852}},"DataVersion":3120}