{"stats":{"minecraft:mined":{"minecraft:dark_oak_planks":1,"spore:fungal_roots":1,"minecraft:cut_sandstone_slab":1,"minecraft:white_bed":12,"spore:wall_growths":23,"biomesoplenty:brimstone":1,"cataclysm:stone_tiles":1,"minecraft:obsidian":14,"biomesoplenty:burning_blossom":3,"minecraft:granite":114,"minecraft:chiseled_polished_blackstone":1,"biomesoplenty:bramble":38,"minecraft:acacia_log":68,"minecraft:oak_pressure_plate":1,"minecraft:deepslate_bricks":18,"minecraft:oxeye_daisy":1,"minecraft:chiseled_stone_bricks":3,"minecraft:spawner":12,"minecraft:polished_blackstone_bricks":125,"minecraft:mossy_cobblestone_stairs":16,"minecraft:cobbled_deepslate":32,"minecraft:fire":70,"biomesoplenty:lavender":10,"minecraft:deepslate_lapis_ore":8,"spore:growth_mycelium":37,"minecraft:enchanting_table":4,"minecraft:water_cauldron":4,"minecraft:dirt_path":1,"minecraft:tripwire":1,"minecraft:orange_bed":7,"biomesoplenty:jacaranda_leaves":1,"adorn:birch_bench":1,"minecraft:sandstone_slab":1,"adorn:oak_post":4,"minecraft:kelp_plant":1,"minecraft:smoker":2,"biomesoplenty:brimstone_fumarole":1,"minecraft:torch":41,"minecraft:melon":1,"minecraft:nether_brick_slab":3,"minecraft:smooth_quartz_slab":1,"minecraft:sugar_cane":81,"minecraft:bricks":19,"minecraft:wheat":34,"minecraft:jukebox":1,"biomesoplenty:large_rose_quartz_bud":4,"minecraft:stone_brick_stairs":8,"minecraft:grass":228,"minecraft:stonecutter":1,"minecraft:piston":1,"minecraft:deepslate":1951,"spore:remains":12,"minecraft:mossy_cobblestone":26,"biomesoplenty:potted_pink_hibiscus":1,"biomesoplenty:desert_grass":117,"minecraft:nether_bricks":6,"minecraft:spruce_fence":10,"minecraft:acacia_button":1,"adorn:acacia_chair":3,"minecraft:redstone_wire":6,"biomesoplenty:dead_grass":2,"spore:acid":1,"minecraft:cartography_table":4,"spore:growths_small":73,"minecraft:acacia_trapdoor":4,"spore:blomfung":13,"minecraft:andesite":68,"minecraft:mossy_stone_brick_stairs":7,"minecraft:potatoes":12,"minecraft:cobblestone_slab":8,"minecraft:vine":16,"minecraft:potted_spruce_sapling":1,"biomesoplenty:rose_quartz_cluster":2,"minecraft:smithing_table":1,"spore:vent_plate":11,"minecraft:redstone_block":1,"minecraft:glass_pane":10,"minecraft:dandelion":4,"minecraft:tall_grass":5,"minecraft:copper_ore":9,"minecraft:deepslate_gold_ore":18,"minecraft:diorite":30,"minecraft:spruce_log":289,"spore:fungal_stem_top":3,"adorn:spruce_post":2,"minecraft:dripstone_block":7,"minecraft:gravel":23,"minecraft:acacia_door":3,"minecraft:cobweb":21,"minecraft:acacia_planks":22,"minecraft:stone_bricks":100,"minecraft:fern":1,"minecraft:stone_pressure_plate":2,"minecraft:spruce_planks":132,"minecraft:farmland":2,"spore:underwater_fungal_stem_top":10,"minecraft:cobblestone_stairs":24,"minecraft:grass_block":584,"biomesoplenty:rose_quartz_block":2,"minecraft:cracked_polished_blackstone_bricks":59,"spore:fungal_stem":36,"minecraft:composter":1,"spore:infested_dirt":1,"spore:mycelium_veins":7,"minecraft:glowstone":9,"minecraft:iron_ore":71,"minecraft:anvil":1,"minecraft:pointed_dripstone":1,"minecraft:iron_bars":31,"minecraft:spruce_slab":22,"minecraft:deepslate_redstone_ore":34,"minecraft:quartz_block":1,"minecraft:blackstone":61,"spore:vent_door":3,"minecraft:melon_stem":1,"biomesoplenty:wildflower":33,"spore:growths_big":43,"minecraft:calcite":361,"minecraft:poppy":2,"minecraft:chest":34,"spore:reinforced_door":3,"minecraft:nether_quartz_ore":51,"minecraft:cobblestone":187,"minecraft:oak_planks":8,"minecraft:iron_door":4,"minecraft:wall_torch":44,"biomesoplenty:goldenrod":15,"minecraft:dark_oak_slab":1,"minecraft:birch_log":3,"minecraft:oak_log":43,"minecraft:acacia_fence":7,"minecraft:sand":453,"minecraft:dirt":1232,"minecraft:tripwire_hook":1,"minecraft:netherrack":548,"minecraft:oak_leaves":27,"minecraft:nether_gold_ore":1,"minecraft:tuff":302,"spore:wall_growths_big":16,"minecraft:deepslate_diamond_ore":39,"minecraft:oak_door":1,"minecraft:ladder":8,"gravestone:gravestone":153,"biomesoplenty:bush":38,"minecraft:stone_button":2,"minecraft:brick_stairs":4,"minecraft:spruce_leaves":149,"minecraft:sandstone":209,"minecraft:hay_block":23,"minecraft:spruce_sapling":1,"minecraft:furnace":16,"minecraft:carrots":8,"spore:rotten_log":1,"minecraft:acacia_stairs":1,"minecraft:stripped_spruce_log":4,"minecraft:peony":1,"minecraft:gold_block":17,"minecraft:bell":1,"minecraft:bookshelf":34,"minecraft:deepslate_iron_ore":30,"spore:hive_spawn":1,"minecraft:stripped_acacia_log":1,"minecraft:stone":1109,"minecraft:podzol":13,"minecraft:acacia_leaves":16,"minecraft:basalt":8,"minecraft:spruce_door":9,"minecraft:polished_granite":12,"minecraft:crafting_table":13,"minecraft:rose_bush":4,"minecraft:lectern":86,"biomesoplenty:sprout":1,"minecraft:polished_blackstone_brick_stairs":4,"minecraft:spruce_stairs":6,"minecraft:lime_bed":2,"spore:bloomfung2":63,"biomesoplenty:hellbark_leaves":1,"minecraft:coal_ore":61,"minecraft:cracked_stone_bricks":32,"minecraft:mossy_stone_bricks":29},"minecraft:broken":{"minecraft:wooden_shovel":1,"minecraft:iron_boots":1,"minecraft:iron_leggings":1,"minecraft:golden_sword":1,"minecraft:wooden_sword":1,"minecraft:iron_sword":1,"minecraft:stone_sword":2,"minecraft:shield":9,"minecraft:iron_axe":1,"minecraft:iron_pickaxe":5,"minecraft:iron_helmet":1,"minecraft:leather_leggings":1,"minecraft:golden_leggings":1,"minecraft:stone_pickaxe":1,"minecraft:chainmail_chestplate":1,"minecraft:stone_axe":2,"minecraft:stone_shovel":1,"minecraft:golden_axe":1,"majruszsdifficulty:tattered_helmet":1,"minecraft:leather_boots":1,"minecraft:golden_pickaxe":1},"minecraft:crafted":{"minecraft:birch_slab":6,"minecraft:diamond_shovel":1,"minecraft:bookshelf":22,"minecraft:cooked_mutton":11,"minecraft:glass":27,"minecraft:diamond_leggings":1,"minecraft:birch_fence_gate":1,"spore:fleshy_bone":2,"spore:fleshy_claw":3,"minecraft:iron_door":3,"adorn:birch_bench":2,"minecraft:wooden_shovel":1,"minecraft:emerald":1,"minecraft:cooked_porkchop":3,"minecraft:diamond_axe":3,"minecraft:acacia_slab":6,"adorn:spruce_post":8,"minecraft:spruce_door":3,"spore:armads":1,"minecraft:iron_pickaxe":9,"minecraft:iron_block":3,"minecraft:acacia_door":3,"minecraft:golden_carrot":3,"minecraft:stone_shovel":1,"minecraft:iron_nugget":9,"minecraft:bone_meal":90,"minecraft:spruce_stairs":8,"minecraft:spruce_slab":36,"minecraft:stone_pickaxe":8,"adorn:acacia_chair":2,"minecraft:wheat":504,"minecraft:iron_shovel":2,"minecraft:iron_leggings":3,"minecraft:white_bed":2,"minecraft:oak_planks":144,"minecraft:acacia_pressure_plate":1,"minecraft:stone":57,"comforts:hammock_white":1,"minecraft:bow":1,"minecraft:iron_boots":3,"spore:vent_plate":16,"minecraft:chest":21,"minecraft:stone_hoe":1,"minecraft:stone_bricks":52,"minecraft:crafting_table":11,"minecraft:spruce_planks":648,"minecraft:baked_potato":49,"minecraft:wooden_pickaxe":13,"minecraft:iron_helmet":2,"minecraft:birch_planks":12,"minecraft:spectral_arrow":12,"minecraft:iron_chestplate":3,"minecraft:paper":51,"minecraft:diamond_pickaxe":2,"minecraft:shield":11,"cataclysm:stone_tile_stairs":15,"minecraft:stick":126,"minecraft:iron_ingot":109,"minecraft:stone_sword":1,"spore:hardened_bind":1,"minecraft:deepslate_bricks":764,"minecraft:shears":1,"minecraft:wooden_sword":3,"adorn:oak_post":4,"minecraft:oak_door":3,"minecraft:furnace":15,"cataclysm:stone_tiles":52,"minecraft:glass_pane":64,"minecraft:flint_and_steel":1,"minecraft:polished_deepslate":764,"minecraft:iron_axe":2,"spore:vent_door":1,"minecraft:cooked_beef":23,"spore:living_core":1,"minecraft:diamond_sword":1,"spore:reinforced_door":1,"minecraft:iron_trapdoor":1,"minecraft:iron_sword":5,"minecraft:bucket":2,"minecraft:stone_axe":2,"minecraft:bread":165,"minecraft:air":0,"minecraft:oak_boat":2,"minecraft:white_wool":10,"minecraft:gold_nugget":27,"minecraft:stonecutter":1,"minecraft:anvil":1,"minecraft:acacia_planks":424,"minecraft:torch":96,"minecraft:trapped_chest":1,"minecraft:diamond_chestplate":1},"minecraft:custom":{"minecraft:interact_with_crafting_table":157,"minecraft:bell_ring":20,"minecraft:eat_cake_slice":4,"minecraft:leave_game":7,"minecraft:time_since_death":44394,"minecraft:damage_blocked_by_shield":29177,"minecraft:play_time":1145668,"minecraft:deaths":237,"minecraft:jump":14764,"minecraft:enchant_item":1,"minecraft:interact_with_furnace":110,"minecraft:traded_with_villager":1,"minecraft:sleep_in_bed":23,"minecraft:damage_dealt":113713,"minecraft:interact_with_smithing_table":1,"adorn:sit_on_chair":7,"adorn:sit_on_bench":3,"minecraft:sneak_time":143843,"minecraft:total_world_time":1145668,"minecraft:interact_with_stonecutter":4,"minecraft:time_since_rest":40618,"minecraft:swim_one_cm":653806,"minecraft:fly_one_cm":2937387,"minecraft:open_chest":869,"minecraft:fall_one_cm":374946,"minecraft:sprint_one_cm":3762698,"minecraft:drop":567,"minecraft:talked_to_villager":136,"minecraft:interact_with_brewingstand":1,"minecraft:walk_on_water_one_cm":227425,"minecraft:player_kills":7,"minecraft:crouch_one_cm":381301,"minecraft:mob_kills":475,"minecraft:damage_dealt_resisted":318,"minecraft:climb_one_cm":150830,"minecraft:walk_one_cm":2684828,"minecraft:walk_under_water_one_cm":177054,"minecraft:boat_one_cm":506745,"minecraft:damage_taken":70272,"minecraft:trigger_trapped_chest":16},"minecraft:picked_up":{"minecraft:wooden_axe":4,"minecraft:iron_chestplate":13,"minecraft:chainmail_boots":6,"minecraft:flower_pot":4,"minecraft:anvil":1,"minecraft:smithing_table":1,"minecraft:lead":3,"minecraft:enchanted_book":15,"minecraft:polished_blackstone_brick_stairs":4,"minecraft:string":98,"spore:corrosive_sack":1,"minecraft:gold_nugget":14,"minecraft:cobbled_deepslate":1927,"adorn:oak_post":6,"biomesoplenty:pink_hibiscus":3,"minecraft:spruce_planks":335,"minecraft:melon_slice":12,"minecraft:golden_helmet":1,"minecraft:jukebox":1,"minecraft:composter":1,"minecraft:acacia_log":73,"minecraft:golden_axe":1,"minecraft:golden_chestplate":8,"minecraft:cauldron":8,"minecraft:orange_bed":9,"minecraft:stone_sword":14,"minecraft:bookshelf":4,"minecraft:iron_bars":54,"biomesoplenty:lavender":22,"minecraft:birch_log":3,"minecraft:feather":1,"minecraft:cooked_beef":39,"minecraft:iron_door":6,"minecraft:water_bucket":11,"minecraft:brown_wool":1,"minecraft:smoker":4,"minecraft:flint":11,"minecraft:stonecutter":5,"minecraft:glowstone_dust":70,"spore:vent_door":3,"minecraft:chiseled_polished_blackstone":1,"minecraft:stripped_spruce_log":4,"minecraft:acacia_stairs":9,"minecraft:dark_oak_log":34,"cataclysm:stone_tiles":2,"cataclysm:lionfish":1,"minecraft:stripped_acacia_log":1,"minecraft:lever":1,"minecraft:granite":157,"minecraft:bread":331,"spore:spine_fragment":24,"minecraft:bricks":31,"minecraft:diamond_pickaxe":8,"minecraft:spruce_leaves":28,"minecraft:crafting_table":26,"minecraft:coarse_dirt":1,"minecraft:sandstone_slab":38,"minecraft:nether_wart":12,"minecraft:clay_ball":10,"cataclysm:stone_tile_stairs":7,"minecraft:golden_pickaxe":2,"minecraft:leather_leggings":6,"minecraft:acacia_button":4,"gravestone:obituary":178,"adorn:birch_bench":1,"minecraft:acacia_door":4,"minecraft:flint_and_steel":3,"minecraft:compass":6,"minecraft:iron_shovel":6,"minecraft:glass_pane":100,"minecraft:cracked_stone_bricks":26,"usefulbackpacks:backpack_small":1,"minecraft:cartography_table":4,"minecraft:beef":55,"minecraft:poppy":9,"minecraft:iron_nugget":7,"minecraft:spruce_slab":30,"minecraft:chest":35,"spore:tumor":3,"minecraft:sandstone":318,"minecraft:stone":7,"minecraft:oak_door":1,"minecraft:spruce_fence":37,"minecraft:carrot":35,"minecraft:redstone":318,"minecraft:polished_granite_stairs":3,"minecraft:stone_shovel":13,"biomesoplenty:blue_hydrangea":2,"minecraft:peony":2,"minecraft:shears":14,"minecraft:deepslate_bricks":26,"minecraft:hay_block":79,"minecraft:gold_ingot":35,"adorn:spruce_post":2,"minecraft:mutton":23,"minecraft:white_wool":22,"minecraft:oxeye_daisy":1,"minecraft:lime_bed":1,"minecraft:tripwire_hook":4,"majruszsdifficulty:tattered_helmet":1,"minecraft:red_mushroom":2,"minecraft:filled_map":2,"minecraft:oak_log":48,"minecraft:ancient_debris":1,"minecraft:golden_boots":3,"minecraft:paper":8,"minecraft:apple":2,"minecraft:stone_bricks":123,"majruszsdifficulty:tattered_leggings":1,"minecraft:stone_pickaxe":27,"spore:mutated_fiber":444,"minecraft:glass_bottle":1,"minecraft:iron_sword":11,"minecraft:dark_oak_stairs":8,"minecraft:dark_oak_slab":1,"minecraft:gravel":22,"minecraft:spruce_sapling":100,"minecraft:spruce_log":621,"minecraft:crying_obsidian":4,"minecraft:leather_helmet":6,"spore:vent_plate":25,"minecraft:stone_axe":31,"minecraft:diamond_axe":7,"minecraft:lodestone":1,"minecraft:baked_potato":41,"minecraft:brown_banner":2,"minecraft:melon_seeds":3,"minecraft:smooth_quartz_slab":1,"minecraft:ender_pearl":11,"spore:mutated_heart":60,"biomesoplenty:burning_blossom":10,"minecraft:wheat":44,"minecraft:redstone_block":3,"minecraft:potion":6,"minecraft:gilded_blackstone":6,"minecraft:stone_brick_stairs":6,"spore:innards":1,"minecraft:raw_copper":64,"minecraft:iron_leggings":6,"minecraft:experience_bottle":1,"biomesoplenty:brimstone":2,"minecraft:bucket":7,"minecraft:rose_bush":3,"minecraft:cobblestone_slab":16,"minecraft:calcite":756,"minecraft:wooden_shovel":1,"minecraft:iron_pickaxe":21,"minecraft:iron_boots":2,"minecraft:furnace":18,"minecraft:tipped_arrow":4,"biomesoplenty:rose_quartz_block":4,"minecraft:stick":89,"minecraft:acacia_fence":11,"minecraft:torch":255,"minecraft:spruce_stairs":8,"minecraft:porkchop":35,"minecraft:pointed_dripstone":20,"minecraft:diorite":69,"minecraft:quartz_block":1,"minecraft:rotten_flesh":177,"minecraft:obsidian":44,"minecraft:cobblestone":2214,"minecraft:enchanting_table":4,"minecraft:leather_chestplate":11,"minecraft:andesite":84,"minecraft:golden_leggings":4,"minecraft:potato":321,"minecraft:tuff":302,"minecraft:acacia_boat":7,"minecraft:cut_sandstone_slab":8,"minecraft:lapis_lazuli":415,"minecraft:dirt":2262,"minecraft:polished_granite":16,"minecraft:name_tag":7,"minecraft:leather_boots":1,"minecraft:glass":4,"minecraft:bone":245,"minecraft:acacia_planks":712,"minecraft:bow":15,"minecraft:wheat_seeds":162,"minecraft:raw_gold":47,"minecraft:bell":9,"minecraft:mossy_stone_bricks":26,"minecraft:bamboo":5,"spore:biomass_block":32,"minecraft:oak_planks":201,"minecraft:stone_hoe":4,"minecraft:mossy_stone_brick_stairs":6,"spore:cerebrum":27,"minecraft:cooked_porkchop":2,"spore:armor_fragment":31,"minecraft:oak_pressure_plate":1,"minecraft:poisonous_potato":3,"minecraft:sand":1134,"minecraft:dead_bush":8,"minecraft:grass_block":6,"minecraft:spectral_arrow":48,"minecraft:mossy_cobblestone":30,"spore:claw_fragment":34,"minecraft:diamond":52,"minecraft:spruce_boat":1,"minecraft:cracked_polished_blackstone_bricks":128,"minecraft:crossbow":2,"minecraft:bone_meal":81,"minecraft:emerald":3,"minecraft:oak_sapling":6,"minecraft:netherrack":836,"minecraft:splash_potion":1,"minecraft:chicken":2,"minecraft:ladder":52,"minecraft:brown_mushroom":6,"minecraft:wooden_pickaxe":3,"minecraft:gold_block":31,"spore:sickle_fragment":1,"minecraft:shield":27,"biomesoplenty:rose_quartz_shard":16,"minecraft:oak_trapdoor":1,"minecraft:iron_axe":4,"fear_the_dark:leg_spike":12,"minecraft:blackstone":60,"adorn:acacia_chair":3,"minecraft:oak_boat":13,"minecraft:light_gray_wool":3,"minecraft:lectern":86,"biomesoplenty:wildflower":95,"minecraft:sugar_cane":147,"minecraft:phantom_membrane":15,"minecraft:raw_iron":189,"minecraft:bowl":4,"minecraft:polished_blackstone_bricks":335,"minecraft:stone_button":5,"minecraft:stone_pressure_plate":2,"minecraft:dark_oak_planks":60,"minecraft:arrow":231,"minecraft:nether_bricks":8,"minecraft:saddle":3,"minecraft:brick_stairs":8,"spore:alveolic_sack":4,"minecraft:skeleton_skull":2,"minecraft:basalt":7,"minecraft:cut_sandstone":1,"biomesoplenty:goldenrod":11,"minecraft:leather":85,"spore:reinforced_door":3,"minecraft:chainmail_chestplate":12,"minecraft:cobblestone_stairs":44,"minecraft:gunpowder":34,"minecraft:cobblestone_wall":2,"minecraft:acacia_trapdoor":4,"minecraft:spruce_wood":1,"minecraft:iron_ingot":58,"minecraft:acacia_sapling":7,"minecraft:book":170,"minecraft:chiseled_stone_bricks":3,"minecraft:quartz":69,"minecraft:dripstone_block":18,"minecraft:white_bed":11,"minecraft:nether_brick_slab":6,"minecraft:spruce_door":24,"minecraft:spider_eye":18,"biomesoplenty:bramble":64,"minecraft:chainmail_leggings":14,"minecraft:iron_helmet":1,"minecraft:mossy_cobblestone_stairs":17,"minecraft:acacia_slab":3,"majruszsdifficulty:tattered_chestplate":1,"minecraft:coal":262},"minecraft:killed":{"spore:braiomil":1,"minecraft:skeleton":31,"minecraft:chicken":1,"spore:spitter":1,"minecraft:magma_cube":1,"spore:inf_player":46,"spore:inf_wanderer":1,"minecraft:iron_golem":1,"spore:inf_drowned":1,"minecraft:pillager":1,"minecraft:zombie":115,"spore:howler":1,"minecraft:cow":14,"fear_the_dark:fever_dream":8,"spore:griefer":1,"minecraft:husk":10,"spore:stalker":3,"spore:brute":1,"majruszsdifficulty:cursed_armor":4,"the_impersonator:the_impersonator":1,"spore:inf_witch":1,"spore:slasher":1,"minecraft:enderman":4,"minecraft:witch":1,"minecraft:spider":22,"minecraft:piglin_brute":3,"minecraft:piglin":3,"minecraft:pig":15,"spore:volatile":1,"minecraft:creeper":10,"minecraft:sheep":12,"spore:inf_villager":27,"spore:inf_human":52,"minecraft:stray":14,"minecraft:ghast":1,"spore:knight":3,"minecraft:hoglin":1,"spore:inf_pillager":27,"spore:busser":2},"minecraft:dropped":{"minecraft:iron_sword":1,"minecraft:crafting_table":2,"minecraft:crossbow":2,"minecraft:mossy_stone_brick_stairs":5,"minecraft:cracked_stone_bricks":2,"minecraft:leather_helmet":2,"minecraft:red_mushroom":2,"minecraft:dirt":139,"biomesoplenty:rose_quartz_block":2,"minecraft:wooden_sword":2,"fear_the_dark:leg_spike":1,"minecraft:bone_meal":1,"minecraft:iron_pickaxe":2,"minecraft:dark_oak_planks":14,"minecraft:white_wool":11,"minecraft:bone":6,"minecraft:stone_axe":3,"minecraft:golden_chestplate":2,"minecraft:cobbled_deepslate":98,"minecraft:rotten_flesh":36,"minecraft:oak_planks":2,"minecraft:white_bed":1,"minecraft:tipped_arrow":1,"minecraft:brick_stairs":7,"minecraft:quartz_block":1,"biomesoplenty:wildflower":2,"minecraft:acacia_sapling":1,"minecraft:leather_leggings":1,"minecraft:stone_brick_stairs":2,"spore:armor_fragment":1,"minecraft:acacia_fence":1,"minecraft:egg":1,"minecraft:enchanted_book":1,"minecraft:golden_boots":1,"minecraft:wheat_seeds":30,"biomesoplenty:lavender":7,"minecraft:cobblestone":65,"minecraft:chainmail_helmet":1,"minecraft:coal":37,"biomesoplenty:rose_quartz_shard":4,"minecraft:oxeye_daisy":1,"biomesoplenty:goldenrod":10,"minecraft:wooden_hoe":1,"biomesoplenty:brimstone":1,"minecraft:wooden_axe":4,"minecraft:rose_bush":3,"minecraft:potion":2,"spore:mutated_heart":5,"minecraft:mossy_cobblestone_stairs":5,"minecraft:chainmail_leggings":1,"minecraft:string":2,"spore:claw_fragment":1,"minecraft:acacia_planks":7,"minecraft:spruce_sapling":16,"minecraft:bricks":5,"minecraft:stone_sword":2,"minecraft:bowl":5,"minecraft:stone_shovel":3,"minecraft:clay_ball":10,"minecraft:iron_boots":1,"spore:cerebrum":2,"spore:mutated_fiber":43,"minecraft:potato":42,"minecraft:flower_pot":1,"minecraft:peony":1,"minecraft:spruce_planks":104,"minecraft:diamond_pickaxe":2,"minecraft:wooden_shovel":1,"minecraft:spider_eye":1,"minecraft:stone_pressure_plate":1,"minecraft:stone_bricks":30,"minecraft:bow":1,"spore:spine_fragment":2,"minecraft:brown_mushroom":6,"minecraft:oak_log":1,"minecraft:birch_slab":1,"minecraft:flint":5,"minecraft:dark_oak_log":1,"minecraft:polished_blackstone_brick_stairs":4,"gravestone:obituary":329,"biomesoplenty:burning_blossom":1,"minecraft:gravel":9,"majruszsdifficulty:tattered_chestplate":1,"minecraft:chiseled_polished_blackstone":1,"minecraft:pointed_dripstone":4,"minecraft:acacia_stairs":3,"minecraft:carrot":46,"minecraft:chainmail_chestplate":1,"minecraft:chiseled_stone_bricks":1,"minecraft:poppy":4,"minecraft:leather_chestplate":1,"minecraft:acacia_slab":1,"minecraft:chest":1,"minecraft:chainmail_boots":4,"minecraft:basalt":5,"minecraft:iron_bars":9,"minecraft:netherrack":16,"minecraft:water_bucket":6,"minecraft:stone_hoe":2,"minecraft:bread":42,"minecraft:mossy_cobblestone":12,"minecraft:acacia_log":4,"minecraft:stick":10,"minecraft:diorite":3,"minecraft:torch":8,"minecraft:melon_slice":5,"minecraft:iron_axe":1,"minecraft:orange_bed":3,"minecraft:tripwire_hook":2,"minecraft:bucket":1,"minecraft:raw_copper":3,"minecraft:tuff":22,"minecraft:light_gray_wool":2,"minecraft:deepslate_bricks":128,"minecraft:filled_map":1,"minecraft:shield":3,"minecraft:andesite":1,"minecraft:mossy_stone_bricks":11,"minecraft:golden_leggings":1,"minecraft:oak_sapling":2,"biomesoplenty:blue_hydrangea":2,"minecraft:spruce_log":28,"minecraft:stone_pickaxe":3,"minecraft:wooden_pickaxe":11},"minecraft:used":{"fear_the_dark:leg_spike":47,"minecraft:spruce_slab":33,"minecraft:ladder":17,"minecraft:chest":54,"minecraft:rotten_flesh":3,"minecraft:acacia_sapling":6,"minecraft:grass_block":1,"minecraft:stone_brick_stairs":2,"minecraft:bow":118,"minecraft:furnace":18,"minecraft:acacia_fence":2,"minecraft:potato":8,"minecraft:mossy_stone_bricks":7,"minecraft:diorite":14,"adorn:spruce_post":2,"minecraft:spruce_door":5,"minecraft:blackstone":15,"minecraft:leather_chestplate":1,"minecraft:wooden_pickaxe":89,"minecraft:sand":18,"minecraft:cut_sandstone_slab":2,"minecraft:stone_button":3,"minecraft:lectern":85,"minecraft:polished_granite":3,"minecraft:oak_pressure_plate":1,"minecraft:diamond_sword":320,"minecraft:wooden_sword":82,"minecraft:oak_boat":13,"minecraft:iron_bars":2,"minecraft:stone_sword":457,"minecraft:enchanting_table":3,"adorn:acacia_chair":5,"minecraft:acacia_log":1,"minecraft:netherrack":183,"minecraft:orange_bed":6,"minecraft:torch":363,"minecraft:anvil":2,"minecraft:mossy_cobblestone_stairs":7,"minecraft:iron_axe":285,"adorn:birch_bench":3,"minecraft:trapped_chest":1,"minecraft:cobbled_deepslate":208,"minecraft:acacia_planks":35,"minecraft:golden_axe":7,"minecraft:calcite":302,"minecraft:water_bucket":39,"minecraft:birch_planks":1,"minecraft:cartography_table":3,"minecraft:deepslate_bricks":688,"minecraft:cracked_stone_bricks":19,"minecraft:mossy_cobblestone":11,"minecraft:crafting_table":16,"minecraft:white_bed":12,"cataclysm:stone_tile_stairs":14,"minecraft:spruce_log":195,"minecraft:oak_log":3,"minecraft:diamond_pickaxe":3871,"minecraft:diamond_shovel":895,"minecraft:iron_pickaxe":2106,"minecraft:suspicious_stew":1,"minecraft:spruce_sapling":12,"minecraft:chiseled_stone_bricks":1,"minecraft:cobblestone":679,"minecraft:potion":1,"minecraft:acacia_pressure_plate":1,"minecraft:porkchop":4,"minecraft:cooked_porkchop":6,"minecraft:sandstone_slab":2,"minecraft:glass_pane":64,"minecraft:iron_shovel":901,"minecraft:shield":517,"minecraft:iron_sword":636,"biomesoplenty:bramble":14,"minecraft:spruce_leaves":23,"minecraft:mutton":1,"minecraft:carrot":11,"cataclysm:stone_tiles":33,"minecraft:tuff":51,"minecraft:obsidian":17,"minecraft:bricks":14,"spore:vent_plate":21,"minecraft:stone_bricks":191,"minecraft:golden_sword":32,"spore:armads":532,"minecraft:stone_pickaxe":474,"minecraft:oak_planks":52,"minecraft:ender_pearl":1,"minecraft:sandstone":24,"minecraft:sugar_cane":36,"minecraft:diamond_axe":285,"biomesoplenty:goldenrod":1,"minecraft:dripstone_block":2,"minecraft:shears":30,"minecraft:birch_fence_gate":1,"minecraft:acacia_door":5,"minecraft:bread":77,"minecraft:string":1,"minecraft:iron_door":5,"minecraft:gravel":1,"minecraft:andesite":86,"minecraft:bone_meal":37,"minecraft:golden_pickaxe":6,"minecraft:cobweb":21,"minecraft:experience_bottle":1,"minecraft:flint_and_steel":5,"minecraft:stone_shovel":135,"minecraft:spruce_planks":498,"minecraft:wooden_shovel":59,"minecraft:stone_hoe":18,"minecraft:oak_door":3,"spore:vent_door":2,"minecraft:dirt":662,"minecraft:spruce_stairs":14,"minecraft:granite":86,"minecraft:spruce_fence":8,"minecraft:dark_oak_planks":1,"minecraft:wooden_axe":18,"minecraft:bookshelf":18,"minecraft:acacia_slab":2,"minecraft:smooth_sandstone":5,"minecraft:golden_carrot":1,"minecraft:cooked_beef":25,"minecraft:iron_leggings":1,"biomesoplenty:burning_blossom":1,"minecraft:cooked_mutton":6,"minecraft:acacia_boat":2,"minecraft:cobblestone_stairs":2,"minecraft:baked_potato":54,"spore:reinforced_door":3,"adorn:oak_post":4,"minecraft:stonecutter":1,"minecraft:cobblestone_slab":6,"minecraft:lime_bed":1,"minecraft:smoker":2,"minecraft:apple":4,"minecraft:cracked_polished_blackstone_bricks":30,"minecraft:map":2,"minecraft:golden_leggings":1,"minecraft:stone_axe":419,"minecraft:bucket":41},"minecraft:killed_by":{"the_impersonator:the_impersonator":3,"spore:inf_pillager":5,"spore:inf_husk":3,"mimic_dweller:mimic_dweller":7,"minecraft:zombie":11,"majruszsdifficulty:cursed_armor":1,"spore:leaper":1,"minecraft:husk":2,"spore:busser":6,"minecraft:stray":4,"majruszsdifficulty:creeperling":1,"mutantmonsters:mutant_skeleton":3,"spore:stalker":10,"cave_dweller:cave_dweller":3,"midnightlurker:midnight_lurker_unprovoked":1,"mutantmonsters:mutant_zombie":3,"spore:volatile":1,"minecraft:creeper":5,"spore:inf_human":33,"spore:knight":4,"minecraft:drowned":1,"steve_dweller:steve_dweller":4,"fear_the_dark:fever_dream":21,"spore:inf_player":36,"minecraft:piglin":1,"spore:inf_villager":18,"minecraft:player":4,"minecraft:spider":1,"minecraft:enderman":3,"minecraft:skeleton":21}},"DataVersion":3120}