{"stats":{"minecraft:crafted":{"minecraft:oak_planks":1292,"minecraft:coal":9,"minecraft:cooked_chicken":3,"minecraft:furnace":2,"minecraft:bone_meal":15,"minecraft:cooked_mutton":12,"minecraft:flint_and_steel":1,"minecraft:diamond_leggings":1,"minecraft:bow":1,"minecraft:iron_boots":1,"minecraft:stone_pickaxe":1,"minecraft:diamond_boots":1,"minecraft:stone_hoe":1,"minecraft:golden_helmet":1,"minecraft:oak_fence":15,"minecraft:wheat":126,"minecraft:cooked_beef":15,"minecraft:emerald":79,"minecraft:cooked_porkchop":8,"minecraft:crafting_table":3,"minecraft:wooden_pickaxe":1,"minecraft:iron_sword":1,"minecraft:bucket":1,"minecraft:birch_planks":4,"minecraft:stone_axe":1,"minecraft:bread":43,"minecraft:air":0,"minecraft:jungle_planks":4,"minecraft:iron_chestplate":1,"minecraft:diamond_pickaxe":1,"minecraft:shield":1,"minecraft:stick":2607,"minecraft:iron_ingot":37,"minecraft:iron_pickaxe":1,"minecraft:stone_sword":2,"minecraft:iron_leggings":1,"minecraft:acacia_planks":32,"minecraft:torch":48},"minecraft:used":{"minecraft:peony":4,"minecraft:oak_fence":16,"minecraft:moss_block":1,"minecraft:moss_carpet":1,"minecraft:stone_sword":295,"minecraft:rose_bush":1,"minecraft:iron_shovel":2,"minecraft:flint_and_steel":1,"minecraft:shield":35,"minecraft:iron_sword":67,"minecraft:rotten_flesh":19,"minecraft:stone_hoe":70,"minecraft:torch":51,"minecraft:dirt":165,"minecraft:jungle_planks":4,"minecraft:carrot":5,"minecraft:granite":1,"minecraft:oak_fence_gate":1,"minecraft:stone_brick_slab":1,"minecraft:iron_axe":269,"minecraft:iron_helmet":1,"minecraft:bow":14,"minecraft:oak_sapling":11,"minecraft:furnace":4,"minecraft:cooked_beef":4,"minecraft:egg":1,"minecraft:potato":152,"minecraft:iron_leggings":1,"minecraft:cooked_mutton":12,"minecraft:water_bucket":11,"minecraft:stone_pickaxe":133,"minecraft:oak_planks":42,"minecraft:wooden_pickaxe":14,"minecraft:diamond_axe":292,"minecraft:crafting_table":8,"minecraft:red_bed":1,"minecraft:dark_oak_fence_gate":1,"minecraft:white_bed":6,"minecraft:diamond_pickaxe":8,"minecraft:bread":34,"minecraft:melon_slice":2,"minecraft:iron_pickaxe":194,"minecraft:gravel":5,"minecraft:stone_axe":262,"minecraft:coal_block":2,"minecraft:cobblestone":74,"minecraft:andesite":1,"minecraft:bucket":12,"minecraft:stripped_oak_log":2,"minecraft:bone_meal":15},"minecraft:killed_by":{"midnightlurker:midnight_lurker_backturned":1,"spore:busser":2,"minecraft:creeper":1,"the_impersonator:the_impersonator":1,"spore:inf_pillager":1,"fear_the_dark:fever_dream":1,"fear_the_dark:daunt":1,"midnightlurker:void_hands":1,"spore:inf_player":1,"man:managgresive":2,"minecraft:skeleton":1,"spore:stalker":1},"minecraft:mined":{"minecraft:white_bed":5,"minecraft:farmland":1,"minecraft:mossy_cobblestone":20,"minecraft:jungle_leaves":1,"minecraft:brewing_stand":1,"gravestone:gravestone":12,"minecraft:granite":2,"minecraft:acacia_log":8,"minecraft:grass_block":92,"minecraft:spruce_fence":1,"minecraft:jungle_planks":2,"minecraft:jungle_log":1,"biomesoplenty:flowering_oak_leaves":2,"minecraft:coal_block":10,"minecraft:oxeye_daisy":1,"minecraft:moss_block":1,"minecraft:hay_block":14,"minecraft:mossy_cobblestone_slab":1,"minecraft:carrots":15,"minecraft:furnace":2,"minecraft:mossy_cobblestone_stairs":1,"minecraft:iron_ore":37,"minecraft:fire":1,"minecraft:andesite":1,"minecraft:moss_carpet":1,"minecraft:peony":5,"minecraft:cobblestone_slab":2,"minecraft:potatoes":89,"minecraft:dirt_path":23,"minecraft:vine":8,"minecraft:stripped_oak_log":6,"minecraft:stone":116,"minecraft:tripwire":4,"minecraft:glass_pane":1,"minecraft:stone_brick_slab":1,"minecraft:oak_fence":7,"minecraft:clay":1,"minecraft:crafting_table":5,"minecraft:melon":16,"minecraft:rose_bush":1,"minecraft:campfire":4,"minecraft:tall_grass":29,"minecraft:cobblestone":57,"minecraft:oak_planks":24,"minecraft:wall_torch":2,"minecraft:white_terracotta":5,"minecraft:black_wall_banner":2,"minecraft:tnt":4,"minecraft:grass":112,"minecraft:oak_log":686,"minecraft:coal_ore":73,"minecraft:cocoa":1,"minecraft:oak_fence_gate":1,"minecraft:gravel":6,"minecraft:dirt":69,"minecraft:tripwire_hook":1,"minecraft:stonecutter":1,"minecraft:stone_bricks":10,"minecraft:oak_leaves":39,"spore:remains":1,"minecraft:fern":10},"minecraft:dropped":{"minecraft:stone_hoe":1,"minecraft:moss_block":1,"minecraft:wheat_seeds":23,"minecraft:cooked_beef":4,"minecraft:oak_log":234,"minecraft:mossy_cobblestone":20,"minecraft:oak_fence":6,"minecraft:cobblestone":10,"minecraft:lantern":1,"minecraft:apple":1,"minecraft:granite":1,"minecraft:jungle_planks":2,"minecraft:black_banner":3,"minecraft:leather_helmet":3,"minecraft:coal":19,"minecraft:dirt":1,"minecraft:gray_wool":1,"minecraft:mossy_cobblestone_slab":1,"minecraft:stone_button":17,"gravestone:obituary":16,"minecraft:mossy_cobblestone_stairs":1,"majruszsdifficulty:tattered_leggings":1,"minecraft:tripwire_hook":1,"minecraft:white_wool":1,"minecraft:dandelion":1,"minecraft:stone_sword":2,"minecraft:birch_sapling":1,"minecraft:stone_shovel":1,"minecraft:rotten_flesh":14,"minecraft:clay_ball":8,"minecraft:white_terracotta":5,"minecraft:spruce_fence":1,"minecraft:leather_chestplate":1,"minecraft:shield":1,"minecraft:andesite":3,"minecraft:azalea":1,"minecraft:oak_sapling":1,"minecraft:stone_bricks":10,"minecraft:wooden_pickaxe":1,"mutantmonsters:mutant_skeleton_skull":1},"minecraft:custom":{"minecraft:mob_kills":59,"minecraft:interact_with_crafting_table":27,"minecraft:damage_dealt_resisted":217,"minecraft:leave_game":4,"minecraft:time_since_death":31411,"minecraft:climb_one_cm":39404,"minecraft:sprint_one_cm":711441,"minecraft:walk_one_cm":1012128,"minecraft:damage_blocked_by_shield":1925,"minecraft:drop":71,"minecraft:talked_to_villager":103,"minecraft:play_time":307124,"minecraft:sneak_time":12161,"minecraft:deaths":14,"minecraft:walk_under_water_one_cm":5021,"minecraft:jump":4191,"minecraft:walk_on_water_one_cm":15125,"minecraft:total_world_time":307124,"minecraft:interact_with_furnace":46,"minecraft:traded_with_villager":82,"minecraft:tune_noteblock":4,"minecraft:sleep_in_bed":24,"minecraft:time_since_rest":9490,"minecraft:damage_taken":5980,"minecraft:damage_dealt":10510,"minecraft:swim_one_cm":25875,"minecraft:fly_one_cm":716353,"minecraft:open_chest":117,"minecraft:crouch_one_cm":30927,"minecraft:fall_one_cm":87552,"minecraft:inspect_dispenser":1},"minecraft:killed":{"minecraft:spider":1,"minecraft:skeleton":20,"minecraft:magma_cube":2,"minecraft:pig":3,"spore:inf_wanderer":1,"minecraft:creeper":1,"spore:inf_pillager":1,"minecraft:sheep":6,"minecraft:zombie":12,"spore:inf_human":4,"minecraft:stray":1,"minecraft:cow":6},"minecraft:broken":{"minecraft:stone_sword":2,"minecraft:stone_pickaxe":1,"minecraft:iron_axe":1,"minecraft:stone_axe":2},"minecraft:picked_up":{"minecraft:cocoa_beans":3,"minecraft:charcoal":8,"minecraft:crafting_table":5,"minecraft:wheat":3,"minecraft:chicken":3,"minecraft:clay_ball":8,"gravestone:obituary":7,"minecraft:brewing_stand":1,"minecraft:shield":8,"minecraft:red_bed":1,"minecraft:string":5,"mutantmonsters:mutant_skeleton_skull":2,"minecraft:moss_carpet":1,"minecraft:iron_axe":1,"minecraft:iron_leggings":1,"minecraft:beef":9,"minecraft:rose_bush":1,"minecraft:azalea":1,"minecraft:coal_block":10,"minecraft:melon_slice":79,"minecraft:sugar_cane":4,"minecraft:birch_sapling":1,"minecraft:furnace":2,"minecraft:egg":1,"minecraft:stick":10,"minecraft:raw_iron":37,"minecraft:oak_fence":7,"minecraft:torch":2,"minecraft:acacia_log":8,"minecraft:spruce_fence":1,"minecraft:porkchop":8,"minecraft:stone_button":17,"minecraft:carrot":51,"minecraft:tnt":4,"minecraft:stone_shovel":1,"minecraft:stone_sword":1,"minecraft:arrow":24,"minecraft:rotten_flesh":10,"minecraft:peony":4,"minecraft:hay_block":14,"minecraft:black_banner":3,"minecraft:white_terracotta":5,"minecraft:stripped_oak_log":6,"minecraft:mutton":11,"minecraft:white_wool":5,"minecraft:cobblestone":167,"minecraft:birch_log":1,"minecraft:mossy_cobblestone_slab":1,"minecraft:cooked_beef":2,"minecraft:tripwire_hook":1,"minecraft:andesite":4,"minecraft:jungle_log":1,"minecraft:leather":7,"minecraft:potato":270,"minecraft:flint":1,"minecraft:oak_log":777,"minecraft:gunpowder":2,"minecraft:dirt":174,"minecraft:lantern":1,"minecraft:bone":24,"minecraft:apple":2,"minecraft:stone_bricks":10,"minecraft:stonecutter":1,"minecraft:wheat_seeds":26,"majruszsdifficulty:tattered_leggings":2,"minecraft:oak_fence_gate":1,"minecraft:iron_ingot":2,"spore:mutated_fiber":10,"minecraft:moss_block":2,"minecraft:stone_hoe":1,"minecraft:oak_planks":27,"spore:cerebrum":1,"minecraft:stone_brick_slab":1,"minecraft:dandelion":1,"minecraft:gravel":5,"minecraft:jungle_planks":4,"minecraft:dark_oak_fence_gate":1,"minecraft:white_bed":6,"minecraft:mossy_cobblestone":20,"minecraft:leather_helmet":2,"minecraft:iron_helmet":1,"minecraft:granite":2,"minecraft:diamond_axe":1,"minecraft:gray_wool":1,"minecraft:mossy_cobblestone_stairs":1,"spore:spine_fragment":2,"minecraft:oak_sapling":13,"minecraft:coal":115}},"DataVersion":3120}