{"stats":{"minecraft:used":{"minecraft:beetroot":3,"fear_the_dark:leg_spike":6,"minecraft:iron_shovel":253,"minecraft:polished_deepslate":8,"minecraft:chest":3,"minecraft:shield":193,"minecraft:iron_sword":538,"minecraft:bell":1,"minecraft:rotten_flesh":28,"minecraft:iron_chestplate":2,"minecraft:carrot":296,"minecraft:acacia_button":1,"minecraft:acacia_sapling":6,"minecraft:tuff":2,"minecraft:bricks":2,"minecraft:grass_block":1,"minecraft:bow":29,"minecraft:hay_block":8,"minecraft:oak_sapling":1,"minecraft:furnace":6,"minecraft:acacia_fence":24,"minecraft:potato":438,"minecraft:mossy_stone_bricks":1,"minecraft:diorite":1,"minecraft:leather_leggings":4,"minecraft:spruce_door":4,"minecraft:stone_pickaxe":1499,"minecraft:oak_planks":31,"minecraft:blackstone":2,"minecraft:ender_pearl":2,"minecraft:mossy_stone_brick_stairs":1,"minecraft:wooden_pickaxe":69,"minecraft:sugar_cane":6,"minecraft:white_wool":1,"minecraft:sand":122,"minecraft:crossbow":10,"minecraft:dripstone_block":6,"minecraft:lightning_rod":1,"minecraft:melon_slice":29,"minecraft:bread":35,"minecraft:polished_granite":2,"minecraft:oak_pressure_plate":1,"minecraft:gravel":30,"minecraft:diamond_sword":119,"minecraft:chainmail_boots":1,"minecraft:andesite":14,"minecraft:oak_boat":1,"minecraft:coarse_dirt":16,"minecraft:bone_meal":87,"minecraft:golden_pickaxe":32,"minecraft:oak_fence":11,"minecraft:stone_sword":147,"adorn:acacia_chair":3,"minecraft:acacia_log":15,"minecraft:stone_shovel":3642,"minecraft:spruce_planks":4,"minecraft:wooden_shovel":119,"minecraft:stone_hoe":108,"minecraft:netherrack":62,"minecraft:orange_bed":4,"minecraft:torch":424,"minecraft:dirt":2118,"minecraft:chainmail_chestplate":2,"minecraft:golden_chestplate":1,"minecraft:granite":7,"minecraft:spruce_fence":28,"minecraft:iron_axe":222,"minecraft:spruce_button":2,"minecraft:acacia_slab":7,"minecraft:iron_boots":1,"minecraft:melon_seeds":4,"adorn:birch_bench":1,"minecraft:cooked_beef":10,"minecraft:cobbled_deepslate":12,"minecraft:acacia_planks":99,"minecraft:calcite":42,"minecraft:wheat_seeds":14,"minecraft:cooked_mutton":9,"minecraft:acacia_boat":4,"minecraft:water_bucket":38,"minecraft:cobblestone_stairs":10,"minecraft:baked_potato":115,"minecraft:spruce_fence_gate":3,"minecraft:deepslate_bricks":716,"minecraft:cracked_stone_bricks":4,"minecraft:polished_blackstone_bricks":12,"minecraft:mossy_cobblestone":3,"minecraft:crafting_table":21,"minecraft:white_bed":11,"minecraft:spruce_log":37,"minecraft:wooden_hoe":96,"minecraft:diamond_pickaxe":24,"minecraft:apple":1,"minecraft:iron_pickaxe":966,"minecraft:leather_helmet":1,"minecraft:spruce_sapling":26,"minecraft:stone_axe":587,"minecraft:potion":1,"minecraft:cobblestone":860,"minecraft:acacia_pressure_plate":2,"minecraft:cooked_porkchop":12,"minecraft:bucket":39},"minecraft:broken":{"minecraft:golden_helmet":1,"minecraft:iron_shovel":1,"minecraft:golden_boots":1,"minecraft:wooden_shovel":2,"minecraft:leather_leggings":1,"minecraft:iron_boots":1,"minecraft:iron_chestplate":1,"minecraft:stone_pickaxe":10,"minecraft:stone_axe":2,"minecraft:iron_sword":1,"minecraft:bow":1,"minecraft:stone_shovel":27,"minecraft:golden_chestplate":1,"minecraft:leather_helmet":1,"minecraft:chainmail_leggings":1,"minecraft:stone_sword":2,"minecraft:shield":2,"minecraft:iron_pickaxe":3,"minecraft:iron_helmet":1,"minecraft:golden_pickaxe":1,"minecraft:wooden_hoe":1},"minecraft:killed":{"minecraft:cave_spider":1,"minecraft:spider":7,"minecraft:skeleton":19,"majruszsdifficulty:creeperling":1,"minecraft:piglin_brute":1,"minecraft:piglin":2,"minecraft:pig":4,"spore:inf_player":19,"spore:inf_wanderer":1,"spore:inf_drowned":2,"minecraft:sheep":4,"spore:inf_villager":11,"spore:inf_human":19,"minecraft:zombie":42,"minecraft:stray":4,"cave_dweller:cave_dweller":1,"minecraft:cow":3,"fear_the_dark:fever_dream":1,"minecraft:drowned":1,"spore:inf_pillager":12,"minecraft:enderman":4},"minecraft:mined":{"minecraft:spruce_planks":25,"minecraft:attached_melon_stem":2,"minecraft:white_bed":11,"minecraft:farmland":9,"minecraft:cobblestone_stairs":2,"cataclysm:stone_tiles":1,"minecraft:obsidian":15,"biomesoplenty:burning_blossom":15,"minecraft:granite":9,"biomesoplenty:bramble":137,"minecraft:acacia_log":117,"minecraft:grass_block":1677,"minecraft:cracked_polished_blackstone_bricks":10,"minecraft:oak_pressure_plate":2,"minecraft:coal_block":5,"minecraft:deepslate_bricks":10,"minecraft:frosted_ice":1,"minecraft:acacia_pressure_plate":2,"minecraft:polished_blackstone_bricks":12,"minecraft:mossy_cobblestone_stairs":1,"minecraft:cobbled_deepslate":1,"minecraft:iron_ore":111,"minecraft:fire":54,"biomesoplenty:lavender":1,"minecraft:deepslate_lapis_ore":6,"minecraft:pointed_dripstone":1,"minecraft:dirt_path":4,"minecraft:iron_bars":8,"minecraft:orange_bed":4,"adorn:birch_bench":1,"biomesoplenty:medium_rose_quartz_bud":1,"minecraft:blackstone":2,"minecraft:melon_stem":1,"biomesoplenty:wildflower":6,"minecraft:torch":16,"spore:growths_big":9,"minecraft:calcite":60,"minecraft:melon":10,"minecraft:white_stained_glass_pane":1,"minecraft:dead_bush":6,"minecraft:cobblestone":236,"minecraft:oak_planks":6,"minecraft:sugar_cane":66,"minecraft:bricks":1,"minecraft:wall_torch":6,"biomesoplenty:goldenrod":1,"minecraft:wheat":15,"biomesoplenty:large_rose_quartz_bud":1,"minecraft:yellow_stained_glass_pane":1,"minecraft:grass":235,"minecraft:oak_log":38,"minecraft:beetroots":3,"minecraft:acacia_fence":7,"minecraft:sand":127,"minecraft:dirt":2376,"minecraft:netherrack":66,"spore:remains":10,"minecraft:oak_leaves":43,"minecraft:deepslate":499,"minecraft:nether_gold_ore":1,"minecraft:tuff":1,"minecraft:mossy_cobblestone":2,"biomesoplenty:desert_grass":163,"minecraft:dark_oak_log":37,"gravestone:gravestone":60,"minecraft:ladder":1,"biomesoplenty:bush":5,"minecraft:spruce_fence":15,"adorn:acacia_chair":3,"minecraft:spruce_leaves":36,"minecraft:acacia_slab":4,"biomesoplenty:dead_grass":4,"spore:growths_small":8,"minecraft:sandstone":6,"minecraft:hay_block":41,"minecraft:spruce_sapling":2,"minecraft:furnace":2,"minecraft:carrots":121,"minecraft:acacia_stairs":3,"minecraft:andesite":32,"minecraft:bell":1,"minecraft:polished_deepslate":8,"minecraft:bookshelf":8,"minecraft:potatoes":299,"minecraft:deepslate_iron_ore":13,"minecraft:vine":5,"minecraft:stone":1189,"biomesoplenty:rose_quartz_cluster":2,"minecraft:white_wool":1,"minecraft:podzol":113,"minecraft:acacia_leaves":56,"minecraft:spruce_door":4,"minecraft:oak_fence":2,"minecraft:crafting_table":11,"biomesoplenty:small_rose_quartz_bud":1,"minecraft:spruce_button":2,"minecraft:lightning_rod":1,"minecraft:lapis_ore":5,"biomesoplenty:sprout":11,"minecraft:diorite":7,"minecraft:coarse_dirt":27,"minecraft:spruce_log":432,"minecraft:coal_ore":227,"minecraft:gravel":48,"minecraft:dripstone_block":4,"minecraft:cracked_stone_bricks":1,"minecraft:acacia_planks":24},"minecraft:killed_by":{"midnightlurker:midnight_lurker_aggressive":4,"midnightlurker:midnight_lurker_backturned":1,"minecraft:creeper":3,"spore:knight":3,"spore:inf_human":13,"the_impersonator:the_impersonator":7,"steve_dweller:steve_dweller":1,"spore:inf_pillager":6,"fear_the_dark:fever_dream":12,"midnightlurker:void_hands":2,"spore:inf_player":18,"mimic_dweller:mimic_dweller":3,"spore:inf_villager":17,"minecraft:zombie":3,"minecraft:player":3,"spore:busser":2,"mutantmonsters:mutant_skeleton":3,"minecraft:skeleton":1,"spore:stalker":3,"cave_dweller:cave_dweller":2,"midnightlurker:midnight_lurker_unprovoked":3},"minecraft:crafted":{"minecraft:oak_planks":144,"minecraft:cobblestone_stairs":8,"minecraft:stone":2,"minecraft:cooked_mutton":16,"minecraft:glass":44,"minecraft:bow":1,"minecraft:iron_boots":2,"minecraft:chest":3,"minecraft:acacia_fence":18,"minecraft:stone_hoe":4,"minecraft:oak_fence":9,"minecraft:deepslate":23,"minecraft:wooden_shovel":2,"minecraft:cooked_porkchop":10,"minecraft:crafting_table":11,"minecraft:spruce_planks":296,"minecraft:acacia_slab":6,"minecraft:iron_helmet":2,"minecraft:wooden_pickaxe":3,"minecraft:baked_potato":178,"minecraft:spruce_door":3,"minecraft:golden_pickaxe":2,"minecraft:copper_ingot":18,"minecraft:acacia_button":1,"minecraft:spruce_trapdoor":36,"minecraft:iron_chestplate":1,"minecraft:wooden_hoe":1,"minecraft:shield":6,"minecraft:stick":240,"minecraft:iron_ingot":79,"minecraft:iron_pickaxe":5,"minecraft:stone_sword":6,"minecraft:gold_ingot":9,"minecraft:spruce_fence_gate":3,"minecraft:deepslate_bricks":916,"minecraft:stone_shovel":27,"minecraft:furnace":4,"minecraft:bone_meal":102,"minecraft:spruce_fence":30,"minecraft:polished_deepslate":1172,"minecraft:iron_axe":1,"minecraft:stone_pickaxe":11,"minecraft:golden_helmet":1,"minecraft:iron_sword":3,"minecraft:bucket":1,"minecraft:stone_axe":5,"minecraft:acacia_boat":2,"minecraft:air":0,"minecraft:iron_shovel":1,"minecraft:iron_leggings":1,"minecraft:white_bed":1,"minecraft:acacia_planks":232,"minecraft:torch":356},"minecraft:dropped":{"minecraft:iron_sword":2,"spore:spine_fragment":3,"minecraft:diamond_axe":1,"minecraft:baked_potato":43,"minecraft:glow_ink_sac":3,"minecraft:glass_bottle":1,"minecraft:ender_pearl":2,"minecraft:crafting_table":2,"minecraft:crossbow":1,"majruszsdifficulty:tattered_helmet":1,"minecraft:fletching_table":1,"minecraft:cracked_stone_bricks":1,"minecraft:leather_helmet":2,"minecraft:flint":10,"minecraft:spruce_leaves":2,"minecraft:dirt":333,"minecraft:dark_oak_log":24,"usefulbackpacks:backpack_small":2,"gravestone:obituary":101,"minecraft:gold_nugget":6,"fear_the_dark:leg_spike":2,"minecraft:sand":30,"minecraft:iron_pickaxe":1,"minecraft:acacia_door":4,"minecraft:dark_oak_planks":14,"minecraft:bone":104,"minecraft:gravel":4,"minecraft:stone_axe":3,"minecraft:golden_chestplate":4,"minecraft:wheat":8,"minecraft:obsidian":28,"minecraft:pointed_dripstone":10,"minecraft:rotten_flesh":5,"minecraft:oak_planks":22,"minecraft:cooked_mutton":7,"minecraft:chainmail_chestplate":2,"cataclysm:stone_tile_stairs":7,"minecraft:leather_chestplate":2,"minecraft:beetroot_seeds":5,"minecraft:melon_seeds":1,"biomesoplenty:wildflower":4,"minecraft:chainmail_boots":3,"minecraft:leather_leggings":1,"minecraft:spruce_slab":5,"minecraft:iron_bars":1,"minecraft:arrow":15,"minecraft:beef":3,"minecraft:enchanted_book":4,"minecraft:water_bucket":2,"minecraft:stone_hoe":1,"minecraft:golden_boots":1,"minecraft:iron_ingot":4,"minecraft:bread":13,"minecraft:wheat_seeds":9,"minecraft:golden_helmet":3,"minecraft:dripstone_block":6,"minecraft:book":3,"minecraft:poisonous_potato":4,"minecraft:iron_helmet":1,"biomesoplenty:lavender":6,"minecraft:cobblestone":102,"minecraft:spectral_arrow":3,"minecraft:spruce_button":1,"minecraft:granite":2,"minecraft:spruce_door":3,"minecraft:potion":2,"minecraft:iron_leggings":1,"spore:mutated_heart":6,"minecraft:string":9,"minecraft:acacia_planks":105,"minecraft:polished_deepslate":255,"minecraft:furnace":1,"minecraft:stone_sword":4,"minecraft:cobblestone_wall":2,"minecraft:raw_copper":23,"minecraft:tuff":1,"minecraft:raw_iron":1,"minecraft:stone_shovel":1,"minecraft:iron_boots":1,"spore:mutated_fiber":30,"minecraft:spruce_fence":16,"minecraft:shears":1,"minecraft:filled_map":1,"minecraft:potato":64,"minecraft:stone":1,"minecraft:shield":5,"minecraft:spruce_trapdoor":72,"minecraft:spruce_planks":27,"minecraft:diamond_pickaxe":1,"minecraft:iron_chestplate":1,"minecraft:andesite":2,"minecraft:mossy_stone_bricks":2,"minecraft:golden_leggings":1,"minecraft:oak_boat":1,"minecraft:oak_sapling":1,"minecraft:spider_eye":4,"minecraft:stone_bricks":1,"minecraft:spruce_log":372,"minecraft:sandstone":13,"minecraft:bow":1,"minecraft:stone_pickaxe":3,"minecraft:wooden_pickaxe":2,"minecraft:raw_gold":1,"minecraft:bell":1,"minecraft:calcite":9},"minecraft:custom":{"minecraft:interact_with_crafting_table":112,"minecraft:leave_game":14,"minecraft:time_since_death":14270,"minecraft:sprint_one_cm":2333558,"minecraft:damage_blocked_by_shield":14158,"minecraft:drop":327,"minecraft:talked_to_villager":3,"minecraft:play_time":1202338,"minecraft:deaths":123,"minecraft:jump":11873,"minecraft:walk_on_water_one_cm":142012,"minecraft:interact_with_furnace":203,"minecraft:sleep_in_bed":34,"minecraft:damage_dealt":32737,"minecraft:player_kills":4,"minecraft:crouch_one_cm":169559,"minecraft:interact_with_smoker":5,"minecraft:mob_kills":146,"minecraft:damage_dealt_resisted":91,"minecraft:climb_one_cm":131459,"adorn:sit_on_chair":5,"minecraft:walk_one_cm":4512984,"minecraft:sneak_time":57772,"minecraft:walk_under_water_one_cm":146117,"minecraft:boat_one_cm":171753,"minecraft:total_world_time":1202338,"minecraft:time_since_rest":14295,"minecraft:damage_taken":44661,"minecraft:trigger_trapped_chest":17,"minecraft:swim_one_cm":287591,"minecraft:fly_one_cm":1917759,"minecraft:open_chest":425,"minecraft:fall_one_cm":255668},"minecraft:picked_up":{"minecraft:iron_chestplate":7,"spore:mutated_heart":27,"biomesoplenty:burning_blossom":15,"minecraft:wheat":30,"minecraft:chainmail_boots":2,"minecraft:diamond_sword":2,"minecraft:acacia_pressure_plate":2,"minecraft:potion":1,"minecraft:gilded_blackstone":2,"minecraft:stone_brick_stairs":2,"minecraft:polished_deepslate":7,"minecraft:string":76,"minecraft:raw_copper":23,"minecraft:iron_leggings":1,"minecraft:beetroot":3,"minecraft:gold_nugget":10,"minecraft:cobbled_deepslate":649,"minecraft:spruce_planks":100,"minecraft:coal_block":4,"minecraft:calcite":80,"minecraft:wooden_shovel":1,"minecraft:iron_pickaxe":13,"minecraft:melon_slice":69,"minecraft:iron_boots":5,"minecraft:furnace":11,"minecraft:golden_helmet":3,"minecraft:tipped_arrow":1,"adorn:guide_book":1,"minecraft:stick":114,"minecraft:acacia_fence":16,"minecraft:oak_fence":2,"minecraft:torch":64,"minecraft:acacia_log":165,"minecraft:porkchop":21,"minecraft:lightning_rod":1,"minecraft:pointed_dripstone":14,"minecraft:diorite":12,"minecraft:golden_chestplate":6,"minecraft:orange_bed":7,"minecraft:stone_sword":8,"minecraft:rotten_flesh":59,"minecraft:obsidian":54,"minecraft:iron_bars":6,"minecraft:cod":3,"minecraft:cobblestone":1991,"biomesoplenty:lavender":8,"minecraft:leather_chestplate":3,"minecraft:cooked_beef":72,"minecraft:water_bucket":7,"minecraft:andesite":99,"minecraft:brown_wool":1,"minecraft:golden_leggings":2,"minecraft:potato":1104,"minecraft:flint":9,"minecraft:tuff":5,"minecraft:acacia_boat":2,"minecraft:lapis_lazuli":356,"minecraft:dirt":4308,"minecraft:bone":260,"minecraft:acacia_planks":960,"minecraft:bow":1,"minecraft:stonecutter":1,"minecraft:wheat_seeds":132,"minecraft:raw_gold":2,"minecraft:bell":2,"minecraft:fletching_table":1,"minecraft:mossy_stone_bricks":5,"minecraft:mossy_stone_brick_stairs":1,"minecraft:stone_hoe":4,"minecraft:oak_planks":62,"minecraft:ghast_tear":2,"spore:cerebrum":13,"minecraft:cooked_porkchop":2,"minecraft:oak_pressure_plate":2,"minecraft:poisonous_potato":5,"minecraft:sand":435,"minecraft:grass_block":2,"minecraft:acacia_stairs":6,"minecraft:spectral_arrow":3,"minecraft:dark_oak_log":61,"minecraft:mossy_cobblestone":7,"minecraft:diamond":4,"minecraft:cracked_polished_blackstone_bricks":50,"minecraft:crossbow":2,"minecraft:granite":22,"minecraft:golden_apple":3,"minecraft:spruce_button":3,"minecraft:emerald":3,"minecraft:bread":117,"spore:spine_fragment":12,"minecraft:oak_sapling":2,"minecraft:netherrack":69,"minecraft:bricks":7,"minecraft:diamond_pickaxe":4,"minecraft:coarse_dirt":58,"minecraft:spruce_leaves":2,"minecraft:crafting_table":26,"cataclysm:stone_tile_stairs":7,"minecraft:golden_pickaxe":1,"minecraft:leather_leggings":16,"minecraft:wooden_pickaxe":5,"minecraft:gold_block":6,"gravestone:obituary":60,"minecraft:shield":13,"biomesoplenty:rose_quartz_shard":8,"adorn:birch_bench":1,"minecraft:acacia_door":4,"minecraft:iron_axe":1,"fear_the_dark:leg_spike":3,"minecraft:iron_shovel":1,"minecraft:blackstone":3,"minecraft:cracked_stone_bricks":6,"adorn:acacia_chair":3,"usefulbackpacks:backpack_small":7,"minecraft:beef":45,"minecraft:oak_boat":2,"minecraft:light_gray_wool":1,"minecraft:spruce_slab":5,"biomesoplenty:wildflower":28,"minecraft:sugar_cane":175,"minecraft:spruce_trapdoor":36,"minecraft:raw_iron":196,"minecraft:sandstone":39,"minecraft:stone":3,"minecraft:spruce_fence":32,"minecraft:polished_blackstone_bricks":76,"minecraft:carrot":422,"minecraft:dark_oak_planks":14,"minecraft:arrow":98,"minecraft:stone_shovel":8,"minecraft:beetroot_seeds":13,"minecraft:shears":1,"minecraft:deepslate_bricks":140,"minecraft:hay_block":268,"minecraft:gold_ingot":12,"minecraft:brick_stairs":1,"minecraft:mutton":11,"minecraft:white_wool":9,"minecraft:glow_ink_sac":3,"minecraft:leather":90,"majruszsdifficulty:tattered_helmet":1,"minecraft:oak_log":60,"minecraft:chainmail_chestplate":2,"minecraft:golden_boots":2,"minecraft:cobblestone_wall":2,"minecraft:gunpowder":1,"minecraft:cobblestone_stairs":2,"minecraft:apple":1,"minecraft:stone_bricks":3,"minecraft:spruce_wood":3,"minecraft:iron_ingot":10,"minecraft:stone_pickaxe":16,"spore:mutated_fiber":269,"minecraft:iron_sword":12,"minecraft:acacia_sapling":8,"minecraft:book":24,"minecraft:quartz":8,"minecraft:dripstone_block":22,"minecraft:gravel":35,"minecraft:spruce_sapling":104,"minecraft:white_bed":11,"minecraft:spruce_log":475,"minecraft:spruce_door":10,"minecraft:spider_eye":6,"minecraft:leather_helmet":10,"minecraft:diamond_shovel":1,"biomesoplenty:bramble":130,"minecraft:stone_axe":19,"minecraft:iron_helmet":1,"minecraft:diamond_axe":1,"minecraft:baked_potato":25,"minecraft:brown_banner":2,"minecraft:acacia_slab":18,"minecraft:melon_seeds":21,"minecraft:smooth_quartz_slab":2,"minecraft:coal":422,"minecraft:ender_pearl":8}},"DataVersion":3120}