{"stats":{"minecraft:used":{"minecraft:beetroot":3,"fear_the_dark:leg_spike":6,"minecraft:chest":3,"minecraft:shield":64,"minecraft:iron_sword":220,"minecraft:rotten_flesh":28,"minecraft:iron_chestplate":2,"minecraft:carrot":42,"minecraft:acacia_button":1,"minecraft:acacia_sapling":6,"minecraft:tuff":2,"minecraft:bricks":2,"minecraft:grass_block":1,"minecraft:bow":12,"minecraft:hay_block":8,"minecraft:oak_sapling":1,"minecraft:furnace":6,"minecraft:acacia_fence":24,"minecraft:potato":240,"minecraft:diorite":1,"minecraft:leather_leggings":4,"minecraft:spruce_door":4,"minecraft:stone_pickaxe":841,"minecraft:oak_planks":31,"minecraft:blackstone":2,"minecraft:ender_pearl":2,"minecraft:wooden_pickaxe":69,"minecraft:white_wool":1,"minecraft:sand":120,"minecraft:dripstone_block":6,"minecraft:melon_slice":29,"minecraft:bread":35,"minecraft:polished_granite":2,"minecraft:chainmail_boots":1,"minecraft:andesite":14,"minecraft:coarse_dirt":16,"minecraft:bone_meal":40,"minecraft:golden_pickaxe":32,"minecraft:oak_fence":11,"adorn:acacia_chair":3,"minecraft:stone_sword":146,"minecraft:acacia_log":15,"minecraft:stone_shovel":69,"minecraft:spruce_planks":2,"minecraft:stone_hoe":37,"minecraft:netherrack":57,"minecraft:orange_bed":4,"minecraft:torch":70,"minecraft:dirt":227,"minecraft:chainmail_chestplate":2,"minecraft:golden_chestplate":1,"minecraft:granite":7,"minecraft:spruce_fence":24,"minecraft:spruce_button":2,"minecraft:acacia_slab":7,"minecraft:iron_boots":1,"minecraft:melon_seeds":4,"adorn:birch_bench":1,"minecraft:cooked_beef":10,"minecraft:cobbled_deepslate":12,"minecraft:acacia_planks":99,"minecraft:calcite":42,"minecraft:wheat_seeds":14,"minecraft:cooked_mutton":9,"minecraft:acacia_boat":4,"minecraft:water_bucket":8,"minecraft:cobblestone_stairs":10,"minecraft:baked_potato":18,"minecraft:spruce_fence_gate":3,"minecraft:cracked_stone_bricks":2,"minecraft:polished_blackstone_bricks":12,"minecraft:crafting_table":15,"minecraft:white_bed":11,"minecraft:spruce_log":28,"minecraft:wooden_hoe":96,"minecraft:diamond_pickaxe":24,"minecraft:apple":1,"minecraft:iron_pickaxe":213,"minecraft:leather_helmet":1,"minecraft:spruce_sapling":8,"minecraft:stone_axe":570,"minecraft:cobblestone":594,"minecraft:acacia_pressure_plate":2,"minecraft:cooked_porkchop":7,"minecraft:bucket":9},"minecraft:broken":{"minecraft:leather_leggings":1,"minecraft:stone_pickaxe":5,"minecraft:stone_axe":2,"minecraft:bow":1,"minecraft:stone_shovel":1,"minecraft:leather_helmet":1,"minecraft:stone_sword":2,"minecraft:golden_pickaxe":1,"minecraft:wooden_hoe":1},"minecraft:killed":{"minecraft:cave_spider":1,"minecraft:spider":3,"minecraft:skeleton":5,"majruszsdifficulty:creeperling":1,"minecraft:piglin_brute":1,"minecraft:piglin":2,"minecraft:pig":4,"spore:inf_player":11,"spore:inf_wanderer":1,"spore:inf_drowned":1,"minecraft:sheep":4,"spore:inf_villager":3,"minecraft:zombie":19,"spore:inf_human":6,"minecraft:stray":4,"minecraft:cow":3,"fear_the_dark:fever_dream":1,"minecraft:drowned":1,"spore:inf_pillager":1,"minecraft:enderman":4},"minecraft:mined":{"minecraft:spruce_planks":23,"minecraft:attached_melon_stem":2,"minecraft:white_bed":11,"minecraft:farmland":8,"minecraft:cobblestone_stairs":2,"cataclysm:stone_tiles":1,"minecraft:obsidian":15,"biomesoplenty:burning_blossom":15,"minecraft:granite":7,"biomesoplenty:bramble":137,"minecraft:acacia_log":117,"minecraft:grass_block":124,"minecraft:cracked_polished_blackstone_bricks":10,"minecraft:acacia_pressure_plate":2,"minecraft:polished_blackstone_bricks":12,"minecraft:mossy_cobblestone_stairs":1,"minecraft:iron_ore":39,"minecraft:fire":28,"biomesoplenty:lavender":1,"minecraft:deepslate_lapis_ore":6,"minecraft:pointed_dripstone":1,"minecraft:iron_bars":4,"minecraft:orange_bed":4,"adorn:birch_bench":1,"biomesoplenty:medium_rose_quartz_bud":1,"minecraft:blackstone":2,"minecraft:melon_stem":1,"spore:growths_big":1,"minecraft:torch":2,"minecraft:calcite":60,"minecraft:melon":10,"minecraft:white_stained_glass_pane":1,"minecraft:dead_bush":6,"minecraft:cobblestone":111,"minecraft:sugar_cane":24,"minecraft:oak_planks":5,"minecraft:bricks":1,"minecraft:wall_torch":4,"biomesoplenty:goldenrod":1,"minecraft:wheat":15,"biomesoplenty:large_rose_quartz_bud":1,"minecraft:yellow_stained_glass_pane":1,"minecraft:grass":159,"minecraft:oak_log":38,"minecraft:beetroots":3,"minecraft:acacia_fence":7,"minecraft:sand":103,"minecraft:dirt":94,"minecraft:netherrack":56,"minecraft:oak_leaves":43,"minecraft:deepslate":5,"spore:remains":1,"minecraft:nether_gold_ore":1,"minecraft:tuff":1,"minecraft:mossy_cobblestone":1,"biomesoplenty:desert_grass":23,"minecraft:dark_oak_log":37,"gravestone:gravestone":6,"minecraft:ladder":1,"biomesoplenty:bush":5,"minecraft:spruce_fence":10,"adorn:acacia_chair":3,"minecraft:spruce_leaves":36,"minecraft:acacia_slab":4,"biomesoplenty:dead_grass":4,"spore:growths_small":1,"minecraft:sandstone":6,"minecraft:hay_block":41,"minecraft:spruce_sapling":1,"minecraft:furnace":2,"minecraft:carrots":19,"minecraft:acacia_stairs":3,"minecraft:andesite":31,"minecraft:bookshelf":8,"minecraft:potatoes":154,"minecraft:deepslate_iron_ore":6,"minecraft:vine":3,"minecraft:stone":684,"biomesoplenty:rose_quartz_cluster":2,"minecraft:white_wool":1,"minecraft:acacia_leaves":56,"minecraft:spruce_door":4,"minecraft:oak_fence":2,"minecraft:crafting_table":9,"biomesoplenty:small_rose_quartz_bud":1,"minecraft:spruce_button":2,"biomesoplenty:sprout":11,"minecraft:lapis_ore":5,"minecraft:diorite":4,"minecraft:coarse_dirt":27,"minecraft:spruce_log":210,"minecraft:coal_ore":77,"minecraft:dripstone_block":4,"minecraft:cracked_stone_bricks":1,"minecraft:acacia_planks":24},"minecraft:killed_by":{"midnightlurker:midnight_lurker_backturned":1,"minecraft:creeper":2,"spore:inf_human":9,"the_impersonator:the_impersonator":1,"steve_dweller:steve_dweller":1,"spore:inf_pillager":3,"fear_the_dark:fever_dream":4,"midnightlurker:void_hands":2,"spore:inf_player":13,"mimic_dweller:mimic_dweller":1,"spore:inf_villager":8,"minecraft:zombie":1,"minecraft:player":2,"spore:busser":1,"minecraft:skeleton":1,"spore:stalker":3,"cave_dweller:cave_dweller":2},"minecraft:crafted":{"minecraft:oak_planks":144,"minecraft:stone":2,"minecraft:cobblestone_stairs":8,"minecraft:cooked_mutton":11,"minecraft:glass":40,"minecraft:chest":3,"minecraft:acacia_fence":18,"minecraft:stone_hoe":2,"minecraft:oak_fence":9,"minecraft:cooked_porkchop":10,"minecraft:crafting_table":8,"minecraft:spruce_planks":64,"minecraft:acacia_slab":6,"minecraft:wooden_pickaxe":3,"minecraft:baked_potato":8,"minecraft:spruce_door":3,"minecraft:golden_pickaxe":2,"minecraft:acacia_button":1,"minecraft:wooden_hoe":1,"minecraft:shield":4,"minecraft:stick":108,"minecraft:iron_ingot":16,"minecraft:iron_pickaxe":2,"minecraft:stone_sword":5,"minecraft:gold_ingot":9,"minecraft:spruce_fence_gate":3,"minecraft:furnace":4,"minecraft:bone_meal":36,"minecraft:spruce_fence":24,"minecraft:stone_pickaxe":6,"minecraft:golden_helmet":1,"minecraft:iron_sword":2,"minecraft:bucket":1,"minecraft:stone_axe":5,"minecraft:acacia_boat":2,"minecraft:air":0,"minecraft:white_bed":1,"minecraft:acacia_planks":232,"minecraft:torch":56},"minecraft:dropped":{"minecraft:iron_sword":2,"spore:spine_fragment":3,"minecraft:diamond_axe":1,"minecraft:crafting_table":2,"majruszsdifficulty:tattered_helmet":1,"minecraft:cracked_stone_bricks":1,"minecraft:leather_helmet":2,"minecraft:flint":2,"minecraft:spruce_leaves":2,"minecraft:dirt":52,"minecraft:dark_oak_log":24,"usefulbackpacks:backpack_small":2,"gravestone:obituary":11,"minecraft:gold_nugget":6,"fear_the_dark:leg_spike":2,"minecraft:sand":3,"minecraft:iron_pickaxe":1,"minecraft:acacia_door":4,"minecraft:dark_oak_planks":14,"minecraft:bone":2,"minecraft:stone_axe":2,"minecraft:golden_chestplate":3,"minecraft:wheat":8,"minecraft:obsidian":28,"minecraft:pointed_dripstone":10,"minecraft:rotten_flesh":3,"minecraft:chainmail_chestplate":2,"cataclysm:stone_tile_stairs":7,"minecraft:leather_chestplate":2,"minecraft:beetroot_seeds":5,"minecraft:melon_seeds":1,"minecraft:chainmail_boots":2,"minecraft:leather_leggings":1,"minecraft:spruce_slab":4,"minecraft:beef":3,"minecraft:golden_boots":1,"minecraft:water_bucket":1,"minecraft:stone_hoe":1,"minecraft:iron_ingot":4,"minecraft:bread":13,"minecraft:wheat_seeds":2,"minecraft:dripstone_block":6,"minecraft:poisonous_potato":2,"biomesoplenty:lavender":6,"minecraft:cobblestone":64,"minecraft:spectral_arrow":3,"minecraft:spruce_button":1,"minecraft:spruce_door":3,"spore:mutated_heart":6,"minecraft:string":3,"minecraft:acacia_planks":105,"minecraft:furnace":1,"minecraft:stone_sword":3,"minecraft:cobblestone_wall":2,"minecraft:raw_copper":13,"minecraft:tuff":1,"minecraft:raw_iron":1,"spore:mutated_fiber":27,"minecraft:spruce_fence":16,"minecraft:shears":1,"minecraft:filled_map":1,"minecraft:stone":1,"minecraft:shield":4,"minecraft:spruce_planks":27,"minecraft:iron_chestplate":1,"minecraft:diamond_pickaxe":1,"minecraft:andesite":2,"minecraft:mossy_stone_bricks":2,"minecraft:golden_leggings":1,"minecraft:oak_sapling":1,"minecraft:spider_eye":3,"minecraft:stone_bricks":1,"minecraft:spruce_log":206,"minecraft:sandstone":13,"minecraft:stone_pickaxe":2,"minecraft:wooden_pickaxe":2,"minecraft:raw_gold":1,"minecraft:bell":1,"minecraft:calcite":9},"minecraft:custom":{"minecraft:interact_with_crafting_table":62,"minecraft:leave_game":10,"minecraft:time_since_death":92279,"minecraft:sprint_one_cm":1105985,"minecraft:damage_blocked_by_shield":4731,"minecraft:drop":149,"minecraft:talked_to_villager":1,"minecraft:play_time":609189,"minecraft:deaths":61,"minecraft:jump":6417,"minecraft:walk_on_water_one_cm":108436,"minecraft:interact_with_furnace":74,"minecraft:sleep_in_bed":32,"minecraft:damage_dealt":15525,"minecraft:player_kills":2,"minecraft:crouch_one_cm":65320,"minecraft:interact_with_smoker":1,"minecraft:mob_kills":72,"minecraft:climb_one_cm":2750,"adorn:sit_on_chair":5,"minecraft:walk_one_cm":2330988,"minecraft:sneak_time":22604,"minecraft:walk_under_water_one_cm":133654,"minecraft:boat_one_cm":171753,"minecraft:total_world_time":609189,"minecraft:time_since_rest":4574,"minecraft:damage_taken":21570,"minecraft:trigger_trapped_chest":17,"minecraft:swim_one_cm":251709,"minecraft:fly_one_cm":903097,"minecraft:open_chest":179,"minecraft:fall_one_cm":147887},"minecraft:picked_up":{"minecraft:iron_chestplate":6,"spore:mutated_heart":23,"biomesoplenty:burning_blossom":15,"minecraft:wheat":30,"minecraft:chainmail_boots":1,"minecraft:acacia_pressure_plate":2,"minecraft:potion":1,"minecraft:gilded_blackstone":2,"minecraft:string":11,"minecraft:raw_copper":13,"minecraft:beetroot":3,"minecraft:cobbled_deepslate":155,"minecraft:gold_nugget":10,"minecraft:spruce_planks":40,"minecraft:calcite":80,"minecraft:wooden_shovel":1,"minecraft:iron_pickaxe":11,"minecraft:melon_slice":69,"minecraft:furnace":11,"minecraft:iron_boots":4,"minecraft:tipped_arrow":1,"adorn:guide_book":1,"minecraft:stick":85,"minecraft:acacia_fence":16,"minecraft:oak_fence":2,"minecraft:torch":26,"minecraft:acacia_log":165,"minecraft:porkchop":21,"minecraft:pointed_dripstone":14,"minecraft:diorite":5,"minecraft:golden_chestplate":4,"minecraft:orange_bed":7,"minecraft:stone_sword":7,"minecraft:rotten_flesh":32,"minecraft:obsidian":54,"minecraft:iron_bars":3,"minecraft:cod":3,"minecraft:cobblestone":1158,"biomesoplenty:lavender":8,"minecraft:leather_chestplate":3,"minecraft:cooked_beef":72,"minecraft:water_bucket":5,"minecraft:andesite":97,"minecraft:brown_wool":1,"minecraft:golden_leggings":2,"minecraft:potato":638,"minecraft:tuff":5,"minecraft:acacia_boat":2,"minecraft:lapis_lazuli":356,"minecraft:dirt":413,"minecraft:bone":126,"minecraft:acacia_planks":960,"minecraft:stonecutter":1,"minecraft:bow":1,"minecraft:wheat_seeds":107,"minecraft:raw_gold":2,"minecraft:bell":1,"minecraft:mossy_stone_bricks":3,"minecraft:stone_hoe":4,"minecraft:oak_planks":62,"minecraft:ghast_tear":2,"spore:cerebrum":7,"minecraft:cooked_porkchop":2,"minecraft:poisonous_potato":2,"minecraft:sand":406,"minecraft:grass_block":2,"minecraft:acacia_stairs":6,"minecraft:spectral_arrow":3,"minecraft:dark_oak_log":61,"minecraft:mossy_cobblestone":3,"minecraft:diamond":4,"minecraft:cracked_polished_blackstone_bricks":50,"minecraft:granite":15,"minecraft:golden_apple":1,"minecraft:spruce_button":3,"minecraft:emerald":3,"minecraft:bread":117,"spore:spine_fragment":7,"minecraft:oak_sapling":2,"minecraft:netherrack":57,"minecraft:bricks":7,"minecraft:diamond_pickaxe":3,"minecraft:crafting_table":23,"minecraft:spruce_leaves":2,"minecraft:coarse_dirt":58,"cataclysm:stone_tile_stairs":7,"minecraft:golden_pickaxe":1,"minecraft:leather_leggings":16,"minecraft:wooden_pickaxe":5,"minecraft:gold_block":6,"gravestone:obituary":14,"minecraft:shield":12,"biomesoplenty:rose_quartz_shard":8,"adorn:birch_bench":1,"minecraft:acacia_door":4,"fear_the_dark:leg_spike":3,"minecraft:iron_shovel":1,"minecraft:blackstone":3,"adorn:acacia_chair":3,"minecraft:cracked_stone_bricks":4,"usefulbackpacks:backpack_small":7,"minecraft:beef":45,"minecraft:light_gray_wool":1,"minecraft:spruce_slab":4,"minecraft:sugar_cane":105,"minecraft:raw_iron":117,"minecraft:sandstone":39,"minecraft:stone":3,"minecraft:spruce_fence":26,"minecraft:polished_blackstone_bricks":76,"minecraft:carrot":35,"minecraft:dark_oak_planks":14,"minecraft:stone_shovel":4,"minecraft:arrow":71,"minecraft:beetroot_seeds":13,"minecraft:shears":1,"minecraft:hay_block":268,"minecraft:gold_ingot":12,"minecraft:brick_stairs":1,"minecraft:mutton":11,"minecraft:white_wool":9,"minecraft:leather":90,"majruszsdifficulty:tattered_helmet":1,"minecraft:oak_log":60,"minecraft:chainmail_chestplate":2,"minecraft:golden_boots":2,"minecraft:cobblestone_wall":2,"minecraft:gunpowder":1,"minecraft:cobblestone_stairs":2,"minecraft:apple":1,"minecraft:stone_bricks":1,"minecraft:iron_ingot":9,"minecraft:stone_pickaxe":15,"spore:mutated_fiber":204,"minecraft:iron_sword":11,"minecraft:acacia_sapling":8,"minecraft:book":24,"minecraft:quartz":8,"minecraft:dripstone_block":22,"minecraft:spruce_sapling":38,"minecraft:white_bed":11,"minecraft:spruce_log":250,"minecraft:spruce_door":10,"minecraft:spider_eye":5,"minecraft:leather_helmet":10,"biomesoplenty:bramble":130,"minecraft:stone_axe":19,"minecraft:diamond_axe":1,"minecraft:baked_potato":25,"minecraft:acacia_slab":18,"minecraft:melon_seeds":21,"minecraft:smooth_quartz_slab":2,"minecraft:coal":233,"minecraft:ender_pearl":6}},"DataVersion":3120}