{"stats":{"minecraft:mined":{"minecraft:spruce_planks":25,"minecraft:attached_melon_stem":2,"minecraft:white_bed":11,"minecraft:farmland":9,"minecraft:cobblestone_stairs":2,"cataclysm:stone_tiles":1,"minecraft:obsidian":15,"biomesoplenty:burning_blossom":15,"minecraft:granite":9,"biomesoplenty:bramble":137,"minecraft:acacia_log":117,"minecraft:grass_block":1673,"minecraft:cracked_polished_blackstone_bricks":10,"minecraft:oak_pressure_plate":2,"minecraft:deepslate_bricks":3,"minecraft:acacia_pressure_plate":2,"minecraft:polished_blackstone_bricks":12,"minecraft:mossy_cobblestone_stairs":1,"minecraft:iron_ore":110,"minecraft:fire":54,"biomesoplenty:lavender":1,"minecraft:deepslate_lapis_ore":6,"minecraft:pointed_dripstone":1,"minecraft:dirt_path":4,"minecraft:iron_bars":4,"minecraft:orange_bed":4,"adorn:birch_bench":1,"biomesoplenty:medium_rose_quartz_bud":1,"minecraft:blackstone":2,"minecraft:melon_stem":1,"biomesoplenty:wildflower":6,"minecraft:torch":13,"spore:growths_big":8,"minecraft:calcite":60,"minecraft:melon":10,"minecraft:white_stained_glass_pane":1,"minecraft:dead_bush":6,"minecraft:cobblestone":159,"minecraft:oak_planks":6,"minecraft:sugar_cane":48,"minecraft:bricks":1,"minecraft:wall_torch":5,"biomesoplenty:goldenrod":1,"minecraft:wheat":15,"biomesoplenty:large_rose_quartz_bud":1,"minecraft:yellow_stained_glass_pane":1,"minecraft:grass":235,"minecraft:oak_log":38,"minecraft:beetroots":3,"minecraft:acacia_fence":7,"minecraft:sand":127,"minecraft:dirt":2369,"minecraft:netherrack":60,"spore:remains":9,"minecraft:oak_leaves":43,"minecraft:deepslate":5,"minecraft:nether_gold_ore":1,"minecraft:tuff":1,"minecraft:mossy_cobblestone":1,"biomesoplenty:desert_grass":163,"minecraft:dark_oak_log":37,"gravestone:gravestone":53,"minecraft:ladder":1,"biomesoplenty:bush":5,"minecraft:spruce_fence":15,"adorn:acacia_chair":3,"minecraft:spruce_leaves":36,"minecraft:acacia_slab":4,"biomesoplenty:dead_grass":4,"spore:growths_small":7,"minecraft:sandstone":6,"minecraft:hay_block":41,"minecraft:spruce_sapling":2,"minecraft:furnace":2,"minecraft:carrots":101,"minecraft:acacia_stairs":3,"minecraft:andesite":32,"minecraft:bookshelf":8,"minecraft:potatoes":277,"minecraft:deepslate_iron_ore":6,"minecraft:vine":3,"minecraft:stone":1187,"biomesoplenty:rose_quartz_cluster":2,"minecraft:white_wool":1,"minecraft:podzol":113,"minecraft:acacia_leaves":56,"minecraft:spruce_door":4,"minecraft:oak_fence":2,"minecraft:crafting_table":10,"biomesoplenty:small_rose_quartz_bud":1,"minecraft:spruce_button":2,"minecraft:lapis_ore":5,"biomesoplenty:sprout":11,"minecraft:diorite":7,"minecraft:coarse_dirt":27,"minecraft:spruce_log":431,"minecraft:coal_ore":225,"minecraft:gravel":48,"minecraft:dripstone_block":4,"minecraft:cracked_stone_bricks":1,"minecraft:acacia_planks":24},"minecraft:broken":{"minecraft:golden_helmet":1,"minecraft:iron_shovel":1,"minecraft:golden_boots":1,"minecraft:wooden_shovel":2,"minecraft:leather_leggings":1,"minecraft:iron_boots":1,"minecraft:iron_chestplate":1,"minecraft:stone_pickaxe":8,"minecraft:stone_axe":2,"minecraft:iron_sword":1,"minecraft:bow":1,"minecraft:stone_shovel":27,"minecraft:golden_chestplate":1,"minecraft:leather_helmet":1,"minecraft:chainmail_leggings":1,"minecraft:stone_sword":2,"minecraft:shield":2,"minecraft:iron_pickaxe":2,"minecraft:iron_helmet":1,"minecraft:golden_pickaxe":1,"minecraft:wooden_hoe":1},"minecraft:custom":{"minecraft:interact_with_crafting_table":101,"minecraft:leave_game":12,"minecraft:time_since_death":37399,"minecraft:sprint_one_cm":1849525,"minecraft:damage_blocked_by_shield":10970,"minecraft:drop":276,"minecraft:talked_to_villager":2,"minecraft:play_time":1044376,"minecraft:deaths":116,"minecraft:jump":10535,"minecraft:walk_on_water_one_cm":131085,"minecraft:interact_with_furnace":154,"minecraft:sleep_in_bed":33,"minecraft:damage_dealt":27334,"minecraft:player_kills":4,"minecraft:crouch_one_cm":160969,"minecraft:interact_with_smoker":1,"minecraft:mob_kills":126,"minecraft:damage_dealt_resisted":91,"minecraft:climb_one_cm":110893,"adorn:sit_on_chair":5,"minecraft:walk_one_cm":3975614,"minecraft:sneak_time":54876,"minecraft:walk_under_water_one_cm":138356,"minecraft:boat_one_cm":171753,"minecraft:total_world_time":1044376,"minecraft:time_since_rest":37565,"minecraft:damage_taken":41020,"minecraft:trigger_trapped_chest":17,"minecraft:swim_one_cm":257910,"minecraft:fly_one_cm":1659203,"minecraft:open_chest":276,"minecraft:fall_one_cm":241268},"minecraft:crafted":{"minecraft:oak_planks":144,"minecraft:cobblestone_stairs":8,"minecraft:stone":2,"minecraft:cooked_mutton":16,"minecraft:glass":40,"minecraft:iron_boots":2,"minecraft:chest":3,"minecraft:acacia_fence":18,"minecraft:stone_hoe":4,"minecraft:oak_fence":9,"minecraft:wooden_shovel":2,"minecraft:cooked_porkchop":10,"minecraft:crafting_table":10,"minecraft:spruce_planks":168,"minecraft:acacia_slab":6,"minecraft:iron_helmet":2,"minecraft:wooden_pickaxe":3,"minecraft:baked_potato":158,"minecraft:spruce_door":3,"minecraft:golden_pickaxe":2,"minecraft:acacia_button":1,"minecraft:spruce_trapdoor":36,"minecraft:iron_chestplate":1,"minecraft:wooden_hoe":1,"minecraft:shield":6,"minecraft:stick":188,"minecraft:iron_ingot":72,"minecraft:iron_pickaxe":4,"minecraft:stone_sword":6,"minecraft:gold_ingot":9,"minecraft:spruce_fence_gate":3,"minecraft:stone_shovel":27,"minecraft:furnace":4,"minecraft:bone_meal":102,"minecraft:spruce_fence":30,"minecraft:iron_axe":1,"minecraft:stone_pickaxe":9,"minecraft:golden_helmet":1,"minecraft:iron_sword":3,"minecraft:bucket":1,"minecraft:stone_axe":5,"minecraft:acacia_boat":2,"minecraft:air":0,"minecraft:iron_shovel":1,"minecraft:iron_leggings":1,"minecraft:white_bed":1,"minecraft:acacia_planks":232,"minecraft:torch":212},"minecraft:picked_up":{"minecraft:iron_chestplate":6,"spore:mutated_heart":26,"biomesoplenty:burning_blossom":15,"minecraft:wheat":30,"minecraft:chainmail_boots":1,"minecraft:acacia_pressure_plate":2,"minecraft:potion":1,"minecraft:gilded_blackstone":2,"minecraft:string":13,"minecraft:raw_copper":23,"minecraft:beetroot":3,"minecraft:gold_nugget":10,"minecraft:cobbled_deepslate":155,"minecraft:spruce_planks":100,"minecraft:calcite":80,"minecraft:wooden_shovel":1,"minecraft:iron_pickaxe":12,"minecraft:melon_slice":69,"minecraft:iron_boots":5,"minecraft:furnace":11,"minecraft:tipped_arrow":1,"adorn:guide_book":1,"minecraft:stick":114,"minecraft:acacia_fence":16,"minecraft:oak_fence":2,"minecraft:torch":61,"minecraft:acacia_log":165,"minecraft:porkchop":21,"minecraft:pointed_dripstone":14,"minecraft:diorite":12,"minecraft:golden_chestplate":5,"minecraft:orange_bed":7,"minecraft:stone_sword":8,"minecraft:rotten_flesh":53,"minecraft:obsidian":54,"minecraft:iron_bars":3,"minecraft:cod":3,"minecraft:cobblestone":1865,"biomesoplenty:lavender":8,"minecraft:leather_chestplate":3,"minecraft:cooked_beef":72,"minecraft:water_bucket":7,"minecraft:andesite":98,"minecraft:brown_wool":1,"minecraft:golden_leggings":2,"minecraft:potato":1029,"minecraft:flint":9,"minecraft:tuff":5,"minecraft:acacia_boat":2,"minecraft:lapis_lazuli":356,"minecraft:dirt":4296,"minecraft:bone":216,"minecraft:acacia_planks":960,"minecraft:bow":1,"minecraft:stonecutter":1,"minecraft:wheat_seeds":130,"minecraft:raw_gold":2,"minecraft:bell":1,"minecraft:mossy_stone_bricks":3,"minecraft:stone_hoe":4,"minecraft:oak_planks":62,"minecraft:ghast_tear":2,"spore:cerebrum":12,"minecraft:cooked_porkchop":2,"minecraft:oak_pressure_plate":2,"minecraft:poisonous_potato":4,"minecraft:sand":435,"minecraft:grass_block":2,"minecraft:acacia_stairs":6,"minecraft:spectral_arrow":3,"minecraft:dark_oak_log":61,"minecraft:mossy_cobblestone":3,"minecraft:diamond":4,"minecraft:cracked_polished_blackstone_bricks":50,"minecraft:crossbow":2,"minecraft:granite":21,"minecraft:golden_apple":1,"minecraft:spruce_button":3,"minecraft:emerald":3,"minecraft:bread":117,"spore:spine_fragment":12,"minecraft:oak_sapling":2,"minecraft:netherrack":61,"minecraft:bricks":7,"minecraft:diamond_pickaxe":3,"minecraft:coarse_dirt":58,"minecraft:spruce_leaves":2,"minecraft:crafting_table":25,"cataclysm:stone_tile_stairs":7,"minecraft:golden_pickaxe":1,"minecraft:leather_leggings":16,"minecraft:wooden_pickaxe":5,"minecraft:gold_block":6,"gravestone:obituary":59,"minecraft:shield":13,"biomesoplenty:rose_quartz_shard":8,"adorn:birch_bench":1,"minecraft:acacia_door":4,"minecraft:iron_axe":1,"fear_the_dark:leg_spike":3,"minecraft:iron_shovel":1,"minecraft:blackstone":3,"minecraft:cracked_stone_bricks":4,"adorn:acacia_chair":3,"usefulbackpacks:backpack_small":7,"minecraft:beef":45,"minecraft:oak_boat":2,"minecraft:light_gray_wool":1,"minecraft:spruce_slab":5,"biomesoplenty:wildflower":28,"minecraft:sugar_cane":139,"minecraft:spruce_trapdoor":36,"minecraft:raw_iron":188,"minecraft:sandstone":39,"minecraft:stone":3,"minecraft:spruce_fence":32,"minecraft:polished_blackstone_bricks":76,"minecraft:carrot":344,"minecraft:dark_oak_planks":14,"minecraft:arrow":82,"minecraft:stone_shovel":8,"minecraft:beetroot_seeds":13,"minecraft:shears":1,"minecraft:deepslate_bricks":133,"minecraft:hay_block":268,"minecraft:gold_ingot":12,"minecraft:brick_stairs":1,"minecraft:mutton":11,"minecraft:white_wool":9,"minecraft:glow_ink_sac":3,"minecraft:leather":90,"majruszsdifficulty:tattered_helmet":1,"minecraft:oak_log":60,"minecraft:chainmail_chestplate":2,"minecraft:golden_boots":2,"minecraft:cobblestone_wall":2,"minecraft:gunpowder":1,"minecraft:cobblestone_stairs":2,"minecraft:apple":1,"minecraft:stone_bricks":3,"minecraft:spruce_wood":3,"minecraft:iron_ingot":9,"minecraft:stone_pickaxe":15,"spore:mutated_fiber":263,"minecraft:iron_sword":12,"minecraft:acacia_sapling":8,"minecraft:book":24,"minecraft:quartz":8,"minecraft:dripstone_block":22,"minecraft:gravel":34,"minecraft:spruce_sapling":104,"minecraft:white_bed":11,"minecraft:spruce_log":474,"minecraft:spruce_door":10,"minecraft:spider_eye":5,"minecraft:leather_helmet":10,"biomesoplenty:bramble":130,"minecraft:stone_axe":19,"minecraft:diamond_axe":1,"minecraft:baked_potato":25,"minecraft:brown_banner":2,"minecraft:acacia_slab":18,"minecraft:melon_seeds":21,"minecraft:smooth_quartz_slab":2,"minecraft:coal":418,"minecraft:ender_pearl":6},"minecraft:killed":{"minecraft:cave_spider":1,"minecraft:spider":5,"minecraft:skeleton":8,"majruszsdifficulty:creeperling":1,"minecraft:piglin_brute":1,"minecraft:piglin":2,"minecraft:pig":4,"spore:inf_player":18,"spore:inf_wanderer":1,"spore:inf_drowned":2,"minecraft:sheep":4,"spore:inf_villager":10,"spore:inf_human":19,"minecraft:zombie":34,"minecraft:stray":4,"minecraft:cow":3,"fear_the_dark:fever_dream":1,"minecraft:drowned":1,"spore:inf_pillager":12,"minecraft:enderman":4},"minecraft:dropped":{"minecraft:iron_sword":2,"spore:spine_fragment":3,"minecraft:diamond_axe":1,"minecraft:glow_ink_sac":3,"minecraft:baked_potato":43,"minecraft:crafting_table":2,"majruszsdifficulty:tattered_helmet":1,"minecraft:cracked_stone_bricks":1,"minecraft:leather_helmet":2,"minecraft:flint":10,"minecraft:spruce_leaves":2,"minecraft:dirt":332,"minecraft:dark_oak_log":24,"usefulbackpacks:backpack_small":2,"gravestone:obituary":93,"minecraft:gold_nugget":6,"fear_the_dark:leg_spike":2,"minecraft:sand":25,"minecraft:iron_pickaxe":1,"minecraft:acacia_door":4,"minecraft:dark_oak_planks":14,"minecraft:bone":2,"minecraft:gravel":3,"minecraft:stone_axe":3,"minecraft:golden_chestplate":3,"minecraft:wheat":8,"minecraft:obsidian":28,"minecraft:pointed_dripstone":10,"minecraft:rotten_flesh":5,"minecraft:oak_planks":22,"minecraft:cooked_mutton":7,"minecraft:chainmail_chestplate":2,"cataclysm:stone_tile_stairs":7,"minecraft:leather_chestplate":2,"minecraft:beetroot_seeds":5,"minecraft:melon_seeds":1,"biomesoplenty:wildflower":4,"minecraft:chainmail_boots":2,"minecraft:leather_leggings":1,"minecraft:spruce_slab":5,"minecraft:arrow":11,"minecraft:beef":3,"minecraft:water_bucket":2,"minecraft:stone_hoe":1,"minecraft:golden_boots":1,"minecraft:iron_ingot":4,"minecraft:bread":13,"minecraft:wheat_seeds":7,"minecraft:dripstone_block":6,"minecraft:poisonous_potato":3,"biomesoplenty:lavender":6,"minecraft:cobblestone":84,"minecraft:spectral_arrow":3,"minecraft:spruce_button":1,"minecraft:spruce_door":3,"spore:mutated_heart":6,"minecraft:string":3,"minecraft:acacia_planks":105,"minecraft:furnace":1,"minecraft:stone_sword":4,"minecraft:cobblestone_wall":2,"minecraft:raw_copper":23,"minecraft:tuff":1,"minecraft:raw_iron":1,"minecraft:stone_shovel":1,"spore:mutated_fiber":28,"minecraft:spruce_fence":16,"minecraft:shears":1,"minecraft:filled_map":1,"minecraft:stone":1,"minecraft:shield":5,"minecraft:spruce_trapdoor":72,"minecraft:spruce_planks":27,"minecraft:diamond_pickaxe":1,"minecraft:iron_chestplate":1,"minecraft:andesite":2,"minecraft:mossy_stone_bricks":2,"minecraft:oak_boat":1,"minecraft:golden_leggings":1,"minecraft:oak_sapling":1,"minecraft:spider_eye":3,"minecraft:stone_bricks":1,"minecraft:spruce_log":372,"minecraft:sandstone":13,"minecraft:bow":1,"minecraft:stone_pickaxe":2,"minecraft:wooden_pickaxe":2,"minecraft:raw_gold":1,"minecraft:bell":1,"minecraft:calcite":9},"minecraft:used":{"minecraft:beetroot":3,"fear_the_dark:leg_spike":6,"minecraft:iron_shovel":253,"minecraft:chest":3,"minecraft:shield":157,"minecraft:iron_sword":495,"minecraft:rotten_flesh":28,"minecraft:iron_chestplate":2,"minecraft:carrot":273,"minecraft:acacia_button":1,"minecraft:acacia_sapling":6,"minecraft:tuff":2,"minecraft:bricks":2,"minecraft:grass_block":1,"minecraft:bow":23,"minecraft:hay_block":8,"minecraft:oak_sapling":1,"minecraft:furnace":6,"minecraft:acacia_fence":24,"minecraft:potato":415,"minecraft:diorite":1,"minecraft:leather_leggings":4,"minecraft:spruce_door":4,"minecraft:stone_pickaxe":1133,"minecraft:oak_planks":31,"minecraft:blackstone":2,"minecraft:ender_pearl":2,"minecraft:wooden_pickaxe":69,"minecraft:sugar_cane":6,"minecraft:white_wool":1,"minecraft:sand":122,"minecraft:crossbow":10,"minecraft:dripstone_block":6,"minecraft:melon_slice":29,"minecraft:bread":35,"minecraft:polished_granite":2,"minecraft:oak_pressure_plate":1,"minecraft:gravel":30,"minecraft:chainmail_boots":1,"minecraft:andesite":14,"minecraft:oak_boat":1,"minecraft:coarse_dirt":16,"minecraft:bone_meal":87,"minecraft:golden_pickaxe":32,"minecraft:oak_fence":11,"minecraft:stone_sword":147,"adorn:acacia_chair":3,"minecraft:acacia_log":15,"minecraft:stone_shovel":3642,"minecraft:spruce_planks":4,"minecraft:wooden_shovel":119,"minecraft:stone_hoe":108,"minecraft:netherrack":61,"minecraft:orange_bed":4,"minecraft:torch":253,"minecraft:dirt":2108,"minecraft:chainmail_chestplate":2,"minecraft:golden_chestplate":1,"minecraft:granite":7,"minecraft:spruce_fence":28,"minecraft:iron_axe":220,"minecraft:spruce_button":2,"minecraft:acacia_slab":7,"minecraft:iron_boots":1,"minecraft:melon_seeds":4,"adorn:birch_bench":1,"minecraft:cooked_beef":10,"minecraft:cobbled_deepslate":12,"minecraft:acacia_planks":99,"minecraft:calcite":42,"minecraft:wheat_seeds":14,"minecraft:cooked_mutton":9,"minecraft:acacia_boat":4,"minecraft:water_bucket":30,"minecraft:cobblestone_stairs":10,"minecraft:baked_potato":69,"minecraft:spruce_fence_gate":3,"minecraft:deepslate_bricks":131,"minecraft:cracked_stone_bricks":2,"minecraft:polished_blackstone_bricks":12,"minecraft:crafting_table":20,"minecraft:white_bed":11,"minecraft:spruce_log":36,"minecraft:wooden_hoe":96,"minecraft:diamond_pickaxe":24,"minecraft:apple":1,"minecraft:iron_pickaxe":714,"minecraft:leather_helmet":1,"minecraft:spruce_sapling":26,"minecraft:stone_axe":587,"minecraft:cobblestone":784,"minecraft:acacia_pressure_plate":2,"minecraft:cooked_porkchop":12,"minecraft:bucket":31},"minecraft:killed_by":{"midnightlurker:midnight_lurker_aggressive":4,"midnightlurker:midnight_lurker_backturned":1,"minecraft:creeper":3,"spore:knight":3,"spore:inf_human":12,"the_impersonator:the_impersonator":4,"steve_dweller:steve_dweller":1,"spore:inf_pillager":6,"fear_the_dark:fever_dream":11,"midnightlurker:void_hands":2,"spore:inf_player":18,"mimic_dweller:mimic_dweller":2,"spore:inf_villager":16,"minecraft:zombie":3,"minecraft:player":3,"spore:busser":2,"mutantmonsters:mutant_skeleton":3,"minecraft:skeleton":1,"spore:stalker":3,"cave_dweller:cave_dweller":2,"midnightlurker:midnight_lurker_unprovoked":3}},"DataVersion":3120}