{"stats":{"minecraft:killed":{"minecraft:pig":2,"minecraft:skeleton":2,"minecraft:sheep":1,"minecraft:stray":1},"minecraft:killed_by":{"midnightlurker:void_hands":1,"mimic_dweller:mimic_dweller":1,"minecraft:player":1,"spore:inf_villager":1,"mutantmonsters:mutant_skeleton":2,"minecraft:creeper":1,"minecraft:zombie":1,"spore:inf_human":2,"the_impersonator:the_impersonator":1},"minecraft:broken":{"minecraft:chainmail_chestplate":1,"minecraft:stone_sword":1},"minecraft:dropped":{"minecraft:porkchop":2,"minecraft:mossy_cobblestone":2,"minecraft:poisonous_potato":2,"minecraft:oak_planks":20,"minecraft:chiseled_stone_bricks":2,"minecraft:mossy_stone_bricks":6,"minecraft:stone_bricks":2,"minecraft:string":1},"minecraft:used":{"minecraft:moss_block":1,"minecraft:stone_sword":28,"minecraft:spruce_door":1,"minecraft:stone_pickaxe":32,"minecraft:oak_planks":49,"minecraft:ender_pearl":1,"minecraft:shield":1,"minecraft:chest":4,"minecraft:wooden_pickaxe":27,"minecraft:leather_boots":1,"minecraft:rotten_flesh":2,"minecraft:dirt":27,"minecraft:crafting_table":4,"minecraft:carrot":7,"minecraft:granite":7,"biomesoplenty:cherry_planks":103,"minecraft:bread":1,"minecraft:iron_pickaxe":19,"minecraft:stone_axe":121,"minecraft:wooden_sword":4,"minecraft:cobblestone":11,"minecraft:cooked_beef":2},"minecraft:picked_up":{"minecraft:wooden_axe":1,"minecraft:birch_log":16,"minecraft:crafting_table":2,"minecraft:leather_chestplate":1,"minecraft:chicken":1,"minecraft:cooked_beef":2,"minecraft:lilac":3,"minecraft:chainmail_boots":1,"minecraft:clay_ball":3,"minecraft:leather_leggings":1,"minecraft:chainmail_chestplate":1,"minecraft:oak_log":53,"minecraft:shield":2,"minecraft:string":7,"minecraft:dirt":60,"minecraft:leather_boots":2,"minecraft:bone":9,"minecraft:beetroot":2,"minecraft:stone_bricks":2,"minecraft:cracked_stone_bricks":3,"minecraft:wheat_seeds":1,"minecraft:mossy_stone_bricks":6,"biomesoplenty:cherry_planks":10,"minecraft:sugar_cane":20,"minecraft:chest":1,"minecraft:birch_sapling":1,"minecraft:oak_planks":6,"biomesoplenty:cherry_log":48,"minecraft:raw_iron":4,"minecraft:stick":8,"minecraft:chiseled_stone_bricks":3,"minecraft:porkchop":9,"minecraft:sand":36,"biomesoplenty:white_cherry_sapling":1,"minecraft:white_bed":1,"minecraft:carrot":4,"minecraft:spider_eye":2,"minecraft:mossy_cobblestone":2,"minecraft:stone_sword":1,"biomesoplenty:maple_sapling":1,"minecraft:arrow":13,"minecraft:rotten_flesh":18,"minecraft:beetroot_seeds":5,"minecraft:granite":2,"minecraft:chainmail_helmet":2,"minecraft:mutton":1,"minecraft:iron_bars":1,"minecraft:white_wool":2,"minecraft:cobblestone":51},"minecraft:crafted":{"minecraft:wooden_sword":1,"minecraft:oak_planks":212,"biomesoplenty:cherry_planks":176,"minecraft:crafting_table":2,"minecraft:wooden_pickaxe":1,"minecraft:birch_planks":64,"minecraft:stone_axe":1,"minecraft:stick":12,"minecraft:stone_pickaxe":1,"minecraft:gold_ingot":2,"minecraft:stone_sword":1,"minecraft:chest":3},"minecraft:mined":{"biomesoplenty:cherry_log":44,"minecraft:mossy_cobblestone":1,"minecraft:crafting_table":2,"minecraft:granite":2,"biomesoplenty:cherry_planks":16,"minecraft:chest":1,"minecraft:cobblestone":5,"minecraft:oak_planks":2,"minecraft:wall_torch":1,"minecraft:chiseled_stone_bricks":3,"minecraft:spawner":1,"minecraft:carrots":2,"biomesoplenty:white_cherry_leaves":12,"minecraft:birch_log":16,"minecraft:iron_ore":4,"minecraft:lilac":1,"biomesoplenty:maple_leaves":19,"minecraft:mossy_stone_brick_stairs":2,"minecraft:stone_brick_stairs":1,"minecraft:grass":8,"minecraft:beetroots":3,"minecraft:oak_log":35,"biomesoplenty:pink_cherry_leaves":25,"minecraft:sand":36,"minecraft:cracked_stone_bricks":3,"minecraft:stone_bricks":6,"minecraft:stone":44,"minecraft:mossy_stone_bricks":5,"minecraft:fern":1},"minecraft:custom":{"minecraft:mob_kills":9,"minecraft:interact_with_crafting_table":8,"minecraft:time_since_death":2250,"minecraft:sleep_in_bed":3,"minecraft:time_since_rest":2314,"adorn:sit_on_chair":1,"minecraft:sprint_one_cm":202180,"minecraft:damage_taken":4054,"minecraft:walk_one_cm":215383,"minecraft:damage_blocked_by_shield":70,"minecraft:drop":13,"minecraft:damage_dealt":1154,"minecraft:swim_one_cm":96907,"minecraft:fly_one_cm":153664,"minecraft:open_chest":35,"minecraft:crouch_one_cm":25498,"minecraft:play_time":82920,"minecraft:deaths":11,"minecraft:sneak_time":7588,"minecraft:walk_under_water_one_cm":19415,"minecraft:boat_one_cm":37943,"minecraft:jump":846,"minecraft:walk_on_water_one_cm":37498,"minecraft:total_world_time":82920,"minecraft:fall_one_cm":25816}},"DataVersion":3120}