{"stats":{"minecraft:broken":{"minecraft:golden_helmet":1,"minecraft:iron_chestplate":1,"minecraft:stone_pickaxe":1,"minecraft:golden_sword":1,"minecraft:stone_axe":2,"minecraft:stone_sword":2,"minecraft:shield":4,"minecraft:iron_axe":1,"minecraft:iron_helmet":1},"minecraft:dropped":{"minecraft:iron_sword":2,"minecraft:moss_block":1,"minecraft:diamond_axe":1,"minecraft:cooked_beef":5,"minecraft:oak_log":240,"minecraft:baked_potato":10,"minecraft:diamond":1,"minecraft:lantern":1,"minecraft:jungle_planks":2,"minecraft:black_banner":3,"minecraft:rail":8,"minecraft:leather_helmet":3,"minecraft:cobblestone_stairs":3,"cataclysm:stone_tile_slab":2,"minecraft:dirt":78,"minecraft:stone_button":32,"minecraft:cornflower":2,"minecraft:dark_oak_trapdoor":5,"minecraft:jungle_sapling":1,"gravestone:obituary":122,"fear_the_dark:leg_spike":1,"minecraft:gold_nugget":2,"majruszsdifficulty:tattered_leggings":1,"minecraft:white_wool":1,"minecraft:bone":4,"minecraft:oak_door":1,"cataclysm:chiseled_stone_brick_pillar":1,"minecraft:wheat":3,"minecraft:birch_sapling":1,"minecraft:rotten_flesh":30,"minecraft:grindstone":1,"minecraft:oak_planks":9,"minecraft:dark_oak_fence_gate":6,"minecraft:carrot":2,"minecraft:chiseled_stone_bricks":1,"minecraft:poppy":14,"cataclysm:stone_tile_stairs":1,"minecraft:leather_chestplate":2,"minecraft:beetroot_seeds":2,"minecraft:azalea":1,"minecraft:arrow":1,"minecraft:glass":65,"biomesoplenty:flesh":2,"minecraft:cracked_nether_bricks":1,"minecraft:scaffolding":1,"spore:armor_fragment":3,"minecraft:egg":1,"minecraft:stone_hoe":1,"minecraft:water_bucket":1,"minecraft:golden_boots":3,"minecraft:bread":2,"minecraft:oak_slab":1,"minecraft:wheat_seeds":135,"minecraft:lilac":4,"minecraft:mossy_cobblestone":20,"minecraft:diamond_leggings":2,"minecraft:poisonous_potato":7,"minecraft:cobblestone":20,"minecraft:oak_fence":12,"minecraft:iron_helmet":1,"minecraft:apple":1,"minecraft:granite":1,"minecraft:coal":19,"minecraft:stick":7,"minecraft:oxeye_daisy":6,"minecraft:lava_bucket":1,"minecraft:gray_wool":1,"minecraft:mossy_cobblestone_slab":1,"minecraft:ink_sac":2,"minecraft:melon_slice":31,"minecraft:oak_stairs":10,"minecraft:stonecutter":2,"minecraft:mossy_cobblestone_stairs":1,"minecraft:iron_shovel":2,"minecraft:string":2,"minecraft:tripwire_hook":1,"spore:claw_fragment":3,"minecraft:dandelion":6,"minecraft:oak_trapdoor":1,"minecraft:stone_sword":5,"minecraft:cocoa_beans":3,"minecraft:stone_shovel":1,"minecraft:wither_skeleton_skull":1,"minecraft:clay_ball":8,"minecraft:stone_slab":5,"spore:mutated_fiber":4,"minecraft:white_terracotta":5,"minecraft:spruce_fence":1,"minecraft:glass_pane":2,"minecraft:potato":447,"minecraft:stone":5,"minecraft:shield":3,"minecraft:peony":27,"minecraft:andesite":3,"minecraft:golden_leggings":2,"minecraft:oak_sapling":10,"minecraft:stone_bricks":13,"minecraft:wooden_pickaxe":1,"mutantmonsters:mutant_skeleton_skull":1},"minecraft:crafted":{"minecraft:grindstone":1,"minecraft:oak_planks":3116,"minecraft:cooked_chicken":3,"cataclysm:chiseled_stone_brick_pillar":3,"minecraft:stone":67,"minecraft:cobblestone_stairs":3,"minecraft:cooked_mutton":12,"minecraft:warped_planks":36,"minecraft:glass":107,"cataclysm:stone_tile_slab":2,"minecraft:diamond_helmet":1,"minecraft:bow":1,"minecraft:diamond_leggings":2,"minecraft:iron_boots":1,"spore:fleshy_bone":3,"spore:fleshy_claw":3,"minecraft:chiseled_stone_bricks":1,"minecraft:stone_hoe":1,"minecraft:stone_bricks":1,"minecraft:oak_fence":15,"minecraft:emerald":221,"minecraft:cooked_porkchop":13,"minecraft:crafting_table":5,"minecraft:wooden_pickaxe":1,"minecraft:iron_helmet":2,"minecraft:baked_potato":54,"minecraft:birch_planks":80,"spore:armads":1,"minecraft:iron_chestplate":2,"minecraft:diamond_pickaxe":1,"minecraft:shield":1,"minecraft:stick":7151,"minecraft:stone_slab":6,"minecraft:iron_ingot":39,"minecraft:iron_pickaxe":1,"minecraft:stone_sword":2,"minecraft:coal":36,"minecraft:furnace":2,"minecraft:bone_meal":348,"minecraft:oak_trapdoor":6,"minecraft:glass_pane":112,"minecraft:flint_and_steel":1,"minecraft:stone_pickaxe":1,"minecraft:diamond_boots":2,"minecraft:golden_helmet":1,"minecraft:wheat":126,"minecraft:cooked_beef":24,"spore:living_core":1,"minecraft:iron_sword":1,"minecraft:bucket":3,"minecraft:stone_axe":1,"minecraft:enchanted_book":2,"minecraft:bread":43,"minecraft:air":0,"minecraft:jungle_planks":540,"minecraft:oak_boat":3,"minecraft:iron_leggings":1,"minecraft:acacia_planks":32,"minecraft:torch":52,"minecraft:diamond_chestplate":1},"minecraft:killed":{"spore:braiomil":1,"minecraft:spider":7,"spore:leaper":1,"minecraft:skeleton":30,"majruszsdifficulty:creeperling":2,"minecraft:piglin_brute":3,"minecraft:magma_cube":10,"minecraft:piglin":3,"minecraft:pig":3,"spore:inf_player":41,"spore:inf_wanderer":4,"minecraft:creeper":3,"spore:inf_villager":36,"minecraft:sheep":7,"minecraft:zombie":36,"spore:inf_human":48,"minecraft:stray":1,"midnightlurker:midnight_lurker_backturned":1,"spore:knight":3,"minecraft:blaze":49,"minecraft:cow":6,"fear_the_dark:fever_dream":2,"majruszsdifficulty:cursed_armor":3,"minecraft:hoglin":2,"spore:inf_pillager":38,"the_impersonator:the_impersonator":2,"spore:inf_husk":1,"minecraft:wither_skeleton":28,"spore:slasher":1,"minecraft:enderman":3},"minecraft:used":{"fear_the_dark:leg_spike":188,"minecraft:peony":4,"minecraft:moss_block":1,"minecraft:moss_carpet":1,"minecraft:iron_shovel":386,"minecraft:poppy":2,"minecraft:shield":190,"minecraft:stone":47,"minecraft:iron_sword":224,"minecraft:bell":1,"minecraft:rotten_flesh":20,"minecraft:jungle_planks":4,"minecraft:carrot":135,"cataclysm:stone_tiles":4,"minecraft:lava_bucket":5,"minecraft:lantern":1,"minecraft:iron_helmet":2,"minecraft:stone_brick_stairs":1,"minecraft:stone_bricks":1,"minecraft:item_frame":3,"minecraft:golden_sword":32,"minecraft:bow":14,"minecraft:scaffolding":4,"minecraft:oak_sapling":15,"minecraft:furnace":5,"minecraft:egg":1,"minecraft:potato":407,"biomesoplenty:flesh":65,"spore:armads":672,"minecraft:stone_pickaxe":133,"minecraft:oak_planks":187,"minecraft:wooden_pickaxe":14,"minecraft:diamond_axe":1623,"cataclysm:chiseled_stone_brick_pillar":3,"minecraft:golden_apple":1,"minecraft:stone_brick_wall":1,"minecraft:melon_slice":91,"minecraft:bread":75,"minecraft:gravel":5,"minecraft:coal_block":2,"minecraft:andesite":1,"minecraft:oak_boat":6,"minecraft:oak_fence":20,"minecraft:bone_meal":348,"minecraft:oak_trapdoor":5,"minecraft:rose_bush":1,"minecraft:stone_sword":328,"minecraft:flint_and_steel":1,"minecraft:cooked_chicken":3,"minecraft:stone_hoe":72,"minecraft:netherrack":32,"minecraft:torch":59,"minecraft:dirt":616,"minecraft:golden_chestplate":1,"minecraft:granite":1,"minecraft:oak_fence_gate":1,"minecraft:stone_brick_slab":1,"minecraft:iron_axe":269,"minecraft:jungle_log":11,"minecraft:minecart":3,"minecraft:cooked_beef":24,"minecraft:iron_leggings":1,"minecraft:cooked_mutton":12,"minecraft:water_bucket":45,"minecraft:cobblestone_stairs":3,"minecraft:baked_potato":44,"minecraft:stonecutter":2,"minecraft:oak_slab":1,"minecraft:rail":155,"minecraft:red_bed":1,"minecraft:crafting_table":13,"minecraft:white_bed":12,"minecraft:dark_oak_fence_gate":2,"cataclysm:stone_tile_stairs":20,"minecraft:oak_log":104,"minecraft:diamond_pickaxe":551,"minecraft:apple":1,"minecraft:oxeye_daisy":3,"biomesoplenty:porous_flesh":2,"minecraft:iron_pickaxe":195,"minecraft:stone_axe":262,"minecraft:chiseled_stone_bricks":1,"minecraft:cobblestone":340,"minecraft:cooked_porkchop":15,"minecraft:bucket":52,"minecraft:glass_pane":110,"minecraft:stripped_oak_log":3,"minecraft:dandelion":2},"minecraft:custom":{"minecraft:interact_with_crafting_table":66,"minecraft:open_barrel":30,"minecraft:bell_ring":9,"minecraft:leave_game":8,"minecraft:time_since_death":27224,"minecraft:sprint_one_cm":2616509,"minecraft:damage_blocked_by_shield":16072,"minecraft:drop":618,"minecraft:talked_to_villager":159,"minecraft:play_time":1006776,"minecraft:deaths":82,"minecraft:jump":15257,"minecraft:walk_on_water_one_cm":128908,"minecraft:interact_with_furnace":115,"minecraft:traded_with_villager":230,"minecraft:sleep_in_bed":47,"minecraft:damage_dealt":94382,"minecraft:player_kills":1,"minecraft:crouch_one_cm":89393,"minecraft:inspect_dispenser":1,"minecraft:horse_one_cm":86055,"minecraft:interact_with_anvil":2,"minecraft:mob_kills":380,"minecraft:damage_dealt_resisted":725,"minecraft:climb_one_cm":53513,"minecraft:walk_one_cm":3668092,"minecraft:sneak_time":36582,"minecraft:walk_under_water_one_cm":52892,"minecraft:total_world_time":1006776,"minecraft:tune_noteblock":4,"minecraft:interact_with_stonecutter":8,"minecraft:time_since_rest":23408,"minecraft:damage_absorbed":39,"minecraft:damage_taken":33866,"minecraft:swim_one_cm":145499,"minecraft:fly_one_cm":2808845,"minecraft:open_chest":438,"minecraft:fall_one_cm":326297},"minecraft:killed_by":{"midnightlurker:midnight_lurker_backturned":1,"mutantmonsters:mutant_zombie":1,"minecraft:wither_skeleton":3,"minecraft:creeper":1,"spore:inf_human":3,"the_impersonator:the_impersonator":1,"spore:inf_pillager":1,"fear_the_dark:fever_dream":16,"midnightlurker:void_hands":1,"spore:inf_player":8,"man:managgresive":5,"spore:inf_villager":3,"spore:braiomil":1,"minecraft:blaze":1,"the_one_who_watches:toww_running":3,"minecraft:zombie":2,"minecraft:player":1,"spore:busser":6,"spore:inf_wanderer":1,"cartoon_dweller:cartoon_dweller":8,"fear_the_dark:daunt":4,"mutantmonsters:mutant_skeleton":2,"minecraft:skeleton":5,"minecraft:wither":1,"spore:stalker":1,"midnightlurker:midnight_lurker_unprovoked":1},"minecraft:mined":{"minecraft:white_bed":5,"minecraft:farmland":4,"minecraft:cobblestone_stairs":3,"minecraft:jungle_leaves":5,"minecraft:obsidian":2,"minecraft:brewing_stand":1,"biomesoplenty:burning_blossom":23,"minecraft:granite":2,"minecraft:stone_brick_wall":23,"minecraft:acacia_log":8,"minecraft:grass_block":168,"minecraft:jungle_log":146,"biomesoplenty:flowering_oak_leaves":2,"minecraft:coal_block":10,"minecraft:oxeye_daisy":6,"minecraft:chiseled_stone_bricks":1,"minecraft:tall_seagrass":1,"minecraft:polished_blackstone_bricks":1,"minecraft:mossy_cobblestone_slab":1,"minecraft:dark_oak_trapdoor":2,"minecraft:mossy_cobblestone_stairs":1,"minecraft:iron_ore":39,"minecraft:fire":58,"minecraft:moss_carpet":1,"minecraft:dirt_path":42,"minecraft:oak_stairs":29,"minecraft:tripwire":4,"minecraft:blackstone":1,"minecraft:clay":1,"spore:growths_big":7,"minecraft:torch":1,"minecraft:poppy":5,"minecraft:melon":31,"minecraft:cobblestone":105,"minecraft:oak_planks":69,"minecraft:wall_torch":8,"minecraft:seagrass":1,"minecraft:white_terracotta":5,"minecraft:birch_log":19,"minecraft:wheat":57,"biomesoplenty:hair":7,"minecraft:lilac":3,"minecraft:warped_fungus":1,"minecraft:tnt":4,"minecraft:grass":198,"minecraft:oak_log":1172,"minecraft:beetroots":3,"minecraft:oak_fence_gate":1,"minecraft:sand":209,"minecraft:dirt":247,"minecraft:tripwire_hook":1,"minecraft:stonecutter":2,"minecraft:netherrack":51,"minecraft:oak_leaves":72,"spore:remains":6,"minecraft:nether_gold_ore":4,"minecraft:mossy_cobblestone":20,"gravestone:gravestone":66,"minecraft:spruce_fence":22,"cataclysm:stone_tile_stairs":6,"minecraft:jungle_planks":2,"cataclysm:chiseled_stone_brick_pillar":1,"biomesoplenty:dead_grass":11,"minecraft:moss_block":1,"spore:growths_small":8,"minecraft:cracked_nether_bricks":1,"minecraft:hay_block":14,"minecraft:oak_trapdoor":18,"minecraft:furnace":3,"minecraft:carrots":62,"minecraft:andesite":1,"minecraft:dark_oak_fence_gate":4,"biomesoplenty:willow_vine":5,"biomesoplenty:flesh":94,"minecraft:peony":5,"minecraft:bell":1,"minecraft:potatoes":300,"minecraft:cobblestone_slab":2,"minecraft:vine":96,"minecraft:warped_stem":9,"minecraft:rail":160,"minecraft:lantern":1,"minecraft:stripped_oak_log":9,"minecraft:stone":250,"minecraft:bone_block":8,"minecraft:cake":1,"biomesoplenty:porous_flesh":5,"minecraft:oak_slab":59,"minecraft:redstone_block":1,"minecraft:glass_pane":4,"minecraft:basalt":1,"minecraft:stone_brick_slab":1,"minecraft:dandelion":2,"minecraft:oak_fence":28,"minecraft:crafting_table":9,"minecraft:cornflower":1,"minecraft:rose_bush":1,"minecraft:campfire":4,"minecraft:tall_grass":41,"biomesoplenty:sprout":5,"minecraft:spruce_stairs":1,"minecraft:acacia_fence_gate":1,"minecraft:black_wall_banner":2,"minecraft:coal_ore":74,"minecraft:cocoa":1,"minecraft:gravel":6,"minecraft:stone_bricks":84,"minecraft:fern":14},"minecraft:picked_up":{"spore:mutated_heart":10,"biomesoplenty:burning_blossom":24,"minecraft:wheat":70,"minecraft:redstone_block":1,"biomesoplenty:flesh_tendons":1,"minecraft:oak_stairs":48,"minecraft:stone_brick_stairs":1,"minecraft:brewing_stand":1,"spore:innards":1,"minecraft:string":9,"minecraft:dark_oak_trapdoor":9,"mutantmonsters:mutant_skeleton_skull":2,"minecraft:iron_leggings":1,"minecraft:beetroot":1,"minecraft:diamond_leggings":1,"minecraft:gold_nugget":22,"minecraft:bucket":1,"minecraft:acacia_fence_gate":1,"minecraft:rose_bush":1,"minecraft:azalea":1,"minecraft:melon_slice":150,"minecraft:coal_block":10,"minecraft:furnace":3,"minecraft:stick":32,"minecraft:oak_fence":38,"minecraft:torch":7,"cataclysm:chiseled_stone_brick_pillar":1,"minecraft:acacia_log":8,"minecraft:porkchop":17,"minecraft:golden_axe":1,"minecraft:stone_sword":4,"minecraft:rotten_flesh":43,"minecraft:white_terracotta":5,"minecraft:blaze_rod":17,"minecraft:cobblestone":357,"minecraft:birch_log":20,"minecraft:mossy_cobblestone_slab":1,"minecraft:leather_chestplate":1,"minecraft:cooked_beef":3,"minecraft:lilac":4,"minecraft:andesite":4,"minecraft:magma_cream":1,"minecraft:water_bucket":1,"minecraft:jungle_log":146,"minecraft:golden_leggings":3,"minecraft:potato":1216,"minecraft:flint":1,"minecraft:tuff":1,"minecraft:wither_skeleton_skull":2,"minecraft:dirt":482,"minecraft:lantern":5,"minecraft:leather_boots":1,"minecraft:bone":58,"minecraft:bow":1,"minecraft:stonecutter":4,"minecraft:wheat_seeds":138,"minecraft:bell":2,"minecraft:moss_block":2,"minecraft:stone_hoe":1,"minecraft:oak_planks":74,"spore:cerebrum":16,"minecraft:chiseled_polished_blackstone":1,"spore:armor_fragment":22,"minecraft:poisonous_potato":7,"minecraft:sand":213,"minecraft:jungle_planks":4,"minecraft:ink_sac":2,"minecraft:grass_block":2,"minecraft:mossy_cobblestone":20,"spore:claw_fragment":19,"minecraft:granite":2,"spore:spine_fragment":15,"minecraft:oak_sapling":27,"minecraft:netherrack":47,"minecraft:diamond_pickaxe":1,"minecraft:charcoal":8,"minecraft:cocoa_beans":6,"minecraft:crafting_table":9,"minecraft:chicken":3,"minecraft:clay_ball":8,"cataclysm:stone_tile_stairs":11,"biomesoplenty:flesh":94,"minecraft:stone_brick_wall":30,"gravestone:obituary":58,"spore:sickle_fragment":1,"minecraft:shield":8,"minecraft:cornflower":2,"minecraft:oak_trapdoor":39,"minecraft:red_bed":1,"minecraft:moss_carpet":1,"minecraft:iron_axe":1,"fear_the_dark:leg_spike":1,"minecraft:item_frame":3,"minecraft:iron_shovel":3,"minecraft:blackstone":1,"minecraft:beef":9,"minecraft:oak_boat":3,"minecraft:jungle_sapling":1,"minecraft:poppy":16,"minecraft:minecart":3,"minecraft:sugar_cane":10,"minecraft:birch_sapling":1,"minecraft:egg":2,"minecraft:raw_iron":39,"minecraft:stone":8,"minecraft:oak_door":1,"minecraft:spruce_fence":23,"minecraft:polished_blackstone_bricks":4,"minecraft:stone_button":47,"minecraft:carrot":234,"minecraft:tnt":4,"minecraft:arrow":38,"minecraft:stone_shovel":1,"minecraft:beetroot_seeds":2,"minecraft:peony":31,"minecraft:hay_block":14,"minecraft:saddle":1,"minecraft:black_banner":3,"minecraft:skeleton_skull":1,"spore:alveolic_sack":2,"spore:tendons":3,"minecraft:mutton":12,"minecraft:bone_block":46,"minecraft:rail":159,"minecraft:white_wool":11,"minecraft:oxeye_daisy":9,"minecraft:stripped_oak_log":10,"minecraft:basalt":2,"minecraft:tripwire_hook":1,"minecraft:leather":8,"minecraft:oak_log":1266,"minecraft:golden_boots":2,"minecraft:gunpowder":4,"minecraft:cobblestone_stairs":3,"minecraft:apple":5,"minecraft:stone_bricks":96,"majruszsdifficulty:tattered_leggings":2,"minecraft:warped_stem":9,"minecraft:iron_ingot":16,"minecraft:oak_fence_gate":1,"spore:mutated_fiber":224,"minecraft:iron_sword":1,"minecraft:scaffolding":5,"minecraft:oak_slab":64,"minecraft:warped_fungus":1,"minecraft:chiseled_stone_bricks":1,"minecraft:stone_brick_slab":1,"minecraft:cracked_nether_bricks":1,"minecraft:dandelion":9,"minecraft:gravel":5,"biomesoplenty:porous_flesh":5,"minecraft:white_bed":12,"minecraft:dark_oak_fence_gate":10,"minecraft:spider_eye":1,"minecraft:leather_helmet":2,"minecraft:iron_helmet":1,"minecraft:diamond_axe":3,"minecraft:mossy_cobblestone_stairs":1,"minecraft:gray_wool":1,"minecraft:coal":133}},"DataVersion":3120}