{"stats":{"minecraft:killed_by":{"midnightlurker:midnight_lurker_backturned":1,"minecraft:player":2,"spore:inf_human":2,"the_impersonator:the_impersonator":1,"steve_dweller:steve_dweller":1,"fear_the_dark:fever_dream":3,"spore:inf_player":3,"cave_dweller:cave_dweller":1},"minecraft:crafted":{"minecraft:oak_planks":40,"minecraft:furnace":1,"minecraft:stone":2,"minecraft:bone_meal":15,"minecraft:cooked_mutton":9,"minecraft:glass":40,"minecraft:stone_pickaxe":2,"minecraft:acacia_fence":18,"minecraft:cooked_porkchop":4,"minecraft:crafting_table":3,"minecraft:acacia_slab":6,"minecraft:wooden_pickaxe":1,"minecraft:stone_axe":3,"minecraft:acacia_boat":2,"minecraft:air":0,"minecraft:shield":2,"minecraft:stick":40,"minecraft:iron_ingot":4,"minecraft:iron_pickaxe":1,"minecraft:stone_sword":2,"minecraft:acacia_planks":220,"minecraft:torch":40},"minecraft:mined":{"minecraft:spruce_planks":22,"minecraft:white_bed":9,"minecraft:dark_oak_log":37,"cataclysm:stone_tiles":1,"minecraft:ladder":1,"minecraft:granite":6,"biomesoplenty:bush":4,"minecraft:acacia_log":113,"minecraft:grass_block":77,"minecraft:spruce_fence":8,"minecraft:spruce_leaves":4,"minecraft:sandstone":6,"minecraft:hay_block":41,"minecraft:iron_ore":22,"minecraft:fire":3,"biomesoplenty:lavender":1,"minecraft:andesite":12,"minecraft:deepslate_lapis_ore":6,"minecraft:potatoes":7,"minecraft:vine":3,"minecraft:bookshelf":8,"minecraft:pointed_dripstone":1,"minecraft:deepslate_iron_ore":6,"minecraft:stone":390,"minecraft:white_wool":1,"minecraft:orange_bed":3,"minecraft:acacia_leaves":56,"minecraft:crafting_table":2,"minecraft:calcite":1,"minecraft:melon":2,"minecraft:white_stained_glass_pane":1,"minecraft:dead_bush":3,"minecraft:cobblestone":7,"minecraft:lapis_ore":5,"minecraft:oak_planks":1,"minecraft:wall_torch":1,"minecraft:coarse_dirt":25,"minecraft:spruce_log":110,"minecraft:yellow_stained_glass_pane":1,"minecraft:grass":136,"minecraft:oak_log":12,"minecraft:coal_ore":36,"minecraft:sand":79,"minecraft:acacia_fence":6,"minecraft:dripstone_block":4,"minecraft:dirt":77,"minecraft:acacia_planks":12,"minecraft:deepslate":2,"minecraft:oak_leaves":32},"minecraft:custom":{"minecraft:mob_kills":23,"minecraft:interact_with_crafting_table":16,"minecraft:leave_game":3,"minecraft:time_since_death":57089,"minecraft:climb_one_cm":1156,"minecraft:sprint_one_cm":407508,"minecraft:walk_one_cm":609058,"minecraft:damage_blocked_by_shield":1185,"minecraft:drop":52,"minecraft:talked_to_villager":1,"minecraft:play_time":193454,"minecraft:deaths":14,"minecraft:sneak_time":4566,"minecraft:walk_under_water_one_cm":25050,"minecraft:boat_one_cm":157723,"minecraft:jump":3190,"minecraft:walk_on_water_one_cm":25661,"minecraft:total_world_time":193454,"minecraft:interact_with_furnace":25,"minecraft:sleep_in_bed":23,"minecraft:time_since_rest":4330,"minecraft:damage_taken":5485,"minecraft:trigger_trapped_chest":3,"minecraft:damage_dealt":5500,"minecraft:swim_one_cm":25827,"minecraft:player_kills":1,"minecraft:fly_one_cm":455419,"minecraft:open_chest":22,"minecraft:crouch_one_cm":10911,"minecraft:interact_with_smoker":1,"minecraft:fall_one_cm":82766},"minecraft:used":{"fear_the_dark:leg_spike":2,"minecraft:stone_sword":115,"minecraft:acacia_log":15,"minecraft:stone_shovel":69,"minecraft:shield":24,"minecraft:iron_sword":36,"minecraft:iron_chestplate":1,"minecraft:orange_bed":4,"minecraft:torch":40,"minecraft:dirt":130,"minecraft:acacia_sapling":6,"minecraft:granite":6,"minecraft:acacia_slab":3,"minecraft:melon_seeds":2,"minecraft:hay_block":8,"minecraft:furnace":1,"minecraft:acacia_fence":23,"minecraft:potato":27,"minecraft:cooked_beef":2,"minecraft:acacia_planks":77,"minecraft:calcite":1,"minecraft:cooked_mutton":4,"minecraft:acacia_boat":2,"minecraft:leather_leggings":3,"minecraft:stone_pickaxe":330,"minecraft:oak_planks":30,"minecraft:wooden_pickaxe":33,"minecraft:white_wool":1,"minecraft:sand":16,"minecraft:crafting_table":5,"minecraft:white_bed":9,"minecraft:dripstone_block":6,"minecraft:bread":25,"minecraft:iron_pickaxe":155,"minecraft:spruce_sapling":6,"minecraft:stone_axe":334,"minecraft:cobblestone":154,"minecraft:cooked_porkchop":4,"minecraft:andesite":9,"minecraft:bone_meal":15,"minecraft:coarse_dirt":16},"minecraft:broken":{"minecraft:stone_sword":2,"minecraft:stone_pickaxe":2,"minecraft:stone_axe":2,"minecraft:stone_shovel":1},"minecraft:killed":{"fear_the_dark:fever_dream":1,"minecraft:spider":1,"minecraft:skeleton":2,"minecraft:pig":2,"spore:inf_player":2,"spore:inf_drowned":1,"minecraft:sheep":2,"spore:inf_villager":1,"spore:inf_human":3,"minecraft:zombie":4,"minecraft:enderman":3,"minecraft:cow":3},"minecraft:dropped":{"minecraft:iron_ingot":3,"minecraft:bread":9,"minecraft:wheat_seeds":2,"minecraft:crafting_table":2,"minecraft:dripstone_block":6,"minecraft:poisonous_potato":1,"biomesoplenty:lavender":6,"minecraft:cobblestone":64,"minecraft:leather_helmet":1,"minecraft:dirt":48,"minecraft:dark_oak_log":24,"fear_the_dark:leg_spike":2,"spore:mutated_heart":2,"minecraft:acacia_door":4,"minecraft:string":2,"minecraft:acacia_planks":26,"minecraft:bone":1,"minecraft:pointed_dripstone":10,"minecraft:rotten_flesh":2,"minecraft:spruce_fence":8,"minecraft:shield":1,"minecraft:spruce_planks":20,"minecraft:andesite":2,"minecraft:leather_leggings":1,"minecraft:spider_eye":1,"minecraft:spruce_log":150,"minecraft:stone_pickaxe":1,"minecraft:beef":3,"minecraft:wooden_pickaxe":2,"minecraft:raw_gold":1},"minecraft:picked_up":{"minecraft:iron_chestplate":3,"spore:mutated_heart":9,"minecraft:crafting_table":11,"minecraft:coarse_dirt":56,"minecraft:leather_leggings":12,"minecraft:wooden_pickaxe":3,"minecraft:shield":5,"minecraft:string":4,"fear_the_dark:leg_spike":2,"minecraft:acacia_door":4,"minecraft:cobbled_deepslate":133,"minecraft:spruce_planks":20,"minecraft:beef":39,"minecraft:calcite":1,"minecraft:iron_pickaxe":7,"minecraft:melon_slice":10,"minecraft:furnace":6,"minecraft:sandstone":13,"adorn:guide_book":1,"minecraft:raw_iron":100,"minecraft:stick":25,"minecraft:acacia_fence":14,"minecraft:torch":19,"minecraft:acacia_log":162,"minecraft:spruce_fence":8,"minecraft:porkchop":12,"minecraft:pointed_dripstone":14,"minecraft:stone_shovel":3,"minecraft:orange_bed":4,"minecraft:stone_sword":3,"minecraft:arrow":26,"minecraft:rotten_flesh":17,"minecraft:hay_block":268,"minecraft:mutton":4,"minecraft:white_wool":6,"minecraft:cobblestone":633,"biomesoplenty:lavender":8,"minecraft:cooked_beef":72,"minecraft:water_bucket":4,"minecraft:andesite":52,"minecraft:leather":90,"minecraft:potato":33,"minecraft:oak_log":18,"minecraft:gunpowder":1,"minecraft:lapis_lazuli":292,"minecraft:dirt":286,"minecraft:bone":81,"minecraft:acacia_planks":424,"minecraft:wheat_seeds":62,"minecraft:raw_gold":2,"minecraft:iron_ingot":9,"minecraft:stone_pickaxe":10,"spore:mutated_fiber":98,"minecraft:iron_sword":3,"minecraft:acacia_sapling":8,"minecraft:oak_planks":1,"minecraft:book":24,"spore:cerebrum":1,"minecraft:poisonous_potato":1,"minecraft:dripstone_block":22,"minecraft:sand":77,"minecraft:spruce_sapling":6,"minecraft:grass_block":1,"minecraft:white_bed":9,"minecraft:spruce_log":150,"minecraft:acacia_stairs":3,"minecraft:spider_eye":3,"minecraft:dark_oak_log":61,"minecraft:leather_helmet":5,"minecraft:stone_axe":10,"minecraft:granite":13,"minecraft:bread":81,"minecraft:acacia_slab":11,"minecraft:melon_seeds":2,"minecraft:coal":125,"minecraft:ender_pearl":3}},"DataVersion":3120}