{"stats":{"minecraft:broken":{"minecraft:leather_leggings":1,"minecraft:stone_pickaxe":3,"minecraft:stone_axe":2,"minecraft:stone_shovel":1,"minecraft:leather_helmet":1,"minecraft:stone_sword":2,"minecraft:golden_pickaxe":1},"minecraft:killed":{"minecraft:spider":2,"minecraft:skeleton":3,"majruszsdifficulty:creeperling":1,"minecraft:piglin_brute":1,"minecraft:piglin":2,"minecraft:pig":2,"spore:inf_player":10,"spore:inf_wanderer":1,"spore:inf_drowned":1,"minecraft:sheep":2,"spore:inf_villager":3,"spore:inf_human":5,"minecraft:zombie":9,"minecraft:cow":3,"fear_the_dark:fever_dream":1,"minecraft:drowned":1,"minecraft:enderman":3},"minecraft:crafted":{"minecraft:oak_planks":100,"minecraft:stone":2,"minecraft:cobblestone_stairs":8,"minecraft:cooked_mutton":9,"minecraft:glass":40,"minecraft:chest":2,"minecraft:acacia_fence":18,"minecraft:stone_hoe":1,"minecraft:cooked_porkchop":4,"minecraft:crafting_table":7,"minecraft:spruce_planks":52,"minecraft:acacia_slab":6,"minecraft:wooden_pickaxe":3,"minecraft:baked_potato":3,"minecraft:golden_pickaxe":2,"minecraft:acacia_button":1,"minecraft:shield":3,"minecraft:stick":76,"minecraft:iron_ingot":11,"minecraft:iron_pickaxe":1,"minecraft:stone_sword":5,"minecraft:gold_ingot":9,"minecraft:spruce_fence_gate":2,"minecraft:furnace":2,"minecraft:bone_meal":15,"minecraft:spruce_fence":24,"minecraft:stone_pickaxe":4,"minecraft:iron_sword":1,"minecraft:stone_axe":5,"minecraft:acacia_boat":2,"minecraft:air":0,"minecraft:acacia_planks":232,"minecraft:torch":40},"minecraft:custom":{"minecraft:interact_with_crafting_table":39,"minecraft:leave_game":8,"minecraft:time_since_death":21878,"minecraft:sprint_one_cm":798822,"minecraft:damage_blocked_by_shield":3766,"minecraft:drop":111,"minecraft:talked_to_villager":1,"minecraft:play_time":432959,"minecraft:deaths":54,"minecraft:jump":5522,"minecraft:walk_on_water_one_cm":101773,"minecraft:interact_with_furnace":48,"minecraft:sleep_in_bed":30,"minecraft:damage_dealt":11071,"minecraft:player_kills":2,"minecraft:crouch_one_cm":38311,"minecraft:interact_with_smoker":1,"minecraft:mob_kills":47,"minecraft:climb_one_cm":1156,"minecraft:walk_one_cm":1497019,"minecraft:sneak_time":14856,"minecraft:walk_under_water_one_cm":128705,"minecraft:boat_one_cm":157723,"minecraft:total_world_time":432959,"minecraft:time_since_rest":19677,"minecraft:damage_taken":18546,"minecraft:trigger_trapped_chest":6,"minecraft:swim_one_cm":240836,"minecraft:fly_one_cm":761057,"minecraft:open_chest":113,"minecraft:fall_one_cm":128745},"minecraft:used":{"fear_the_dark:leg_spike":6,"minecraft:chest":2,"minecraft:shield":49,"minecraft:iron_sword":112,"minecraft:rotten_flesh":4,"minecraft:iron_chestplate":1,"minecraft:acacia_button":1,"minecraft:acacia_sapling":6,"minecraft:tuff":2,"minecraft:bricks":1,"minecraft:grass_block":1,"minecraft:hay_block":8,"minecraft:oak_sapling":1,"minecraft:furnace":2,"minecraft:acacia_fence":23,"minecraft:potato":198,"minecraft:leather_leggings":4,"minecraft:stone_pickaxe":501,"minecraft:oak_planks":30,"minecraft:blackstone":2,"minecraft:ender_pearl":2,"minecraft:wooden_pickaxe":69,"minecraft:white_wool":1,"minecraft:sand":120,"minecraft:dripstone_block":6,"minecraft:melon_slice":29,"minecraft:bread":35,"minecraft:andesite":10,"minecraft:coarse_dirt":16,"minecraft:bone_meal":19,"minecraft:golden_pickaxe":32,"minecraft:stone_sword":146,"minecraft:acacia_log":15,"minecraft:stone_shovel":69,"minecraft:stone_hoe":7,"minecraft:netherrack":57,"minecraft:orange_bed":4,"minecraft:torch":47,"minecraft:dirt":191,"minecraft:chainmail_chestplate":1,"minecraft:golden_chestplate":1,"minecraft:spruce_fence":24,"minecraft:granite":7,"minecraft:spruce_button":2,"minecraft:acacia_slab":3,"minecraft:iron_boots":1,"minecraft:melon_seeds":4,"minecraft:cooked_beef":9,"minecraft:acacia_planks":99,"minecraft:cobbled_deepslate":12,"minecraft:calcite":42,"minecraft:wheat_seeds":14,"minecraft:cooked_mutton":9,"minecraft:acacia_boat":2,"minecraft:cobblestone_stairs":10,"minecraft:baked_potato":13,"minecraft:spruce_fence_gate":2,"minecraft:polished_blackstone_bricks":12,"minecraft:crafting_table":11,"minecraft:white_bed":9,"minecraft:spruce_log":28,"minecraft:diamond_pickaxe":24,"minecraft:apple":1,"minecraft:iron_pickaxe":179,"minecraft:leather_helmet":1,"minecraft:spruce_sapling":6,"minecraft:stone_axe":525,"minecraft:cobblestone":252,"minecraft:cooked_porkchop":4},"minecraft:dropped":{"minecraft:iron_sword":1,"spore:spine_fragment":3,"minecraft:diamond_axe":1,"minecraft:crafting_table":2,"minecraft:leather_helmet":2,"minecraft:spruce_leaves":2,"minecraft:dirt":48,"minecraft:dark_oak_log":24,"usefulbackpacks:backpack_small":2,"minecraft:gold_nugget":6,"fear_the_dark:leg_spike":2,"minecraft:sand":3,"minecraft:iron_pickaxe":1,"minecraft:acacia_door":4,"minecraft:dark_oak_planks":14,"minecraft:bone":1,"minecraft:stone_axe":1,"minecraft:golden_chestplate":2,"minecraft:wheat":8,"minecraft:obsidian":28,"minecraft:pointed_dripstone":10,"minecraft:rotten_flesh":3,"cataclysm:stone_tile_stairs":7,"minecraft:leather_chestplate":2,"minecraft:melon_seeds":1,"minecraft:leather_leggings":1,"minecraft:spruce_slab":4,"minecraft:beef":3,"minecraft:water_bucket":1,"minecraft:stone_hoe":1,"minecraft:iron_ingot":3,"minecraft:bread":13,"minecraft:wheat_seeds":2,"minecraft:dripstone_block":6,"minecraft:poisonous_potato":1,"biomesoplenty:lavender":6,"minecraft:cobblestone":64,"minecraft:spectral_arrow":3,"minecraft:spruce_button":1,"minecraft:spruce_door":3,"spore:mutated_heart":6,"minecraft:string":2,"minecraft:acacia_planks":105,"minecraft:furnace":1,"minecraft:stone_sword":2,"minecraft:cobblestone_wall":2,"minecraft:tuff":1,"minecraft:raw_iron":1,"spore:mutated_fiber":23,"minecraft:spruce_fence":16,"minecraft:shears":1,"minecraft:filled_map":1,"minecraft:stone":1,"minecraft:shield":2,"minecraft:spruce_planks":27,"minecraft:iron_chestplate":1,"minecraft:diamond_pickaxe":1,"minecraft:andesite":2,"minecraft:oak_sapling":1,"minecraft:spider_eye":1,"minecraft:spruce_log":206,"minecraft:sandstone":13,"minecraft:stone_pickaxe":1,"minecraft:wooden_pickaxe":2,"minecraft:raw_gold":1,"minecraft:bell":1,"minecraft:calcite":9},"minecraft:killed_by":{"midnightlurker:midnight_lurker_backturned":1,"minecraft:creeper":2,"spore:inf_human":7,"the_impersonator:the_impersonator":1,"steve_dweller:steve_dweller":1,"spore:inf_pillager":3,"fear_the_dark:fever_dream":3,"spore:inf_player":13,"mimic_dweller:mimic_dweller":1,"spore:inf_villager":8,"minecraft:player":2,"spore:busser":1,"minecraft:skeleton":1,"spore:stalker":3,"cave_dweller:cave_dweller":1},"minecraft:mined":{"minecraft:spruce_planks":23,"minecraft:attached_melon_stem":2,"minecraft:white_bed":10,"minecraft:cobblestone_stairs":2,"cataclysm:stone_tiles":1,"minecraft:obsidian":15,"biomesoplenty:burning_blossom":15,"minecraft:granite":7,"minecraft:acacia_log":117,"biomesoplenty:bramble":137,"minecraft:grass_block":81,"minecraft:cracked_polished_blackstone_bricks":10,"minecraft:polished_blackstone_bricks":12,"minecraft:iron_ore":28,"minecraft:fire":17,"biomesoplenty:lavender":1,"minecraft:deepslate_lapis_ore":6,"minecraft:pointed_dripstone":1,"minecraft:orange_bed":4,"biomesoplenty:medium_rose_quartz_bud":1,"minecraft:blackstone":2,"minecraft:melon_stem":1,"spore:growths_big":1,"minecraft:calcite":60,"minecraft:melon":10,"minecraft:white_stained_glass_pane":1,"minecraft:dead_bush":4,"minecraft:cobblestone":47,"minecraft:sugar_cane":24,"minecraft:oak_planks":1,"minecraft:bricks":1,"minecraft:wall_torch":2,"minecraft:wheat":15,"biomesoplenty:large_rose_quartz_bud":1,"minecraft:yellow_stained_glass_pane":1,"minecraft:grass":140,"minecraft:oak_log":27,"minecraft:acacia_fence":6,"minecraft:sand":103,"minecraft:dirt":84,"minecraft:netherrack":56,"spore:remains":1,"minecraft:oak_leaves":43,"minecraft:deepslate":3,"minecraft:nether_gold_ore":1,"minecraft:tuff":1,"minecraft:dark_oak_log":37,"minecraft:ladder":1,"biomesoplenty:bush":5,"minecraft:spruce_fence":10,"minecraft:spruce_leaves":4,"biomesoplenty:dead_grass":4,"spore:growths_small":1,"minecraft:sandstone":6,"minecraft:hay_block":41,"minecraft:andesite":15,"minecraft:bookshelf":8,"minecraft:potatoes":135,"minecraft:deepslate_iron_ore":6,"minecraft:vine":3,"minecraft:stone":444,"biomesoplenty:rose_quartz_cluster":2,"minecraft:white_wool":1,"minecraft:acacia_leaves":56,"minecraft:crafting_table":5,"biomesoplenty:small_rose_quartz_bud":1,"minecraft:spruce_button":2,"biomesoplenty:sprout":11,"minecraft:lapis_ore":5,"minecraft:coarse_dirt":25,"minecraft:spruce_log":207,"minecraft:coal_ore":52,"minecraft:dripstone_block":4,"minecraft:acacia_planks":24},"minecraft:picked_up":{"spore:mutated_heart":23,"minecraft:iron_chestplate":6,"biomesoplenty:burning_blossom":15,"minecraft:wheat":30,"minecraft:potion":1,"minecraft:gilded_blackstone":2,"minecraft:string":10,"minecraft:gold_nugget":10,"minecraft:cobbled_deepslate":153,"minecraft:spruce_planks":40,"minecraft:calcite":80,"minecraft:wooden_shovel":1,"minecraft:iron_pickaxe":11,"minecraft:melon_slice":69,"minecraft:iron_boots":2,"minecraft:furnace":9,"adorn:guide_book":1,"minecraft:stick":85,"minecraft:acacia_fence":15,"minecraft:torch":23,"minecraft:acacia_log":165,"minecraft:porkchop":13,"minecraft:pointed_dripstone":14,"minecraft:golden_chestplate":3,"minecraft:orange_bed":7,"minecraft:stone_sword":7,"minecraft:rotten_flesh":26,"minecraft:obsidian":54,"minecraft:cod":3,"minecraft:cobblestone":855,"biomesoplenty:lavender":8,"minecraft:leather_chestplate":3,"minecraft:cooked_beef":72,"minecraft:water_bucket":5,"minecraft:andesite":55,"minecraft:potato":581,"minecraft:tuff":5,"minecraft:lapis_lazuli":356,"minecraft:dirt":351,"minecraft:bone":118,"minecraft:acacia_planks":960,"minecraft:stonecutter":1,"minecraft:wheat_seeds":104,"minecraft:raw_gold":2,"minecraft:bell":1,"minecraft:stone_hoe":4,"minecraft:oak_planks":59,"minecraft:ghast_tear":2,"spore:cerebrum":7,"minecraft:poisonous_potato":1,"minecraft:sand":406,"minecraft:grass_block":1,"minecraft:acacia_stairs":3,"minecraft:spectral_arrow":3,"minecraft:dark_oak_log":61,"minecraft:diamond":4,"minecraft:cracked_polished_blackstone_bricks":50,"minecraft:granite":14,"minecraft:golden_apple":1,"minecraft:spruce_button":3,"minecraft:emerald":3,"minecraft:bread":117,"minecraft:bricks":6,"spore:spine_fragment":7,"minecraft:oak_sapling":2,"minecraft:netherrack":57,"minecraft:diamond_pickaxe":3,"minecraft:spruce_leaves":2,"minecraft:crafting_table":19,"minecraft:coarse_dirt":56,"cataclysm:stone_tile_stairs":7,"minecraft:leather_leggings":16,"minecraft:golden_pickaxe":1,"minecraft:wooden_pickaxe":5,"minecraft:gold_block":6,"minecraft:shield":11,"biomesoplenty:rose_quartz_shard":8,"minecraft:acacia_door":4,"fear_the_dark:leg_spike":3,"minecraft:iron_shovel":1,"minecraft:blackstone":3,"usefulbackpacks:backpack_small":7,"minecraft:beef":45,"minecraft:spruce_slab":4,"minecraft:sugar_cane":105,"minecraft:raw_iron":106,"minecraft:sandstone":39,"minecraft:stone":3,"minecraft:spruce_fence":26,"minecraft:polished_blackstone_bricks":76,"minecraft:dark_oak_planks":14,"minecraft:stone_shovel":4,"minecraft:arrow":63,"minecraft:shears":1,"minecraft:hay_block":268,"minecraft:brick_stairs":1,"minecraft:gold_ingot":12,"minecraft:mutton":4,"minecraft:white_wool":6,"minecraft:leather":90,"minecraft:oak_log":49,"minecraft:chainmail_chestplate":1,"minecraft:golden_boots":1,"minecraft:gunpowder":1,"minecraft:cobblestone_wall":2,"minecraft:cobblestone_stairs":2,"minecraft:apple":1,"minecraft:iron_ingot":9,"minecraft:stone_pickaxe":15,"spore:mutated_fiber":200,"minecraft:iron_sword":10,"minecraft:acacia_sapling":8,"minecraft:book":24,"minecraft:quartz":8,"minecraft:dripstone_block":22,"minecraft:spruce_sapling":36,"minecraft:spruce_log":247,"minecraft:white_bed":10,"minecraft:spruce_door":8,"minecraft:spider_eye":3,"minecraft:leather_helmet":10,"biomesoplenty:bramble":130,"minecraft:stone_axe":19,"minecraft:diamond_axe":1,"minecraft:baked_potato":25,"minecraft:acacia_slab":11,"minecraft:melon_seeds":21,"minecraft:coal":179,"minecraft:smooth_quartz_slab":2,"minecraft:ender_pearl":5}},"DataVersion":3120}