{"stats":{"minecraft:mined":{"minecraft:white_bed":5,"minecraft:farmland":1,"minecraft:mossy_cobblestone":20,"minecraft:jungle_leaves":1,"minecraft:brewing_stand":1,"gravestone:gravestone":10,"minecraft:granite":2,"minecraft:acacia_log":8,"minecraft:grass_block":38,"minecraft:spruce_fence":1,"minecraft:jungle_planks":2,"minecraft:jungle_log":1,"biomesoplenty:flowering_oak_leaves":2,"minecraft:coal_block":10,"minecraft:oxeye_daisy":1,"minecraft:moss_block":1,"minecraft:hay_block":14,"minecraft:mossy_cobblestone_slab":1,"minecraft:carrots":15,"minecraft:furnace":2,"minecraft:mossy_cobblestone_stairs":1,"minecraft:iron_ore":37,"minecraft:fire":1,"minecraft:andesite":1,"minecraft:moss_carpet":1,"minecraft:potatoes":14,"minecraft:vine":6,"minecraft:dirt_path":13,"minecraft:stone":116,"minecraft:tripwire":4,"minecraft:oak_fence":6,"minecraft:crafting_table":5,"minecraft:melon":16,"minecraft:campfire":4,"minecraft:tall_grass":22,"minecraft:cobblestone":50,"minecraft:oak_planks":24,"minecraft:wall_torch":2,"minecraft:black_wall_banner":2,"minecraft:tnt":4,"minecraft:grass":81,"minecraft:oak_log":39,"minecraft:coal_ore":73,"minecraft:cocoa":1,"minecraft:gravel":6,"minecraft:dirt":56,"minecraft:tripwire_hook":1,"minecraft:stonecutter":1,"minecraft:oak_leaves":11,"spore:remains":1,"minecraft:fern":5},"minecraft:picked_up":{"minecraft:charcoal":8,"minecraft:cocoa_beans":3,"minecraft:crafting_table":5,"minecraft:wheat":2,"minecraft:chicken":3,"gravestone:obituary":6,"minecraft:brewing_stand":1,"minecraft:iron_axe":1,"mutantmonsters:mutant_skeleton_skull":2,"minecraft:string":5,"minecraft:red_bed":1,"minecraft:moss_carpet":1,"minecraft:iron_leggings":1,"minecraft:beef":9,"minecraft:azalea":1,"minecraft:sugar_cane":4,"minecraft:melon_slice":79,"minecraft:coal_block":10,"minecraft:egg":1,"minecraft:furnace":2,"minecraft:stick":2,"minecraft:raw_iron":37,"minecraft:oak_fence":6,"minecraft:torch":2,"minecraft:acacia_log":8,"minecraft:spruce_fence":1,"minecraft:porkchop":8,"minecraft:carrot":51,"minecraft:tnt":4,"minecraft:stone_sword":1,"minecraft:rotten_flesh":10,"minecraft:arrow":20,"minecraft:hay_block":14,"minecraft:black_banner":3,"minecraft:mutton":11,"minecraft:white_wool":5,"minecraft:cobblestone":160,"minecraft:birch_log":1,"minecraft:mossy_cobblestone_slab":1,"minecraft:cooked_beef":2,"minecraft:jungle_log":1,"minecraft:tripwire_hook":1,"minecraft:andesite":4,"minecraft:leather":7,"minecraft:potato":44,"minecraft:flint":1,"minecraft:oak_log":41,"minecraft:gunpowder":2,"minecraft:dirt":102,"minecraft:bone":20,"minecraft:stonecutter":1,"minecraft:wheat_seeds":16,"majruszsdifficulty:tattered_leggings":1,"minecraft:iron_ingot":2,"spore:mutated_fiber":10,"minecraft:moss_block":2,"minecraft:oak_planks":27,"spore:cerebrum":1,"minecraft:dandelion":1,"minecraft:gravel":5,"minecraft:jungle_planks":4,"minecraft:white_bed":6,"minecraft:leather_helmet":2,"minecraft:mossy_cobblestone":20,"minecraft:iron_helmet":1,"minecraft:granite":2,"minecraft:mossy_cobblestone_stairs":1,"minecraft:gray_wool":1,"spore:spine_fragment":2,"minecraft:oak_sapling":2,"minecraft:coal":115},"minecraft:broken":{"minecraft:stone_sword":2,"minecraft:stone_pickaxe":1},"minecraft:used":{"minecraft:oak_fence":13,"minecraft:moss_block":1,"minecraft:moss_carpet":1,"minecraft:stone_sword":295,"minecraft:flint_and_steel":1,"minecraft:shield":33,"minecraft:iron_sword":43,"minecraft:stone_hoe":31,"minecraft:rotten_flesh":19,"minecraft:torch":51,"minecraft:dirt":94,"minecraft:jungle_planks":4,"minecraft:carrot":5,"minecraft:granite":1,"minecraft:iron_helmet":1,"minecraft:bow":14,"minecraft:oak_sapling":1,"minecraft:furnace":4,"minecraft:egg":1,"minecraft:potato":42,"minecraft:cooked_beef":4,"minecraft:iron_leggings":1,"minecraft:cooked_mutton":6,"minecraft:water_bucket":6,"minecraft:stone_pickaxe":133,"minecraft:oak_planks":41,"minecraft:wooden_pickaxe":14,"minecraft:crafting_table":8,"minecraft:red_bed":1,"minecraft:white_bed":6,"minecraft:melon_slice":2,"minecraft:bread":20,"minecraft:iron_pickaxe":176,"minecraft:gravel":5,"minecraft:stone_axe":115,"minecraft:coal_block":2,"minecraft:cobblestone":65,"minecraft:bucket":6,"minecraft:andesite":1,"minecraft:bone_meal":15},"minecraft:dropped":{"minecraft:moss_block":1,"minecraft:wheat_seeds":4,"minecraft:cooked_beef":4,"minecraft:mossy_cobblestone":20,"minecraft:cobblestone":10,"minecraft:granite":1,"minecraft:jungle_planks":2,"minecraft:coal":19,"minecraft:black_banner":3,"minecraft:leather_helmet":3,"minecraft:gray_wool":1,"minecraft:mossy_cobblestone_slab":1,"gravestone:obituary":13,"minecraft:mossy_cobblestone_stairs":1,"majruszsdifficulty:tattered_leggings":1,"minecraft:tripwire_hook":1,"minecraft:white_wool":1,"minecraft:dandelion":1,"minecraft:stone_sword":2,"minecraft:rotten_flesh":14,"minecraft:spruce_fence":1,"minecraft:leather_chestplate":1,"minecraft:andesite":3,"minecraft:oak_sapling":1,"minecraft:azalea":1,"minecraft:wooden_pickaxe":1,"mutantmonsters:mutant_skeleton_skull":1},"minecraft:crafted":{"minecraft:oak_planks":120,"minecraft:coal":9,"minecraft:furnace":2,"minecraft:bone_meal":15,"minecraft:cooked_mutton":6,"minecraft:flint_and_steel":1,"minecraft:bow":1,"minecraft:iron_boots":1,"minecraft:stone_pickaxe":1,"minecraft:stone_hoe":1,"minecraft:oak_fence":15,"minecraft:wheat":126,"minecraft:cooked_beef":6,"minecraft:crafting_table":3,"minecraft:wooden_pickaxe":1,"minecraft:iron_sword":1,"minecraft:bucket":1,"minecraft:birch_planks":4,"minecraft:stone_axe":1,"minecraft:bread":42,"minecraft:air":0,"minecraft:jungle_planks":4,"minecraft:iron_chestplate":1,"minecraft:shield":1,"minecraft:stick":40,"minecraft:iron_ingot":37,"minecraft:iron_pickaxe":1,"minecraft:stone_sword":2,"minecraft:iron_leggings":1,"minecraft:acacia_planks":32,"minecraft:torch":48},"minecraft:killed":{"minecraft:skeleton":18,"minecraft:magma_cube":2,"minecraft:pig":3,"spore:inf_wanderer":1,"minecraft:creeper":1,"spore:inf_pillager":1,"minecraft:sheep":6,"minecraft:zombie":10,"spore:inf_human":4,"minecraft:cow":6},"minecraft:killed_by":{"spore:busser":2,"minecraft:creeper":1,"the_impersonator:the_impersonator":1,"spore:inf_pillager":1,"fear_the_dark:fever_dream":1,"fear_the_dark:daunt":1,"midnightlurker:void_hands":1,"spore:inf_player":1,"minecraft:skeleton":1,"spore:stalker":1},"minecraft:custom":{"minecraft:mob_kills":53,"minecraft:interact_with_crafting_table":19,"minecraft:damage_dealt_resisted":213,"minecraft:leave_game":2,"minecraft:time_since_death":28760,"minecraft:climb_one_cm":39162,"minecraft:sprint_one_cm":458395,"minecraft:walk_one_cm":710965,"minecraft:damage_blocked_by_shield":1855,"minecraft:drop":49,"minecraft:talked_to_villager":75,"minecraft:play_time":199890,"minecraft:deaths":11,"minecraft:sneak_time":11819,"minecraft:walk_under_water_one_cm":4894,"minecraft:jump":2721,"minecraft:walk_on_water_one_cm":14589,"minecraft:total_world_time":199890,"minecraft:interact_with_furnace":25,"minecraft:tune_noteblock":4,"minecraft:sleep_in_bed":17,"minecraft:time_since_rest":12167,"minecraft:damage_taken":4568,"minecraft:damage_dealt":9470,"minecraft:swim_one_cm":25875,"minecraft:fly_one_cm":410598,"minecraft:open_chest":44,"minecraft:crouch_one_cm":29836,"minecraft:fall_one_cm":54902,"minecraft:inspect_dispenser":1}},"DataVersion":3120}