{"stats":{"minecraft:broken":{"minecraft:golden_helmet":1,"minecraft:iron_chestplate":1,"minecraft:stone_pickaxe":1,"minecraft:stone_axe":2,"minecraft:stone_sword":2,"minecraft:shield":3,"minecraft:iron_axe":1,"minecraft:iron_helmet":1},"minecraft:dropped":{"minecraft:iron_sword":2,"minecraft:moss_block":1,"minecraft:diamond_axe":1,"minecraft:cooked_beef":5,"minecraft:oak_log":240,"minecraft:lantern":1,"minecraft:jungle_planks":2,"minecraft:black_banner":3,"minecraft:rail":8,"minecraft:leather_helmet":3,"minecraft:cobblestone_stairs":3,"cataclysm:stone_tile_slab":2,"minecraft:dirt":69,"minecraft:stone_button":32,"minecraft:cornflower":2,"minecraft:dark_oak_trapdoor":5,"gravestone:obituary":89,"minecraft:gold_nugget":2,"majruszsdifficulty:tattered_leggings":1,"minecraft:white_wool":1,"minecraft:oak_door":1,"cataclysm:chiseled_stone_brick_pillar":1,"minecraft:wheat":2,"minecraft:birch_sapling":1,"minecraft:rotten_flesh":26,"minecraft:grindstone":1,"minecraft:oak_planks":9,"minecraft:dark_oak_fence_gate":6,"minecraft:carrot":2,"minecraft:chiseled_stone_bricks":1,"cataclysm:stone_tile_stairs":1,"minecraft:poppy":14,"minecraft:leather_chestplate":2,"minecraft:beetroot_seeds":2,"minecraft:azalea":1,"minecraft:arrow":1,"minecraft:glass":65,"minecraft:scaffolding":1,"spore:armor_fragment":3,"minecraft:water_bucket":1,"minecraft:egg":1,"minecraft:golden_boots":3,"minecraft:stone_hoe":1,"minecraft:bread":2,"minecraft:oak_slab":1,"minecraft:wheat_seeds":134,"minecraft:lilac":4,"minecraft:mossy_cobblestone":20,"minecraft:iron_helmet":1,"minecraft:diamond_leggings":2,"minecraft:poisonous_potato":6,"minecraft:oak_fence":12,"minecraft:cobblestone":14,"minecraft:apple":1,"minecraft:granite":1,"minecraft:coal":19,"minecraft:stick":7,"minecraft:oxeye_daisy":6,"minecraft:lava_bucket":1,"minecraft:gray_wool":1,"minecraft:mossy_cobblestone_slab":1,"minecraft:melon_slice":31,"minecraft:oak_stairs":10,"minecraft:stonecutter":2,"minecraft:mossy_cobblestone_stairs":1,"minecraft:string":1,"spore:claw_fragment":3,"minecraft:tripwire_hook":1,"minecraft:dandelion":6,"minecraft:oak_trapdoor":1,"minecraft:stone_sword":3,"minecraft:stone_shovel":1,"minecraft:clay_ball":8,"spore:mutated_fiber":4,"minecraft:stone_slab":5,"minecraft:white_terracotta":5,"minecraft:spruce_fence":1,"minecraft:glass_pane":2,"minecraft:potato":447,"minecraft:stone":5,"minecraft:shield":2,"minecraft:peony":27,"minecraft:andesite":3,"minecraft:golden_leggings":2,"minecraft:oak_sapling":1,"minecraft:stone_bricks":13,"minecraft:wooden_pickaxe":1,"mutantmonsters:mutant_skeleton_skull":1},"minecraft:crafted":{"minecraft:grindstone":1,"minecraft:oak_planks":2900,"minecraft:cooked_chicken":3,"cataclysm:chiseled_stone_brick_pillar":3,"minecraft:cobblestone_stairs":3,"minecraft:stone":67,"minecraft:cooked_mutton":12,"minecraft:warped_planks":36,"minecraft:glass":107,"minecraft:diamond_helmet":1,"cataclysm:stone_tile_slab":2,"minecraft:diamond_leggings":2,"minecraft:bow":1,"minecraft:iron_boots":1,"spore:fleshy_bone":3,"spore:fleshy_claw":3,"minecraft:chiseled_stone_bricks":1,"minecraft:stone_hoe":1,"minecraft:stone_bricks":1,"minecraft:oak_fence":15,"minecraft:emerald":175,"minecraft:cooked_porkchop":8,"minecraft:crafting_table":5,"minecraft:wooden_pickaxe":1,"minecraft:iron_helmet":2,"minecraft:birch_planks":80,"spore:armads":1,"minecraft:iron_chestplate":2,"minecraft:diamond_pickaxe":1,"minecraft:shield":1,"minecraft:stick":5671,"minecraft:stone_slab":6,"minecraft:iron_ingot":39,"minecraft:iron_pickaxe":1,"minecraft:stone_sword":2,"minecraft:coal":36,"minecraft:furnace":2,"minecraft:bone_meal":348,"minecraft:glass_pane":112,"minecraft:oak_trapdoor":6,"minecraft:flint_and_steel":1,"minecraft:stone_pickaxe":1,"minecraft:diamond_boots":2,"minecraft:golden_helmet":1,"minecraft:wheat":126,"minecraft:cooked_beef":24,"spore:living_core":1,"minecraft:iron_sword":1,"minecraft:bucket":1,"minecraft:stone_axe":1,"minecraft:bread":43,"minecraft:air":0,"minecraft:jungle_planks":4,"minecraft:oak_boat":1,"minecraft:iron_leggings":1,"minecraft:acacia_planks":32,"minecraft:torch":52,"minecraft:diamond_chestplate":1},"minecraft:killed":{"minecraft:spider":2,"spore:leaper":1,"minecraft:skeleton":21,"majruszsdifficulty:creeperling":1,"minecraft:piglin_brute":3,"minecraft:magma_cube":2,"minecraft:piglin":3,"minecraft:pig":3,"spore:inf_player":32,"spore:inf_wanderer":3,"minecraft:creeper":1,"minecraft:sheep":6,"spore:inf_villager":22,"spore:inf_human":28,"minecraft:zombie":20,"minecraft:stray":1,"spore:knight":3,"minecraft:cow":6,"fear_the_dark:fever_dream":1,"majruszsdifficulty:cursed_armor":3,"minecraft:hoglin":1,"spore:inf_pillager":18,"the_impersonator:the_impersonator":2,"spore:slasher":1,"minecraft:enderman":1},"minecraft:used":{"fear_the_dark:leg_spike":118,"minecraft:peony":4,"minecraft:moss_block":1,"minecraft:moss_carpet":1,"minecraft:iron_shovel":313,"minecraft:poppy":2,"minecraft:shield":146,"minecraft:stone":47,"minecraft:iron_sword":224,"minecraft:rotten_flesh":19,"minecraft:jungle_planks":4,"minecraft:carrot":99,"cataclysm:stone_tiles":4,"minecraft:lava_bucket":2,"minecraft:lantern":1,"minecraft:iron_helmet":2,"minecraft:stone_bricks":1,"minecraft:item_frame":3,"minecraft:bow":14,"minecraft:scaffolding":4,"minecraft:furnace":5,"minecraft:oak_sapling":14,"minecraft:egg":1,"minecraft:potato":407,"biomesoplenty:flesh":13,"spore:armads":276,"minecraft:stone_pickaxe":133,"minecraft:oak_planks":183,"minecraft:wooden_pickaxe":14,"minecraft:diamond_axe":1256,"cataclysm:chiseled_stone_brick_pillar":3,"minecraft:bread":75,"minecraft:melon_slice":15,"minecraft:gravel":5,"minecraft:coal_block":2,"minecraft:andesite":1,"minecraft:oak_boat":1,"minecraft:bone_meal":348,"minecraft:oak_trapdoor":5,"minecraft:oak_fence":20,"minecraft:rose_bush":1,"minecraft:stone_sword":319,"minecraft:flint_and_steel":1,"minecraft:stone_hoe":72,"minecraft:cooked_chicken":3,"minecraft:netherrack":29,"minecraft:torch":58,"minecraft:dirt":454,"minecraft:granite":1,"minecraft:oak_fence_gate":1,"minecraft:stone_brick_slab":1,"minecraft:iron_axe":269,"minecraft:minecart":1,"minecraft:cooked_beef":24,"minecraft:iron_leggings":1,"minecraft:cooked_mutton":12,"minecraft:water_bucket":25,"minecraft:cobblestone_stairs":3,"minecraft:stonecutter":2,"minecraft:oak_slab":1,"minecraft:rail":7,"minecraft:red_bed":1,"minecraft:crafting_table":11,"minecraft:white_bed":7,"minecraft:dark_oak_fence_gate":1,"cataclysm:stone_tile_stairs":20,"minecraft:oak_log":82,"minecraft:diamond_pickaxe":355,"minecraft:apple":1,"minecraft:oxeye_daisy":3,"biomesoplenty:porous_flesh":2,"minecraft:iron_pickaxe":195,"minecraft:stone_axe":262,"minecraft:chiseled_stone_bricks":1,"minecraft:cobblestone":133,"minecraft:cooked_porkchop":10,"minecraft:bucket":29,"minecraft:glass_pane":110,"minecraft:stripped_oak_log":3,"minecraft:dandelion":2},"minecraft:custom":{"minecraft:interact_with_crafting_table":60,"minecraft:leave_game":5,"minecraft:time_since_death":6946,"minecraft:sprint_one_cm":1707028,"minecraft:damage_blocked_by_shield":12331,"minecraft:drop":550,"minecraft:talked_to_villager":142,"minecraft:play_time":734928,"minecraft:deaths":59,"minecraft:jump":10084,"minecraft:walk_on_water_one_cm":73192,"minecraft:interact_with_furnace":93,"minecraft:traded_with_villager":182,"minecraft:sleep_in_bed":36,"minecraft:damage_dealt":48469,"minecraft:crouch_one_cm":66326,"minecraft:inspect_dispenser":1,"minecraft:mob_kills":190,"minecraft:damage_dealt_resisted":217,"minecraft:climb_one_cm":48514,"minecraft:walk_one_cm":2576288,"minecraft:sneak_time":28161,"minecraft:walk_under_water_one_cm":38006,"minecraft:total_world_time":734928,"minecraft:tune_noteblock":4,"minecraft:interact_with_stonecutter":7,"minecraft:time_since_rest":7000,"minecraft:damage_taken":23927,"minecraft:swim_one_cm":90059,"minecraft:fly_one_cm":1779066,"minecraft:open_chest":302,"minecraft:fall_one_cm":210471},"minecraft:killed_by":{"midnightlurker:midnight_lurker_backturned":1,"mutantmonsters:mutant_zombie":1,"minecraft:creeper":1,"spore:inf_human":3,"the_impersonator:the_impersonator":1,"spore:inf_pillager":1,"fear_the_dark:fever_dream":13,"midnightlurker:void_hands":1,"man:managgresive":5,"spore:inf_player":8,"spore:inf_villager":3,"spore:braiomil":1,"the_one_who_watches:toww_running":3,"minecraft:player":1,"spore:busser":5,"spore:inf_wanderer":1,"cartoon_dweller:cartoon_dweller":7,"fear_the_dark:daunt":1,"minecraft:skeleton":1,"spore:stalker":1},"minecraft:mined":{"minecraft:white_bed":5,"minecraft:farmland":4,"minecraft:cobblestone_stairs":3,"minecraft:jungle_leaves":1,"minecraft:brewing_stand":1,"biomesoplenty:burning_blossom":23,"minecraft:granite":2,"minecraft:acacia_log":8,"minecraft:stone_brick_wall":20,"minecraft:grass_block":117,"minecraft:jungle_log":1,"biomesoplenty:flowering_oak_leaves":2,"minecraft:coal_block":10,"minecraft:oxeye_daisy":6,"minecraft:chiseled_stone_bricks":1,"minecraft:polished_blackstone_bricks":1,"minecraft:mossy_cobblestone_slab":1,"minecraft:dark_oak_trapdoor":2,"minecraft:mossy_cobblestone_stairs":1,"minecraft:iron_ore":39,"minecraft:fire":16,"minecraft:moss_carpet":1,"minecraft:dirt_path":42,"minecraft:oak_stairs":29,"minecraft:tripwire":4,"minecraft:blackstone":1,"minecraft:torch":1,"spore:growths_big":1,"minecraft:clay":1,"minecraft:poppy":5,"minecraft:melon":16,"minecraft:cobblestone":79,"minecraft:oak_planks":67,"minecraft:wall_torch":5,"minecraft:white_terracotta":5,"minecraft:birch_log":19,"minecraft:wheat":57,"minecraft:lilac":3,"minecraft:tnt":4,"minecraft:warped_fungus":1,"minecraft:grass":183,"minecraft:oak_log":1096,"minecraft:beetroots":3,"minecraft:oak_fence_gate":1,"minecraft:sand":209,"minecraft:dirt":185,"minecraft:tripwire_hook":1,"minecraft:stonecutter":2,"minecraft:netherrack":51,"minecraft:oak_leaves":63,"spore:remains":5,"minecraft:nether_gold_ore":4,"minecraft:mossy_cobblestone":20,"gravestone:gravestone":53,"cataclysm:stone_tile_stairs":6,"minecraft:spruce_fence":22,"minecraft:jungle_planks":2,"cataclysm:chiseled_stone_brick_pillar":1,"biomesoplenty:dead_grass":7,"minecraft:moss_block":1,"minecraft:hay_block":14,"minecraft:oak_trapdoor":18,"minecraft:furnace":3,"minecraft:carrots":51,"minecraft:dark_oak_fence_gate":3,"minecraft:andesite":1,"biomesoplenty:flesh":13,"minecraft:peony":5,"minecraft:potatoes":298,"minecraft:cobblestone_slab":2,"minecraft:vine":10,"minecraft:rail":15,"minecraft:lantern":1,"minecraft:warped_stem":9,"minecraft:stripped_oak_log":9,"minecraft:stone":241,"minecraft:bone_block":8,"minecraft:cake":1,"biomesoplenty:porous_flesh":2,"minecraft:oak_slab":59,"minecraft:redstone_block":1,"minecraft:glass_pane":4,"minecraft:basalt":1,"minecraft:stone_brick_slab":1,"minecraft:dandelion":2,"minecraft:oak_fence":28,"minecraft:cornflower":1,"minecraft:crafting_table":7,"minecraft:rose_bush":1,"minecraft:campfire":4,"minecraft:tall_grass":38,"biomesoplenty:sprout":1,"minecraft:spruce_stairs":1,"minecraft:acacia_fence_gate":1,"minecraft:black_wall_banner":2,"minecraft:coal_ore":74,"minecraft:cocoa":1,"minecraft:gravel":6,"minecraft:stone_bricks":83,"minecraft:fern":12},"minecraft:picked_up":{"spore:mutated_heart":6,"biomesoplenty:burning_blossom":24,"minecraft:wheat":69,"minecraft:redstone_block":1,"minecraft:oak_stairs":48,"minecraft:brewing_stand":1,"spore:innards":1,"minecraft:dark_oak_trapdoor":9,"minecraft:string":6,"mutantmonsters:mutant_skeleton_skull":2,"minecraft:iron_leggings":1,"minecraft:beetroot":1,"minecraft:diamond_leggings":1,"minecraft:gold_nugget":21,"minecraft:bucket":1,"minecraft:acacia_fence_gate":1,"minecraft:rose_bush":1,"minecraft:azalea":1,"minecraft:melon_slice":79,"minecraft:coal_block":10,"minecraft:furnace":3,"minecraft:stick":20,"cataclysm:chiseled_stone_brick_pillar":1,"minecraft:oak_fence":38,"minecraft:torch":6,"minecraft:acacia_log":8,"minecraft:porkchop":14,"minecraft:golden_axe":1,"minecraft:stone_sword":2,"minecraft:rotten_flesh":22,"minecraft:white_terracotta":5,"minecraft:cobblestone":321,"minecraft:birch_log":20,"minecraft:leather_chestplate":1,"minecraft:mossy_cobblestone_slab":1,"minecraft:cooked_beef":3,"minecraft:lilac":4,"minecraft:water_bucket":1,"minecraft:jungle_log":1,"minecraft:andesite":4,"minecraft:golden_leggings":2,"minecraft:potato":1208,"minecraft:flint":1,"minecraft:dirt":340,"minecraft:lantern":5,"minecraft:bone":26,"minecraft:stonecutter":4,"minecraft:wheat_seeds":133,"minecraft:moss_block":2,"minecraft:oak_planks":69,"minecraft:stone_hoe":1,"spore:cerebrum":10,"minecraft:chiseled_polished_blackstone":1,"spore:armor_fragment":21,"minecraft:poisonous_potato":6,"minecraft:sand":208,"minecraft:jungle_planks":4,"minecraft:grass_block":1,"minecraft:mossy_cobblestone":20,"spore:claw_fragment":18,"minecraft:granite":2,"spore:spine_fragment":6,"minecraft:oak_sapling":16,"minecraft:netherrack":43,"minecraft:diamond_pickaxe":1,"minecraft:charcoal":8,"minecraft:cocoa_beans":3,"minecraft:crafting_table":7,"minecraft:chicken":3,"minecraft:clay_ball":8,"cataclysm:stone_tile_stairs":11,"biomesoplenty:flesh":13,"minecraft:stone_brick_wall":26,"gravestone:obituary":44,"spore:sickle_fragment":1,"minecraft:shield":8,"fear_the_dark:leg_spike":1,"minecraft:cornflower":2,"minecraft:oak_trapdoor":39,"minecraft:moss_carpet":1,"minecraft:red_bed":1,"minecraft:iron_axe":1,"minecraft:item_frame":3,"minecraft:iron_shovel":2,"minecraft:blackstone":1,"minecraft:beef":9,"minecraft:poppy":16,"minecraft:minecart":1,"minecraft:sugar_cane":10,"minecraft:birch_sapling":1,"minecraft:egg":2,"minecraft:raw_iron":39,"minecraft:stone":8,"minecraft:oak_door":1,"minecraft:spruce_fence":23,"minecraft:polished_blackstone_bricks":4,"minecraft:stone_button":47,"minecraft:carrot":189,"minecraft:tnt":4,"minecraft:beetroot_seeds":2,"minecraft:stone_shovel":1,"minecraft:arrow":26,"minecraft:peony":31,"minecraft:hay_block":14,"minecraft:black_banner":3,"spore:tendons":3,"minecraft:mutton":11,"minecraft:rail":15,"minecraft:white_wool":10,"minecraft:bone_block":46,"minecraft:oxeye_daisy":9,"minecraft:stripped_oak_log":10,"minecraft:basalt":2,"minecraft:tripwire_hook":1,"minecraft:leather":7,"minecraft:oak_log":1190,"minecraft:golden_boots":2,"minecraft:gunpowder":2,"minecraft:cobblestone_stairs":3,"minecraft:apple":3,"minecraft:stone_bricks":95,"majruszsdifficulty:tattered_leggings":2,"minecraft:warped_stem":9,"minecraft:oak_fence_gate":1,"minecraft:iron_ingot":16,"spore:mutated_fiber":162,"minecraft:iron_sword":1,"minecraft:scaffolding":5,"minecraft:oak_slab":64,"minecraft:warped_fungus":1,"minecraft:chiseled_stone_bricks":1,"minecraft:stone_brick_slab":1,"minecraft:dandelion":8,"minecraft:gravel":5,"biomesoplenty:porous_flesh":2,"minecraft:white_bed":7,"minecraft:dark_oak_fence_gate":9,"minecraft:leather_helmet":2,"minecraft:iron_helmet":1,"minecraft:diamond_axe":3,"minecraft:mossy_cobblestone_stairs":1,"minecraft:gray_wool":1,"minecraft:coal":124}},"DataVersion":3120}