{"stats":{"minecraft:used":{"minecraft:stone_sword":48,"minecraft:stone_pickaxe":115,"minecraft:wooden_pickaxe":49,"minecraft:shield":11,"minecraft:dirt":23,"minecraft:crafting_table":3,"spore:tumor":1,"minecraft:oak_log":1,"minecraft:wooden_axe":16,"minecraft:cobblestone":2,"minecraft:porkchop":1},"minecraft:killed":{"minecraft:pig":1,"spore:inf_pillager":1,"minecraft:skeleton":1},"minecraft:mined":{"minecraft:acacia_leaves":1,"minecraft:crafting_table":2,"gravestone:gravestone":7,"minecraft:acacia_log":8,"minecraft:grass_block":9,"minecraft:tall_grass":7,"minecraft:copper_ore":2,"minecraft:cobblestone":1,"minecraft:sugar_cane":5,"minecraft:diorite":31,"minecraft:grass":18,"minecraft:oak_log":11,"minecraft:coal_ore":19,"minecraft:dirt":14,"minecraft:stone":110,"minecraft:fern":1},"minecraft:killed_by":{"minecraft:player":2,"spore:volatile":3,"spore:inf_human":2,"the_impersonator:the_impersonator":1},"minecraft:crafted":{"minecraft:oak_planks":40,"minecraft:crafting_table":1,"minecraft:wooden_pickaxe":3,"minecraft:shield":1,"minecraft:stick":14,"minecraft:stone_pickaxe":2,"minecraft:wooden_axe":1,"minecraft:stone_sword":2},"minecraft:dropped":{"minecraft:oak_log":2,"minecraft:cobblestone":3,"spore:mutated_fiber":16,"minecraft:acacia_log":4,"minecraft:coal":9,"minecraft:dirt":1,"minecraft:wooden_axe":1,"spore:innards":1,"spore:tumor":1,"gravestone:obituary":9,"spore:mutated_heart":4,"spore:armor_fragment":4,"spore:claw_fragment":7},"minecraft:custom":{"minecraft:interact_with_furnace":3,"minecraft:mob_kills":4,"minecraft:interact_with_crafting_table":6,"minecraft:damage_dealt_resisted":8,"minecraft:leave_game":5,"minecraft:time_since_death":7098,"minecraft:climb_one_cm":36,"minecraft:time_since_rest":8674,"adorn:sit_on_chair":6,"minecraft:sprint_one_cm":244674,"minecraft:damage_taken":2532,"minecraft:walk_one_cm":485310,"minecraft:damage_blocked_by_shield":735,"minecraft:trigger_trapped_chest":11,"minecraft:drop":54,"minecraft:damage_dealt":788,"adorn:sit_on_bench":4,"minecraft:swim_one_cm":8011,"minecraft:fly_one_cm":91018,"minecraft:player_kills":1,"minecraft:crouch_one_cm":9083,"minecraft:play_time":89008,"minecraft:deaths":8,"minecraft:sneak_time":2120,"minecraft:walk_under_water_one_cm":8582,"minecraft:jump":1189,"minecraft:walk_on_water_one_cm":22184,"minecraft:total_world_time":89008,"minecraft:fall_one_cm":27104},"minecraft:picked_up":{"minecraft:crafting_table":2,"spore:mutated_heart":4,"minecraft:coarse_dirt":1,"minecraft:chainmail_boots":1,"gravestone:obituary":3,"minecraft:oak_log":13,"minecraft:chainmail_chestplate":1,"spore:innards":1,"minecraft:dirt":24,"minecraft:string":2,"minecraft:raw_copper":4,"minecraft:bone":2,"minecraft:iron_ingot":1,"spore:mutated_fiber":16,"minecraft:sugar_cane":9,"spore:tumor":2,"spore:armor_fragment":4,"minecraft:torch":1,"minecraft:acacia_log":7,"minecraft:porkchop":1,"minecraft:diorite":31,"spore:claw_fragment":7,"minecraft:arrow":6,"minecraft:coal":34,"minecraft:cobblestone":120}},"DataVersion":3120}